filename,init_locs,seed,type_id,0,1,2,3,4,5,6,7,8
random_1,R1,0,0,0.0,0.9735068503495069,0.982507993353404,0.7911256092201592,0.9521881815425906,0.9192504163282037,0.9819322648685966,0.9970590801415328,0.9738764790234175
random_1,R1,0,1,0.9735068503495069,0.0,0.9974873597250875,0.9676246056792964,0.8652736244859308,0.9752398293714443,0.9401302485421024,0.9945351077655774,0.9200578711079115
random_1,R1,0,2,0.982507993353404,0.9974873597250875,0.0,0.9807685271744296,0.9934242030780995,0.9846541368900971,0.9935895348465719,0.994271467938263,1.0
random_1,R1,0,3,0.7911256092201592,0.9676246056792964,0.9807685271744296,0.0,0.9644763218200793,0.8983760841439311,0.9916365584277554,0.9935834493026467,0.9867317118684135
random_1,R1,0,4,0.9521881815425906,0.8652736244859308,0.9934242030780995,0.9644763218200793,0.0,0.9708520555237806,0.8953596324723205,0.9489711756141316,0.8928869350365533
random_1,R1,0,5,0.9192504163282037,0.9752398293714443,0.9846541368900971,0.8983760841439311,0.9708520555237806,0.0,0.9876196177306018,0.984532263298447,0.9890843470163005
random_1,R1,0,6,0.9819322648685966,0.9401302485421024,0.9935895348465719,0.9916365584277554,0.8953596324723205,0.9876196177306018,0.0,0.9797750962096857,0.774810938853142
random_1,R1,0,7,0.9970590801415328,0.9945351077655774,0.994271467938263,0.9935834493026467,0.9489711756141316,0.984532263298447,0.9797750962096857,0.0,0.989247195396706
random_1,R1,0,8,0.9738764790234175,0.9200578711079115,1.0,0.9867317118684135,0.8928869350365533,0.9890843470163005,0.774810938853142,0.989247195396706,0.0
random_2,R1,1,0,0.0,0.9632356467617246,0.8802968155631796,0.8213735007287842,0.9444684233660803,0.9152899476242841,0.9580875291715455,0.9624393484385941,0.9831582545148907
random_2,R1,1,1,0.9632356467617246,0.0,0.9629967244567571,0.9632570459530764,0.9348703310537144,0.9604462336489298,0.7537397592553832,0.9640245543872961,0.999071952104387
random_2,R1,1,2,0.8802968155631796,0.9629967244567571,0.0,0.9109249084962404,0.9425105674445478,0.9524472937486027,0.9590442416589124,0.9597106993534964,0.9877294010526662
random_2,R1,1,3,0.8213735007287842,0.9632570459530764,0.9109249084962404,0.0,0.9330453295506009,0.8823499417871501,0.9555244983440287,0.9599958021745532,0.996114984710738
random_2,R1,1,4,0.9444684233660803,0.9348703310537144,0.9425105674445478,0.9330453295506009,0.0,0.9178844828613523,0.9087217492292659,0.9592218751792025,0.9958101944240305
random_2,R1,1,5,0.9152899476242841,0.9604462336489298,0.9524472937486027,0.8823499417871501,0.9178844828613523,0.0,0.9585068996104102,0.962422309514267,1.0
random_2,R1,1,6,0.9580875291715455,0.7537397592553832,0.9590442416589124,0.9555244983440287,0.9087217492292659,0.9585068996104102,0.0,0.9598531357942246,0.9992826591694582
random_2,R1,1,7,0.9624393484385941,0.9640245543872961,0.9597106993534964,0.9599958021745532,0.9592218751792025,0.962422309514267,0.9598531357942246,0.0,0.9991761157695506
random_2,R1,1,8,0.9831582545148907,0.999071952104387,0.9877294010526662,0.996114984710738,0.9958101944240305,1.0,0.9992826591694582,0.9991761157695506,0.0
random_3,R1,2,0,0.0,0.9778210547893729,0.9690770737295568,0.8405464755967866,0.9420060124374104,0.936478203701416,0.995185058065483,0.9976218790363772,0.999548869348798
random_3,R1,2,1,0.9778210547893729,0.0,0.9936299119413142,0.9396737707153147,0.8058255919695759,0.981338012538999,0.9130904039439369,0.997289712829043,0.8974815490377149
random_3,R1,2,2,0.9690770737295568,0.9936299119413142,0.0,0.9702049401483085,0.9831852750384621,0.9867559987272665,0.9887067359336428,0.998804323714972,1.0
random_3,R1,2,3,0.8405464755967866,0.9396737707153147,0.9702049401483085,0.0,0.9390132343232055,0.9120965700473628,0.9844850731723566,0.9921232460446263,0.9799648313575128
random_3,R1,2,4,0.9420060124374104,0.8058255919695759,0.9831852750384621,0.9390132343232055,0.0,0.9441621148227507,0.9039994368246125,0.9681802194365018,0.9475530813061344
random_3,R1,2,5,0.936478203701416,0.981338012538999,0.9867559987272665,0.9120965700473628,0.9441621148227507,0.0,0.9596948051139158,0.9929990013369608,0.9894295643916561
random_3,R1,2,6,0.995185058065483,0.9130904039439369,0.9887067359336428,0.9844850731723566,0.9039994368246125,0.9596948051139158,0.0,0.9900325537777358,0.9249313866199873
random_3,R1,2,7,0.9976218790363772,0.997289712829043,0.998804323714972,0.9921232460446263,0.9681802194365018,0.9929990013369608,0.9900325537777358,0.0,0.9868735425359035
random_3,R1,2,8,0.999548869348798,0.8974815490377149,1.0,0.9799648313575128,0.9475530813061344,0.9894295643916561,0.9249313866199873,0.9868735425359035,0.0
random_4,R1,3,0,0.0,0.9864069041054357,0.9904973697488229,0.84169441083109,0.9945907259822097,0.9472880525805712,0.9983322114156973,0.993959178882445,0.9986032341868873
random_4,R1,3,1,0.9864069041054357,0.0,0.9969796205728484,0.9924520215010341,0.7568496197341196,0.9817927667667096,0.9242917350388002,0.9776355873165954,0.9443698223650315
random_4,R1,3,2,0.9904973697488229,0.9969796205728484,0.0,0.9859758746116201,0.9895240964967619,0.98796621124148,0.9988312639891689,0.9904194701589565,0.9999154874417073
random_4,R1,3,3,0.84169441083109,0.9924520215010341,0.9859758746116201,0.0,0.9917613720164136,0.8673494777320451,0.9987235585717046,0.981108034099854,1.0
random_4,R1,3,4,0.9945907259822097,0.7568496197341196,0.9895240964967619,0.9917613720164136,0.0,0.9591079281229801,0.9318965194601965,0.971810284647107,0.9768234319089778
random_4,R1,3,5,0.9472880525805712,0.9817927667667096,0.98796621124148,0.8673494777320451,0.9591079281229801,0.0,0.9949716100324625,0.980363851341247,0.9983237554015228
random_4,R1,3,6,0.9983322114156973,0.9242917350388002,0.9988312639891689,0.9987235585717046,0.9318965194601965,0.9949716100324625,0.0,0.9722757254768195,0.8914541943225829
random_4,R1,3,7,0.993959178882445,0.9776355873165954,0.9904194701589565,0.981108034099854,0.971810284647107,0.980363851341247,0.9722757254768195,0.0,0.9545655986907925
random_4,R1,3,8,0.9986032341868873,0.9443698223650315,0.9999154874417073,1.0,0.9768234319089778,0.9983237554015228,0.8914541943225829,0.9545655986907925,0.0
random_5,R1,4,0,0.0,0.9665342475379908,0.98830659221768,0.7637890087298852,0.9624474969337941,0.9564365875238758,0.9974823121929718,0.9985667601471998,0.9974357863687372
random_5,R1,4,1,0.9665342475379908,0.0,0.9994460441974814,0.9837438629086437,0.8721993487175901,0.9914690201837266,0.9528249273900914,0.9967300123263483,0.9542188959471458
random_5,R1,4,2,0.98830659221768,0.9994460441974814,0.0,0.9837070178516689,0.9930243502943658,0.9875339093327301,0.9958042181056598,0.9856277278292292,0.9963081493670227
random_5,R1,4,3,0.7637890087298852,0.9837438629086437,0.9837070178516689,0.0,0.9700092313995444,0.9092722517075831,0.9994722091886626,0.9890951771135811,1.0
random_5,R1,4,4,0.9624474969337941,0.8721993487175901,0.9930243502943658,0.9700092313995444,0.0,0.9577766866602536,0.9377700054164643,0.9693007288219648,0.9498358207468635
random_5,R1,4,5,0.9564365875238758,0.9914690201837266,0.9875339093327301,0.9092722517075831,0.9577766866602536,0.0,0.9865609396822249,0.989592011637237,0.9928307122877459
random_5,R1,4,6,0.9974823121929718,0.9528249273900914,0.9958042181056598,0.9994722091886626,0.9377700054164643,0.9865609396822249,0.0,0.9841890830245056,0.8272010010375299
random_5,R1,4,7,0.9985667601471998,0.9967300123263483,0.9856277278292292,0.9890951771135811,0.9693007288219648,0.989592011637237,0.9841890830245056,0.0,0.9895720980623504
random_5,R1,4,8,0.9974357863687372,0.9542188959471458,0.9963081493670227,1.0,0.9498358207468635,0.9928307122877459,0.8272010010375299,0.9895720980623504,0.0
random_6,R1,5,0,0.0,0.9955010052154529,0.9557441681900537,0.8069486071029047,0.9871562408893528,0.9207685752246537,0.9923485041522412,0.9925146437272294,0.9987818114219362
random_6,R1,5,1,0.9955010052154529,0.0,0.988709505556348,0.9885932582907396,0.9865431272327869,0.997946159434933,0.9213291001891175,1.0,0.989790454484241
random_6,R1,5,2,0.9557441681900537,0.988709505556348,0.0,0.9679518731130606,0.9800181780757187,0.9832083129606685,0.9850334437657214,0.9919473225186677,0.9977511069458318
random_6,R1,5,3,0.8069486071029047,0.9885932582907396,0.9679518731130606,0.0,0.9981464670959816,0.8984825884841641,0.9986000669040893,0.9891238773949546,0.9998271791750551
random_6,R1,5,4,0.9871562408893528,0.9865431272327869,0.9800181780757187,0.9981464670959816,0.0,0.9515094329818068,0.9386021779187667,0.9691953879826004,0.9191887242670809
random_6,R1,5,5,0.9207685752246537,0.997946159434933,0.9832083129606685,0.8984825884841641,0.9515094329818068,0.0,0.9878155006129841,0.9871095492488545,0.9887542718656024
random_6,R1,5,6,0.9923485041522412,0.9213291001891175,0.9850334437657214,0.9986000669040893,0.9386021779187667,0.9878155006129841,0.0,0.9867872425054047,0.9904999429710016
random_6,R1,5,7,0.9925146437272294,1.0,0.9919473225186677,0.9891238773949546,0.9691953879826004,0.9871095492488545,0.9867872425054047,0.0,0.9874659083818694
random_6,R1,5,8,0.9987818114219362,0.989790454484241,0.9977511069458318,0.9998271791750551,0.9191887242670809,0.9887542718656024,0.9904999429710016,0.9874659083818694,0.0
random_7,R1,6,0,0.0,0.9910892280706676,0.9018395502955678,0.832216584073085,0.9606212286036939,0.8953741828149618,0.9833599626755861,0.9945778381103195,0.9985924423870178
random_7,R1,6,1,0.9910892280706676,0.0,0.9973116858594608,0.9840067758499949,0.9021791309590751,0.9956844814507513,0.9471544570542495,1.0,0.7753667396520206
random_7,R1,6,2,0.9018395502955678,0.9973116858594608,0.0,0.9491513475731883,0.9627155061317093,0.9863097723140062,0.9978097812490927,0.99020478269493,0.9997171022318911
random_7,R1,6,3,0.832216584073085,0.9840067758499949,0.9491513475731883,0.0,0.9763009078627485,0.8770134520947738,0.9848708715888288,0.9905449007000109,0.9952333082389233
random_7,R1,6,4,0.9606212286036939,0.9021791309590751,0.9627155061317093,0.9763009078627485,0.0,0.9582123342532796,0.9180089102470113,0.972132808961093,0.9721527022849595
random_7,R1,6,5,0.8953741828149618,0.9956844814507513,0.9863097723140062,0.8770134520947738,0.9582123342532796,0.0,0.9719936455366003,0.987700637350647,0.9972342773952555
random_7,R1,6,6,0.9833599626755861,0.9471544570542495,0.9978097812490927,0.9848708715888288,0.9180089102470113,0.9719936455366003,0.0,0.9891908701984248,0.9618367440081405
random_7,R1,6,7,0.9945778381103195,1.0,0.99020478269493,0.9905449007000109,0.972132808961093,0.987700637350647,0.9891908701984248,0.0,0.9985620487596437
random_7,R1,6,8,0.9985924423870178,0.7753667396520206,0.9997171022318911,0.9952333082389233,0.9721527022849595,0.9972342773952555,0.9618367440081405,0.9985620487596437,0.0
random_8,R1,7,0,0.0,0.9645799129582497,0.9696398083501319,0.7474174563052097,0.9834417503301985,0.9261667076140421,1.0,0.9962904852553216,0.9989781459961787
random_8,R1,7,1,0.9645799129582497,0.0,0.9953665312425457,0.9789603363455791,0.7558227840722187,0.9785408472210592,0.9576718630274362,0.9878145407345933,0.9331592149257074
random_8,R1,7,2,0.9696398083501319,0.9953665312425457,0.0,0.9620888671059535,0.9764708412998674,0.9658956689364115,0.9994291620955995,0.9829184388226817,0.9991406567710669
random_8,R1,7,3,0.7474174563052097,0.9789603363455791,0.9620888671059535,0.0,0.9848102596332466,0.8763404026970348,0.9990146715681546,0.9857911602005597,0.9989114040056096
random_8,R1,7,4,0.9834417503301985,0.7558227840722187,0.9764708412998674,0.9848102596332466,0.0,0.9601223719576071,0.9097861595464192,0.9586831615721632,0.9089834591938352
random_8,R1,7,5,0.9261667076140421,0.9785408472210592,0.9658956689364115,0.8763404026970348,0.9601223719576071,0.0,0.9902913337665105,0.9793802292119768,0.9931498841427295
random_8,R1,7,6,1.0,0.9576718630274362,0.9994291620955995,0.9990146715681546,0.9097861595464192,0.9902913337665105,0.0,0.9626602745492807,0.8388515195994897
random_8,R1,7,7,0.9962904852553216,0.9878145407345933,0.9829184388226817,0.9857911602005597,0.9586831615721632,0.9793802292119768,0.9626602745492807,0.0,0.975381320174559
random_8,R1,7,8,0.9989781459961787,0.9331592149257074,0.9991406567710669,0.9989114040056096,0.9089834591938352,0.9931498841427295,0.8388515195994897,0.975381320174559,0.0
random_9,R1,8,0,0.0,0.9718528171435229,0.9616329079116251,0.7591630257513698,0.9804983810111368,0.9404165357801992,0.9939936435750809,0.997577656727372,0.9974383615732151
random_9,R1,8,1,0.9718528171435229,0.0,0.9896328670671521,0.9647466528313764,0.7297772563844649,0.9753007577252479,0.9006924291450742,0.9903504567321283,0.9413820064108831
random_9,R1,8,2,0.9616329079116251,0.9896328670671521,0.0,0.9394921746097183,0.990843856345654,0.9528324016287217,0.9983943269862078,0.9810273252613193,1.0
random_9,R1,8,3,0.7591630257513698,0.9647466528313764,0.9394921746097183,0.0,0.972072165494398,0.8777893339259754,0.9945615195427264,0.9872751658744301,0.997243683857336
random_9,R1,8,4,0.9804983810111368,0.7297772563844649,0.990843856345654,0.972072165494398,0.0,0.961387379907892,0.8805073762046338,0.9746839148148607,0.8930357659198727
random_9,R1,8,5,0.9404165357801992,0.9753007577252479,0.9528324016287217,0.8777893339259754,0.961387379907892,0.0,0.9861137446700604,0.9690238375407528,0.9967446435091573
random_9,R1,8,6,0.9939936435750809,0.9006924291450742,0.9983943269862078,0.9945615195427264,0.8805073762046338,0.9861137446700604,0.0,0.984114482675152,0.9324162878371647
random_9,R1,8,7,0.997577656727372,0.9903504567321283,0.9810273252613193,0.9872751658744301,0.9746839148148607,0.9690238375407528,0.984114482675152,0.0,0.9806424482279806
random_9,R1,8,8,0.9974383615732151,0.9413820064108831,1.0,0.997243683857336,0.8930357659198727,0.9967446435091573,0.9324162878371647,0.9806424482279806,0.0
random_10,R1,9,0,0.0,0.9725698840389053,0.962082057378923,0.7769168005577628,0.9813610771825281,0.9338420384741635,0.9989477013244492,0.9950630520831741,0.9968020322884674
random_10,R1,9,1,0.9725698840389053,0.0,0.9958655574963615,0.9358859392013216,0.6510445204065797,0.9650022079166322,0.9248966220952325,0.9810623839572327,0.8665757012157629
random_10,R1,9,2,0.962082057378923,0.9958655574963615,0.0,0.9634628700101701,0.9951242406970733,0.9621477967357717,1.0,0.9848859825797702,0.9982461082360896
random_10,R1,9,3,0.7769168005577628,0.9358859392013216,0.9634628700101701,0.0,0.9630110887750574,0.8711395858021379,0.9954974079557201,0.9834881585366031,0.9939641012779415
random_10,R1,9,4,0.9813610771825281,0.6510445204065797,0.9951242406970733,0.9630110887750574,0.0,0.9612253527080719,0.9597442376541454,0.966727665925443,0.8120381562435551
random_10,R1,9,5,0.9338420384741635,0.9650022079166322,0.9621477967357717,0.8711395858021379,0.9612253527080719,0.0,0.9906578265630895,0.9730117937636805,0.9890877264583802
random_10,R1,9,6,0.9989477013244492,0.9248966220952325,1.0,0.9954974079557201,0.9597442376541454,0.9906578265630895,0.0,0.9769627783435906,0.9419072654217051
random_10,R1,9,7,0.9950630520831741,0.9810623839572327,0.9848859825797702,0.9834881585366031,0.966727665925443,0.9730117937636805,0.9769627783435906,0.0,0.9631359850812069
random_10,R1,9,8,0.9968020322884674,0.8665757012157629,0.9982461082360896,0.9939641012779415,0.8120381562435551,0.9890877264583802,0.9419072654217051,0.9631359850812069,0.0
random_11,R1,10,0,0.0,0.978876418915324,0.9459977425306251,0.7379360865970489,0.9464424748708943,0.9174690126493242,0.9947641132805597,1.0,0.9961257255060402
random_11,R1,10,1,0.978876418915324,0.0,0.991872207357184,0.9834958495768901,0.8296705840679305,0.970392373921005,0.8940538601901811,0.9907101250926861,0.8104291369764617
random_11,R1,10,2,0.9459977425306251,0.991872207357184,0.0,0.951610452999953,0.9726606042168836,0.9729373486364173,0.9888773884660805,0.9902093892660654,0.9928602588903123
random_11,R1,10,3,0.7379360865970489,0.9834958495768901,0.951610452999953,0.0,0.9551591768095292,0.8938036071607627,0.9894556954010316,0.9915154943812196,0.9977817044218885
random_11,R1,10,4,0.9464424748708943,0.8296705840679305,0.9726606042168836,0.9551591768095292,0.0,0.9254928176511208,0.8936123794781097,0.9644709617034312,0.9080428632608001
random_11,R1,10,5,0.9174690126493242,0.970392373921005,0.9729373486364173,0.8938036071607627,0.9254928176511208,0.0,0.9763002833225111,0.9830735562069218,0.9871066659054727
random_11,R1,10,6,0.9947641132805597,0.8940538601901811,0.9888773884660805,0.9894556954010316,0.8936123794781097,0.9763002833225111,0.0,0.9788270154155578,0.8327769886794316
random_11,R1,10,7,1.0,0.9907101250926861,0.9902093892660654,0.9915154943812196,0.9644709617034312,0.9830735562069218,0.9788270154155578,0.0,0.9766903351880813
random_11,R1,10,8,0.9961257255060402,0.8104291369764617,0.9928602588903123,0.9977817044218885,0.9080428632608001,0.9871066659054727,0.8327769886794316,0.9766903351880813,0.0
random_12,R1,11,0,0.0,0.9890323303394739,0.9159391806645197,0.8139527062178452,0.9487279401030732,0.951460108216151,0.9908978882052027,1.0,0.9956041833027249
random_12,R1,11,1,0.9890323303394739,0.0,0.9868487848494372,0.9977253693436205,0.8975321159868193,0.9960359181978811,0.9069902044062758,0.999355592590635,0.7892755859366757
random_12,R1,11,2,0.9159391806645197,0.9868487848494372,0.0,0.9436985625706308,0.9600148639191862,0.9851290501363326,0.9961469251148624,0.9908398815738771,0.9974090246493881
random_12,R1,11,3,0.8139527062178452,0.9977253693436205,0.9436985625706308,0.0,0.981767917092574,0.9207690488053807,0.995735212473371,0.9969600702594285,0.9999071661660938
random_12,R1,11,4,0.9487279401030732,0.8975321159868193,0.9600148639191862,0.981767917092574,0.0,0.9583642919439558,0.9209443033416208,0.9820311852937651,0.913780656291208
random_12,R1,11,5,0.951460108216151,0.9960359181978811,0.9851290501363326,0.9207690488053807,0.9583642919439558,0.0,0.9875581253593974,0.9925489978059233,0.9901925342370816
random_12,R1,11,6,0.9908978882052027,0.9069902044062758,0.9961469251148624,0.995735212473371,0.9209443033416208,0.9875581253593974,0.0,0.991458866747293,0.8668663155202984
random_12,R1,11,7,1.0,0.999355592590635,0.9908398815738771,0.9969600702594285,0.9820311852937651,0.9925489978059233,0.991458866747293,0.0,0.9963826445574554
random_12,R1,11,8,0.9956041833027249,0.7892755859366757,0.9974090246493881,0.9999071661660938,0.913780656291208,0.9901925342370816,0.8668663155202984,0.9963826445574554,0.0
random_13,R1,12,0,0.0,0.9658400730977067,0.9659572550418549,0.8012628037018278,0.9540826781067806,0.9121096060127055,0.9966323251940489,0.9987762981106829,0.9956584867509702
random_13,R1,12,1,0.9658400730977067,0.0,0.9955882959246859,0.9705498191045954,0.8522794730029106,0.968355407847928,0.8838624351556571,0.9925840810787052,0.897023864945341
random_13,R1,12,2,0.9659572550418549,0.9955882959246859,0.0,0.9592135463171888,0.9911130392775761,0.9748236191059689,0.9975543472020547,0.995186508519913,1.0
random_13,R1,12,3,0.8012628037018278,0.9705498191045954,0.9592135463171888,0.0,0.9535124291033983,0.8694504489607688,0.9967824536280313,0.9912538581754664,0.9978931079912732
random_13,R1,12,4,0.9540826781067806,0.8522794730029106,0.9911130392775761,0.9535124291033983,0.0,0.9259833072006485,0.91730411286772,0.9622781651622963,0.9443509705975703
random_13,R1,12,5,0.9121096060127055,0.968355407847928,0.9748236191059689,0.8694504489607688,0.9259833072006485,0.0,0.9840450800205044,0.9815164798972373,0.9829389877883971
random_13,R1,12,6,0.9966323251940489,0.8838624351556571,0.9975543472020547,0.9967824536280313,0.91730411286772,0.9840450800205044,0.0,0.9690142118181037,0.7860679389595104
random_13,R1,12,7,0.9987762981106829,0.9925840810787052,0.995186508519913,0.9912538581754664,0.9622781651622963,0.9815164798972373,0.9690142118181037,0.0,0.9766809452989936
random_13,R1,12,8,0.9956584867509702,0.897023864945341,1.0,0.9978931079912732,0.9443509705975703,0.9829389877883971,0.7860679389595104,0.9766809452989936,0.0
random_14,R1,13,0,0.0,0.9808157650351225,0.9573250814430398,0.8141484584514028,0.9582442221896573,0.9135447342848522,1.0,0.9987160365204727,0.9989219361043388
random_14,R1,13,1,0.9808157650351225,0.0,0.995060075476199,0.9497648795248779,0.749942233268621,0.9500127313052651,0.9308332410269571,0.9853334553962811,0.8706484454096022
random_14,R1,13,2,0.9573250814430398,0.995060075476199,0.0,0.9556718991912023,0.9895892062565654,0.9686089184295352,0.9976455685734686,0.9855519998126228,0.9994091803786305
random_14,R1,13,3,0.8141484584514028,0.9497648795248779,0.9556718991912023,0.0,0.9674220652330594,0.8703481844324046,0.9977761936655558,0.9951068821879835,0.9935477935932521
random_14,R1,13,4,0.9582442221896573,0.749942233268621,0.9895892062565654,0.9674220652330594,0.0,0.9178328706908268,0.9234933406131252,0.9680482925178239,0.9208293920065457
random_14,R1,13,5,0.9135447342848522,0.9500127313052651,0.9686089184295352,0.8703481844324046,0.9178328706908268,0.0,0.9827424791157314,0.9788824065845857,0.9688433218194308
random_14,R1,13,6,1.0,0.9308332410269571,0.9976455685734686,0.9977761936655558,0.9234933406131252,0.9827424791157314,0.0,0.9830499157500735,0.8920900820110237
random_14,R1,13,7,0.9987160365204727,0.9853334553962811,0.9855519998126228,0.9951068821879835,0.9680482925178239,0.9788824065845857,0.9830499157500735,0.0,0.9846884747822985
random_14,R1,13,8,0.9989219361043388,0.8706484454096022,0.9994091803786305,0.9935477935932521,0.9208293920065457,0.9688433218194308,0.8920900820110237,0.9846884747822985,0.0
random_15,R1,14,0,0.0,0.9880897810535889,0.9703017165017109,0.7663985533274263,0.9957554053874944,0.9095345609911624,0.9978382038098771,0.9873359271064166,0.9988981063204372
random_15,R1,14,1,0.9880897810535889,0.0,0.9938247116244884,0.9883790688623849,0.7417550656804364,0.9769726796536439,0.8717300371136633,0.97888183582145,0.9527753538869744
random_15,R1,14,2,0.9703017165017109,0.9938247116244884,0.0,0.9592028060536922,0.9927802632957244,0.9720515167737697,0.9967682849852858,0.9667846327231405,0.9995196838395849
random_15,R1,14,3,0.7663985533274263,0.9883790688623849,0.9592028060536922,0.0,0.9943776474394574,0.863563978853186,0.9976723887077901,0.9636075524255586,1.0
random_15,R1,14,4,0.9957554053874944,0.7417550656804364,0.9927802632957244,0.9943776474394574,0.0,0.9739820585160763,0.8964197472156444,0.9580863841957586,0.938691471920744
random_15,R1,14,5,0.9095345609911624,0.9769726796536439,0.9720515167737697,0.863563978853186,0.9739820585160763,0.0,0.994122813323925,0.9616658731907552,0.999199713428565
random_15,R1,14,6,0.9978382038098771,0.8717300371136633,0.9967682849852858,0.9976723887077901,0.8964197472156444,0.994122813323925,0.0,0.9724332838317904,0.9745678765850382
random_15,R1,14,7,0.9873359271064166,0.97888183582145,0.9667846327231405,0.9636075524255586,0.9580863841957586,0.9616658731907552,0.9724332838317904,0.0,0.9903144694421796
random_15,R1,14,8,0.9988981063204372,0.9527753538869744,0.9995196838395849,1.0,0.938691471920744,0.999199713428565,0.9745678765850382,0.9903144694421796,0.0
random_16,R1,15,0,0.0,0.9965098116629081,0.9468789220379122,0.7981292065639152,0.9874380138333216,0.9246669815163014,0.9918520562165862,0.996694597734613,0.9913194871120813
random_16,R1,15,1,0.9965098116629081,0.0,0.9945923210994423,0.9927664429217246,0.9661896554286437,0.9986511888063397,0.8413876507126804,0.9988327259857979,1.0
random_16,R1,15,2,0.9468789220379122,0.9945923210994423,0.0,0.9498568533338648,0.9799086004905878,0.9851180247294679,0.9963980815837707,0.9885831778990833,0.9997798866806433
random_16,R1,15,3,0.7981292065639152,0.9927664429217246,0.9498568533338648,0.0,0.9972793210999084,0.915193212699847,0.9982990273084982,0.9805669198647288,0.9972251086250506
random_16,R1,15,4,0.9874380138333216,0.9661896554286437,0.9799086004905878,0.9972793210999084,0.0,0.9774082384690992,0.9161138773626565,0.9748159616186187,0.9438002749849633
random_16,R1,15,5,0.9246669815163014,0.9986511888063397,0.9851180247294679,0.915193212699847,0.9774082384690992,0.0,0.9957347681445199,0.9931344118172086,0.9966630041904433
random_16,R1,15,6,0.9918520562165862,0.8413876507126804,0.9963980815837707,0.9982990273084982,0.9161138773626565,0.9957347681445199,0.0,0.9905287828855925,0.9785422337026497
random_16,R1,15,7,0.996694597734613,0.9988327259857979,0.9885831778990833,0.9805669198647288,0.9748159616186187,0.9931344118172086,0.9905287828855925,0.0,0.9914064032336525
random_16,R1,15,8,0.9913194871120813,1.0,0.9997798866806433,0.9972251086250506,0.9438002749849633,0.9966630041904433,0.9785422337026497,0.9914064032336525,0.0
random_17,R1,16,0,0.0,0.9821576931286476,0.9635064365205468,0.8205834932616421,0.9901946500880117,0.8985916945868572,0.9969880049384753,0.9842747198225552,0.9979571847422221
random_17,R1,16,1,0.9821576931286476,0.0,0.9877561221352745,0.9875399882053738,0.7919385095259291,0.9856440586231284,0.8840436929826617,0.971128835580761,0.9145017628170464
random_17,R1,16,2,0.9635064365205468,0.9877561221352745,0.0,0.9441802819916247,0.9825844545138848,0.9583224500056458,0.9989790513084503,0.9745785424956201,0.9991804576833053
random_17,R1,16,3,0.8205834932616421,0.9875399882053738,0.9441802819916247,0.0,0.9932657912004016,0.8480679317991064,0.9994029903055472,0.9533518049750892,1.0
random_17,R1,16,4,0.9901946500880117,0.7919385095259291,0.9825844545138848,0.9932657912004016,0.0,0.9718573933423265,0.8972117126732058,0.9428557555841084,0.9213074114142267
random_17,R1,16,5,0.8985916945868572,0.9856440586231284,0.9583224500056458,0.8480679317991064,0.9718573933423265,0.0,0.9964886931312675,0.9609830155579651,0.9968597277115201
random_17,R1,16,6,0.9969880049384753,0.8840436929826617,0.9989790513084503,0.9994029903055472,0.8972117126732058,0.9964886931312675,0.0,0.9608393322070943,0.8357413069022042
random_17,R1,16,7,0.9842747198225552,0.971128835580761,0.9745785424956201,0.9533518049750892,0.9428557555841084,0.9609830155579651,0.9608393322070943,0.0,0.9703090016056068
random_17,R1,16,8,0.9979571847422221,0.9145017628170464,0.9991804576833053,1.0,0.9213074114142267,0.9968597277115201,0.8357413069022042,0.9703090016056068,0.0
random_18,R1,17,0,0.0,0.9799806823974193,0.9652530522298913,0.7816575605056535,0.94286038657587,0.9156473469599749,0.9937195047499163,0.9947975102299752,0.999656039080669
random_18,R1,17,1,0.9799806823974193,0.0,0.9858510495102101,0.9756341682885482,0.7761463382319603,0.978941792161935,0.9397082426404505,0.9823515036656966,0.9490452367526461
random_18,R1,17,2,0.9652530522298913,0.9858510495102101,0.0,0.9702543212418447,0.9772000064510512,0.9715601699838665,0.9918261844431872,0.9867744196710878,0.9975940768191722
random_18,R1,17,3,0.7816575605056535,0.9756341682885482,0.9702543212418447,0.0,0.9726622497978258,0.8652799380374888,0.9990450570833732,0.9822053269018034,1.0
random_18,R1,17,4,0.94286038657587,0.7761463382319603,0.9772000064510512,0.9726622497978258,0.0,0.9531879844143248,0.9210307347171953,0.948168969794703,0.9488517114021024
random_18,R1,17,5,0.9156473469599749,0.978941792161935,0.9715601699838665,0.8652799380374888,0.9531879844143248,0.0,0.9958009607510208,0.9791522734273775,0.9972148433362891
random_18,R1,17,6,0.9937195047499163,0.9397082426404505,0.9918261844431872,0.9990450570833732,0.9210307347171953,0.9958009607510208,0.0,0.9741520582962983,0.8769355935060111
random_18,R1,17,7,0.9947975102299752,0.9823515036656966,0.9867744196710878,0.9822053269018034,0.948168969794703,0.9791522734273775,0.9741520582962983,0.0,0.9776718039585267
random_18,R1,17,8,0.999656039080669,0.9490452367526461,0.9975940768191722,1.0,0.9488517114021024,0.9972148433362891,0.8769355935060111,0.9776718039585267,0.0
random_19,R1,18,0,0.0,0.9974424117230937,0.9820585989631903,0.8407685396592229,0.9514876297977606,0.8955789363932425,0.9758917790038399,0.9885712586666411,0.9951826935039497
random_19,R1,18,1,0.9974424117230937,0.0,1.0,0.9993587546241409,0.9732213636284351,0.9883666288616941,0.9512383792093921,0.9988794669804831,0.9031765896248453
random_19,R1,18,2,0.9820585989631903,1.0,0.0,0.9752433364185564,0.9823522423502323,0.9799407146127914,0.9942348333342896,0.9861193822495816,0.9934595588861517
random_19,R1,18,3,0.8407685396592229,0.9993587546241409,0.9752433364185564,0.0,0.9592429618795224,0.9043619217848304,0.9738681181440286,0.9865806969324038,0.99807648699968
random_19,R1,18,4,0.9514876297977606,0.9732213636284351,0.9823522423502323,0.9592429618795224,0.0,0.9399689137974013,0.9512129343560759,0.9628719860011937,0.942713283835385
random_19,R1,18,5,0.8955789363932425,0.9883666288616941,0.9799407146127914,0.9043619217848304,0.9399689137974013,0.0,0.9786249174391966,0.9688655072595262,0.9928515295101646
random_19,R1,18,6,0.9758917790038399,0.9512383792093921,0.9942348333342896,0.9738681181440286,0.9512129343560759,0.9786249174391966,0.0,0.9787272234993402,0.9462286358328585
random_19,R1,18,7,0.9885712586666411,0.9988794669804831,0.9861193822495816,0.9865806969324038,0.9628719860011937,0.9688655072595262,0.9787272234993402,0.0,0.9879844385433022
random_19,R1,18,8,0.9951826935039497,0.9031765896248453,0.9934595588861517,0.99807648699968,0.942713283835385,0.9928515295101646,0.9462286358328585,0.9879844385433022,0.0
random_20,R1,19,0,0.0,0.9965039566567588,0.9240510528969963,0.9025959390987264,0.9849784693978904,0.9388718852326545,0.9973008275286804,0.9970656917149414,0.0
random_20,R1,19,1,0.9965039566567588,0.0,0.9870163129555621,0.9962705999087048,0.9162138356746569,0.9962805999419928,0.9973105149071101,1.0,0.0
random_20,R1,19,2,0.9240510528969963,0.9870163129555621,0.0,0.950579318405692,0.9867347345059331,0.9875117543090157,0.9977134939992045,0.9961137441723829,0.0
random_20,R1,19,3,0.9025959390987264,0.9962705999087048,0.950579318405692,0.0,0.9899850919103416,0.8736693892649613,0.9984613739979226,0.9935699706928041,0.0
random_20,R1,19,4,0.9849784693978904,0.9162138356746569,0.9867347345059331,0.9899850919103416,0.0,0.9925758279421889,0.9961922277343234,0.9987468474629269,0.0
random_20,R1,19,5,0.9388718852326545,0.9962805999419928,0.9875117543090157,0.8736693892649613,0.9925758279421889,0.0,0.9982938683241641,0.9945097618503065,0.0
random_20,R1,19,6,0.9973008275286804,0.9973105149071101,0.9977134939992045,0.9984613739979226,0.9961922277343234,0.9982938683241641,0.0,0.9910262935498174,0.0
random_20,R1,19,7,0.9970656917149414,1.0,0.9961137441723829,0.9935699706928041,0.9987468474629269,0.9945097618503065,0.9910262935498174,0.0,0.0
random_20,R1,19,8,0.0,0.0,0.0,0.0,0.0,0.0,0.0,0.0,0.0
clustered_1,C1,0,0,0.0,0.9874709927390082,0.967176253613334,0.8845129116093131,0.9348187395506391,0.8527784559590521,0.951313547331198,1.0,0.9990829160018134
clustered_1,C1,0,1,0.9874709927390082,0.0,0.9867782281134204,0.9917066967307319,0.9316848308699026,0.971889648699621,0.8706540975653443,0.9982020236065359,0.8134511310107513
clustered_1,C1,0,2,0.967176253613334,0.9867782281134204,0.0,0.943134377791098,0.9796114981432738,0.9780040906318389,0.990811311840224,0.9875695455760813,0.9938962608300793
clustered_1,C1,0,3,0.8845129116093131,0.9917066967307319,0.943134377791098,0.0,0.9801558541172127,0.9167444177759562,0.9764060743194461,0.9836282260336947,0.987003952665553
clustered_1,C1,0,4,0.9348187395506391,0.9316848308699026,0.9796114981432738,0.9801558541172127,0.0,0.9764060825564379,0.9334547175627629,0.9708552749986822,0.9574432994722336
clustered_1,C1,0,5,0.8527784559590521,0.971889648699621,0.9780040906318389,0.9167444177759562,0.9764060825564379,0.0,0.965661851242299,0.9885484098229192,0.9912514122157404
clustered_1,C1,0,6,0.951313547331198,0.8706540975653443,0.990811311840224,0.9764060743194461,0.9334547175627629,0.965661851242299,0.0,0.9937074494835654,0.8496028172060965
clustered_1,C1,0,7,1.0,0.9982020236065359,0.9875695455760813,0.9836282260336947,0.9708552749986822,0.9885484098229192,0.9937074494835654,0.0,0.9838582497978798
clustered_1,C1,0,8,0.9990829160018134,0.8134511310107513,0.9938962608300793,0.987003952665553,0.9574432994722336,0.9912514122157404,0.8496028172060965,0.9838582497978798,0.0
clustered_2,C1,1,0,0.0,0.9837098122045196,0.9679222043240956,0.8309576150855512,0.8958581517275238,0.8099172334133873,0.9606529913862475,0.9941395744947238,1.0
clustered_2,C1,1,1,0.9837098122045196,0.0,0.9834535798904757,0.9781967871078905,0.8687643399113127,0.9769117531369436,0.8496430340605303,0.9947728164808146,0.8933162203209767
clustered_2,C1,1,2,0.9679222043240956,0.9834535798904757,0.0,0.9294803237775725,0.9776713879351651,0.9725688388346272,0.9893494338926401,0.9824469126321067,0.9986308364357137
clustered_2,C1,1,3,0.8309576150855512,0.9781967871078905,0.9294803237775725,0.0,0.9623065404059689,0.9012875038419357,0.9868735145362857,0.9840018241337263,0.997217023965688
clustered_2,C1,1,4,0.8958581517275238,0.8687643399113127,0.9776713879351651,0.9623065404059689,0.0,0.9427278913607339,0.9031982102102111,0.9732497867994384,0.9572711777338085
clustered_2,C1,1,5,0.8099172334133873,0.9769117531369436,0.9725688388346272,0.9012875038419357,0.9427278913607339,0.0,0.9664349358766001,0.9904462528488982,0.9915777688230885
clustered_2,C1,1,6,0.9606529913862475,0.8496430340605303,0.9893494338926401,0.9868735145362857,0.9031982102102111,0.9664349358766001,0.0,0.9953222101937964,0.8056380172217575
clustered_2,C1,1,7,0.9941395744947238,0.9947728164808146,0.9824469126321067,0.9840018241337263,0.9732497867994384,0.9904462528488982,0.9953222101937964,0.0,0.9935803686353155
clustered_2,C1,1,8,1.0,0.8933162203209767,0.9986308364357137,0.997217023965688,0.9572711777338085,0.9915777688230885,0.8056380172217575,0.9935803686353155,0.0
clustered_3,C1,2,0,0.0,0.9940027031407984,0.9575340872206191,0.8152296404648763,0.9952345753711728,0.8363403331149892,0.9884860173198502,0.9888305445768187,0.9956533239502405
clustered_3,C1,2,1,0.9940027031407984,0.0,0.9930706600646104,0.9941121909447851,1.0,0.9958784493265317,0.6312267216007382,0.9965375418769923,0.7315372922365785
clustered_3,C1,2,2,0.9575340872206191,0.9930706600646104,0.0,0.9165703513073861,0.9995270794109155,0.9709695747769068,0.9922163290344378,0.9773151841086815,0.9974002607380614
clustered_3,C1,2,3,0.8152296404648763,0.9941121909447851,0.9165703513073861,0.0,0.9984807882273883,0.8776587863827238,0.9922958102191811,0.9609053807741618,0.9972559723083442
clustered_3,C1,2,4,0.9952345753711728,1.0,0.9995270794109155,0.9984807882273883,0.0,0.9975778545977687,0.9963958451494686,0.9794382714628245,0.9876115367005391
clustered_3,C1,2,5,0.8363403331149892,0.9958784493265317,0.9709695747769068,0.8776587863827238,0.9975778545977687,0.0,0.990695572716189,0.9714863016588531,0.9974261835413613
clustered_3,C1,2,6,0.9884860173198502,0.6312267216007382,0.9922163290344378,0.9922958102191811,0.9963958451494686,0.990695572716189,0.0,0.9895230180714534,0.827844257405868
clustered_3,C1,2,7,0.9888305445768187,0.9965375418769923,0.9773151841086815,0.9609053807741618,0.9794382714628245,0.9714863016588531,0.9895230180714534,0.0,0.9974427368303722
clustered_3,C1,2,8,0.9956533239502405,0.7315372922365785,0.9974002607380614,0.9972559723083442,0.9876115367005391,0.9974261835413613,0.827844257405868,0.9974427368303722,0.0
clustered_4,C1,3,0,0.0,0.9988490758894462,0.9624648775713148,0.8686183010956184,0.9685608040987788,0.803663526803218,0.9227030129757601,0.9882423266437403,0.9937657455897028
clustered_4,C1,3,1,0.9988490758894462,0.0,0.9974706125660666,0.9964320267640224,0.8613369355456834,0.9922587011037433,0.8731298564017518,0.9945009062036537,0.860115004924587
clustered_4,C1,3,2,0.9624648775713148,0.9974706125660666,0.0,0.9435033026719352,0.9845373339983076,0.9798485967584922,0.9876128212628161,0.9805757803957221,1.0
clustered_4,C1,3,3,0.8686183010956184,0.9964320267640224,0.9435033026719352,0.0,0.9670531947533476,0.8678259437023047,0.9627752992442483,0.9725547268377461,0.9895485889531571
clustered_4,C1,3,4,0.9685608040987788,0.8613369355456834,0.9845373339983076,0.9670531947533476,0.0,0.9672273879287745,0.8493312004811486,0.9788610943565776,0.9609417042303111
clustered_4,C1,3,5,0.803663526803218,0.9922587011037433,0.9798485967584922,0.8678259437023047,0.9672273879287745,0.0,0.9517188650373068,0.9772924943220219,0.9898049711045036
clustered_4,C1,3,6,0.9227030129757601,0.8731298564017518,0.9876128212628161,0.9627752992442483,0.8493312004811486,0.9517188650373068,0.0,0.9862794339815094,0.9679247019299612
clustered_4,C1,3,7,0.9882423266437403,0.9945009062036537,0.9805757803957221,0.9725547268377461,0.9788610943565776,0.9772924943220219,0.9862794339815094,0.0,0.979359766196161
clustered_4,C1,3,8,0.9937657455897028,0.860115004924587,1.0,0.9895485889531571,0.9609417042303111,0.9898049711045036,0.9679247019299612,0.979359766196161,0.0
clustered_5,C1,4,0,0.0,0.9886620419870976,0.95781006417079,0.7949217171242051,0.9876043452076828,0.8383614541212079,0.9868231531371476,0.9915661222091724,0.9943999944644228
clustered_5,C1,4,1,0.9886620419870976,0.0,0.9972401666995255,0.9997747816096518,0.971921528714483,0.9972126518629956,0.8801448947340028,0.9917506220584809,0.9146312218470447
clustered_5,C1,4,2,0.95781006417079,0.9972401666995255,0.0,0.9511959794070656,0.9857513866526291,0.9758046209829505,0.992066409119732,0.9742024067419536,1.0
clustered_5,C1,4,3,0.7949217171242051,0.9997747816096518,0.9511959794070656,0.0,0.9934876489827609,0.85731561802865,0.9822371299324666,0.9776469517676453,0.9921912625110857
clustered_5,C1,4,4,0.9876043452076828,0.971921528714483,0.9857513866526291,0.9934876489827609,0.0,0.9934579872617544,0.9303500329727251,0.9909099805678626,0.9027301777980954
clustered_5,C1,4,5,0.8383614541212079,0.9972126518629956,0.9758046209829505,0.85731561802865,0.9934579872617544,0.0,0.9896464487622616,0.9828398460355219,0.9973633898040146
clustered_5,C1,4,6,0.9868231531371476,0.8801448947340028,0.992066409119732,0.9822371299324666,0.9303500329727251,0.9896464487622616,0.0,0.9939226957307626,0.8636627341928509
clustered_5,C1,4,7,0.9915661222091724,0.9917506220584809,0.9742024067419536,0.9776469517676453,0.9909099805678626,0.9828398460355219,0.9939226957307626,0.0,0.996193970011536
clustered_5,C1,4,8,0.9943999944644228,0.9146312218470447,1.0,0.9921912625110857,0.9027301777980954,0.9973633898040146,0.8636627341928509,0.996193970011536,0.0
clustered_6,C1,5,0,0.0,0.9967674331734776,0.9656957682023336,0.8572869239690574,0.9333384577155311,0.8632221669763374,0.9457303504766281,0.9891582154685324,0.9868822527214125
clustered_6,C1,5,1,0.9967674331734776,0.0,0.9980031790720162,0.989001421627175,0.9716314116892676,0.9897052358709025,0.8402501971781899,1.0,0.9150235085696188
clustered_6,C1,5,2,0.9656957682023336,0.9980031790720162,0.0,0.9410391641000253,0.9376781786852305,0.9750290622645292,0.9615407831461131,0.9820527791328131,0.956366256592277
clustered_6,C1,5,3,0.8572869239690574,0.989001421627175,0.9410391641000253,0.0,0.9829181303553423,0.8703375654271617,0.9641771811230786,0.9754024059321403,0.9744802882836378
clustered_6,C1,5,4,0.9333384577155311,0.9716314116892676,0.9376781786852305,0.9829181303553423,0.0,0.9688805333695425,0.9048736642485689,0.9781697298250693,0.8916144331803278
clustered_6,C1,5,5,0.8632221669763374,0.9897052358709025,0.9750290622645292,0.8703375654271617,0.9688805333695425,0.0,0.9628402298979335,0.9863058709670073,0.9883260617394686
clustered_6,C1,5,6,0.9457303504766281,0.8402501971781899,0.9615407831461131,0.9641771811230786,0.9048736642485689,0.9628402298979335,0.0,0.9858337997494172,0.8925999003007301
clustered_6,C1,5,7,0.9891582154685324,1.0,0.9820527791328131,0.9754024059321403,0.9781697298250693,0.9863058709670073,0.9858337997494172,0.0,0.9860513930982271
clustered_6,C1,5,8,0.9868822527214125,0.9150235085696188,0.956366256592277,0.9744802882836378,0.8916144331803278,0.9883260617394686,0.8925999003007301,0.9860513930982271,0.0
clustered_7,C1,6,0,0.0,0.0,0.9128009553276891,0.8395344714338658,0.994210575885973,0.7768329279717312,0.9813136726768952,0.992614799481916,0.9974207964794293
clustered_7,C1,6,1,0.0,0.0,0.0,0.0,0.0,0.0,0.0,0.0,0.0
clustered_7,C1,6,2,0.9128009553276891,0.0,0.0,0.9154826405988641,0.9971486626000492,0.9675892473792682,0.993555079391702,0.9805584672559329,0.9996695480783029
clustered_7,C1,6,3,0.8395344714338658,0.0,0.9154826405988641,0.0,0.9975938922971674,0.8629816026413214,0.9917507017846109,0.972881062251784,1.0
clustered_7,C1,6,4,0.994210575885973,0.0,0.9971486626000492,0.9975938922971674,0.0,0.9975325914366456,0.9789575073152782,0.9939290036078643,0.9925650978698601
clustered_7,C1,6,5,0.7768329279717312,0.0,0.9675892473792682,0.8629816026413214,0.9975325914366456,0.0,0.9922311654181907,0.9806010124396662,0.9996371661360637
clustered_7,C1,6,6,0.9813136726768952,0.0,0.993555079391702,0.9917507017846109,0.9789575073152782,0.9922311654181907,0.0,0.9917841368610633,0.9562256199010454
clustered_7,C1,6,7,0.992614799481916,0.0,0.9805584672559329,0.972881062251784,0.9939290036078643,0.9806010124396662,0.9917841368610633,0.0,0.9992553805126492
clustered_7,C1,6,8,0.9974207964794293,0.0,0.9996695480783029,1.0,0.9925650978698601,0.9996371661360637,0.9562256199010454,0.9992553805126492,0.0
clustered_8,C1,7,0,0.0,0.9922017197178904,0.9751049360207232,0.8125178735321845,0.9970579564951292,0.8399431431344206,0.9812848484909663,0.9890037392883749,0.9976590938081998
clustered_8,C1,7,1,0.9922017197178904,0.0,1.0,0.9980702974821487,0.8655511694820098,0.9930754814660506,0.7042244389503888,0.997980565565728,0.8078374000087889
clustered_8,C1,7,2,0.9751049360207232,1.0,0.0,0.9644285732409776,0.9991601777825656,0.977934955061577,0.9931915736322763,0.9814467400141866,0.9992898522250367
clustered_8,C1,7,3,0.8125178735321845,0.9980702974821487,0.9644285732409776,0.0,0.9946932714669793,0.8594104358484677,0.9875614164321026,0.9697883722237827,0.9990522714897294
clustered_8,C1,7,4,0.9970579564951292,0.8655511694820098,0.9991601777825656,0.9946932714669793,0.0,0.9916267091702725,0.9285422496487444,0.9927140725045858,0.9107702013622019
clustered_8,C1,7,5,0.8399431431344206,0.9930754814660506,0.977934955061577,0.8594104358484677,0.9916267091702725,0.0,0.9851749025696408,0.9827681881154139,0.995469913119232
clustered_8,C1,7,6,0.9812848484909663,0.7042244389503888,0.9931915736322763,0.9875614164321026,0.9285422496487444,0.9851749025696408,0.0,0.9911098822953204,0.8789565222074905
clustered_8,C1,7,7,0.9890037392883749,0.997980565565728,0.9814467400141866,0.9697883722237827,0.9927140725045858,0.9827681881154139,0.9911098822953204,0.0,0.9903510997901521
clustered_8,C1,7,8,0.9976590938081998,0.8078374000087889,0.9992898522250367,0.9990522714897294,0.9107702013622019,0.995469913119232,0.8789565222074905,0.9903510997901521,0.0
clustered_9,C1,8,0,0.0,0.9508136922360915,0.9578622472364178,0.8288910499345378,0.9575648602970038,0.8305434647208971,0.9920264527102336,0.9970835047444536,1.0
clustered_9,C1,8,1,0.9508136922360915,0.0,0.9967404844220559,0.9736246507357159,0.7077502851305522,0.9768445697593794,0.8805850459301101,0.9967140970602267,0.9186254878447625
clustered_9,C1,8,2,0.9578622472364178,0.9967404844220559,0.0,0.9511829040488099,0.9854735678825968,0.9874144944180485,0.9859303626921722,0.9817546685293789,0.9960542095228291
clustered_9,C1,8,3,0.8288910499345378,0.9736246507357159,0.9511829040488099,0.0,0.9737856393320278,0.8728831716264263,0.9925294068906866,0.9894069171432195,0.9981987194540942
clustered_9,C1,8,4,0.9575648602970038,0.7077502851305522,0.9854735678825968,0.9737856393320278,0.0,0.9498078071432072,0.9022477697351589,0.975517936327604,0.9278886616920732
clustered_9,C1,8,5,0.8305434647208971,0.9768445697593794,0.9874144944180485,0.8728831716264263,0.9498078071432072,0.0,0.9830044286266024,0.9821234756736557,0.9899561023588652
clustered_9,C1,8,6,0.9920264527102336,0.8805850459301101,0.9859303626921722,0.9925294068906866,0.9022477697351589,0.9830044286266024,0.0,0.9960036716881866,0.845359161663698
clustered_9,C1,8,7,0.9970835047444536,0.9967140970602267,0.9817546685293789,0.9894069171432195,0.975517936327604,0.9821234756736557,0.9960036716881866,0.0,0.9952460168236543
clustered_9,C1,8,8,1.0,0.9186254878447625,0.9960542095228291,0.9981987194540942,0.9278886616920732,0.9899561023588652,0.845359161663698,0.9952460168236543,0.0
clustered_10,C1,9,0,0.0,0.9790370652678021,0.98069846058661,0.8658598106317223,0.9281746024663617,0.8134591929618162,0.9359940618355318,0.9999888693510336,0.9864649700203734
clustered_10,C1,9,1,0.9790370652678021,0.0,0.9959353159484848,0.9994128715824586,0.8593488474954145,0.9812446164113341,0.8364106468116944,0.9974459324086218,0.8153021311217197
clustered_10,C1,9,2,0.98069846058661,0.9959353159484848,0.0,0.9567481224319837,0.9836095870791066,0.9841138832295523,0.9918291917053536,0.9839371390642014,0.9962054532802423
clustered_10,C1,9,3,0.8658598106317223,0.9994128715824586,0.9567481224319837,0.0,0.9873607398576073,0.8993100762749435,0.977587126707693,0.9807195173391903,1.0
clustered_10,C1,9,4,0.9281746024663617,0.8593488474954145,0.9836095870791066,0.9873607398576073,0.0,0.9630622915083836,0.9108682982558273,0.9701474925075412,0.9137662425515908
clustered_10,C1,9,5,0.8134591929618162,0.9812446164113341,0.9841138832295523,0.8993100762749435,0.9630622915083836,0.0,0.9610523417272353,0.9869165784093001,0.983427106274415
clustered_10,C1,9,6,0.9359940618355318,0.8364106468116944,0.9918291917053536,0.977587126707693,0.9108682982558273,0.9610523417272353,0.0,0.9927982408407123,0.838528049126813
clustered_10,C1,9,7,0.9999888693510336,0.9974459324086218,0.9839371390642014,0.9807195173391903,0.9701474925075412,0.9869165784093001,0.9927982408407123,0.0,0.9876615890141274
clustered_10,C1,9,8,0.9864649700203734,0.8153021311217197,0.9962054532802423,1.0,0.9137662425515908,0.983427106274415,0.838528049126813,0.9876615890141274,0.0
clustered_11,C1,10,0,0.0,0.9526198684635113,0.9496560886302852,0.8235035685621642,0.933187932844108,0.8348717059466897,0.9884501344346458,0.9987019364036704,0.997319596735893
clustered_11,C1,10,1,0.9526198684635113,0.0,0.9960812218481995,0.9789716205500182,0.7302789400527033,0.9809748534819565,0.8808469520475494,0.9955326155646722,0.883020707388229
clustered_11,C1,10,2,0.9496560886302852,0.9960812218481995,0.0,0.9416183774013477,0.9832245141421351,0.9835827095156714,0.9881801920817783,0.9907678447436604,1.0
clustered_11,C1,10,3,0.8235035685621642,0.9789716205500182,0.9416183774013477,0.0,0.9738232714702448,0.8791737884789583,0.997446446844404,0.9808390962464646,0.9999834855755595
clustered_11,C1,10,4,0.933187932844108,0.7302789400527033,0.9832245141421351,0.9738232714702448,0.0,0.9794004385106346,0.9227136835985665,0.9793443542380004,0.9291480029458054
clustered_11,C1,10,5,0.8348717059466897,0.9809748534819565,0.9835827095156714,0.8791737884789583,0.9794004385106346,0.0,0.9911000106674431,0.9896766652219421,0.9916126765890293
clustered_11,C1,10,6,0.9884501344346458,0.8808469520475494,0.9881801920817783,0.997446446844404,0.9227136835985665,0.9911000106674431,0.0,0.9844384117743981,0.8226917783279659
clustered_11,C1,10,7,0.9987019364036704,0.9955326155646722,0.9907678447436604,0.9808390962464646,0.9793443542380004,0.9896766652219421,0.9844384117743981,0.0,0.9877442435064276
clustered_11,C1,10,8,0.997319596735893,0.883020707388229,1.0,0.9999834855755595,0.9291480029458054,0.9916126765890293,0.8226917783279659,0.9877442435064276,0.0
clustered_12,C1,11,0,0.0,0.9213805069904857,0.7928380388859374,0.7424827885441972,0.8623405851773956,0.6892822740030532,0.8465607500523071,0.8596130861452168,0.8530048905196728
clustered_12,C1,11,1,0.9213805069904857,0.0,0.9732090178942067,0.9758973788319185,1.0,0.9748931082168502,0.9449465648931148,0.9994943794287569,0.8777602672848409
clustered_12,C1,11,2,0.7928380388859374,0.9732090178942067,0.0,0.7735649239210401,0.8596716621798159,0.8334564050557062,0.8571188323249196,0.8473498697318604,0.8623756002760629
clustered_12,C1,11,3,0.7424827885441972,0.9758973788319185,0.7735649239210401,0.0,0.8614368526465599,0.7805482214455126,0.8533864076562441,0.8498096576443843,0.8619975741281252
clustered_12,C1,11,4,0.8623405851773956,1.0,0.8596716621798159,0.8614368526465599,0.0,0.8640571805939248,0.7678321343190491,0.8608086438774678,0.7963789350416507
clustered_12,C1,11,5,0.6892822740030532,0.9748931082168502,0.8334564050557062,0.7805482214455126,0.8640571805939248,0.0,0.8623312121530237,0.8469594018913372,0.8629520000451772
clustered_12,C1,11,6,0.8465607500523071,0.9449465648931148,0.8571188323249196,0.8533864076562441,0.7678321343190491,0.8623312121530237,0.0,0.8597099216990999,0.6254905028426083
clustered_12,C1,11,7,0.8596130861452168,0.9994943794287569,0.8473498697318604,0.8498096576443843,0.8608086438774678,0.8469594018913372,0.8597099216990999,0.0,0.859299110460421
clustered_12,C1,11,8,0.8530048905196728,0.8777602672848409,0.8623756002760629,0.8619975741281252,0.7963789350416507,0.8629520000451772,0.6254905028426083,0.859299110460421,0.0
clustered_13,C1,12,0,0.0,0.9862819032196047,0.9814301470566016,0.8482333331729306,0.9183467048621262,0.8344178639793381,0.932772307589276,0.9930899933291701,0.9819984993814845
clustered_13,C1,12,1,0.9862819032196047,0.0,0.9985111411812417,1.0,0.8896703737332493,0.9520987857590081,0.8195802572794582,0.9915658024668692,0.8249429410995665
clustered_13,C1,12,2,0.9814301470566016,0.9985111411812417,0.0,0.9535581650673848,0.9850787601083385,0.9881082786011003,0.9871503398894115,0.9935902165233198,0.9918869119963356
clustered_13,C1,12,3,0.8482333331729306,1.0,0.9535581650673848,0.0,0.984675246871879,0.9252528813581656,0.9855639047517935,0.985115790661537,0.9925049321251087
clustered_13,C1,12,4,0.9183467048621262,0.8896703737332493,0.9850787601083385,0.984675246871879,0.0,0.9377996118212761,0.8947486150926456,0.9599872492886448,0.9432652317522553
clustered_13,C1,12,5,0.8344178639793381,0.9520987857590081,0.9881082786011003,0.9252528813581656,0.9377996118212761,0.0,0.9505650799338233,0.9825936603013041,0.9724220442462914
clustered_13,C1,12,6,0.932772307589276,0.8195802572794582,0.9871503398894115,0.9855639047517935,0.8947486150926456,0.9505650799338233,0.0,0.9902246605312387,0.8443025065208063
clustered_13,C1,12,7,0.9930899933291701,0.9915658024668692,0.9935902165233198,0.985115790661537,0.9599872492886448,0.9825936603013041,0.9902246605312387,0.0,0.9887068803206792
clustered_13,C1,12,8,0.9819984993814845,0.8249429410995665,0.9918869119963356,0.9925049321251087,0.9432652317522553,0.9724220442462914,0.8443025065208063,0.9887068803206792,0.0
clustered_14,C1,13,0,0.0,0.9827802905418372,0.9785403364627813,0.8940694193508462,0.8929192732093154,0.860002205231307,0.9187064540180037,0.9935632597746785,0.9869284992051648
clustered_14,C1,13,1,0.9827802905418372,0.0,0.994020128977179,0.9762241029363916,0.9329331515813017,0.9775820401926655,0.8588807528827637,0.9975981476200503,0.840227038105079
clustered_14,C1,13,2,0.9785403364627813,0.994020128977179,0.0,0.9496666039217807,0.9909409431257823,0.9730133828680453,0.987710252800222,0.9883161296642192,1.0
clustered_14,C1,13,3,0.8940694193508462,0.9762241029363916,0.9496666039217807,0.0,0.9598840316766427,0.8922780433422617,0.9771116110942866,0.9790238917762055,0.9925970627075471
clustered_14,C1,13,4,0.8929192732093154,0.9329331515813017,0.9909409431257823,0.9598840316766427,0.0,0.9390171725081873,0.8896144962877781,0.9551070133046339,0.9654266846379704
clustered_14,C1,13,5,0.860002205231307,0.9775820401926655,0.9730133828680453,0.8922780433422617,0.9390171725081873,0.0,0.9557082072588462,0.9718573063602158,0.9822213178465011
clustered_14,C1,13,6,0.9187064540180037,0.8588807528827637,0.987710252800222,0.9771116110942866,0.8896144962877781,0.9557082072588462,0.0,0.9876856232574083,0.8692071450045175
clustered_14,C1,13,7,0.9935632597746785,0.9975981476200503,0.9883161296642192,0.9790238917762055,0.9551070133046339,0.9718573063602158,0.9876856232574083,0.0,0.9903399819086486
clustered_14,C1,13,8,0.9869284992051648,0.840227038105079,1.0,0.9925970627075471,0.9654266846379704,0.9822213178465011,0.8692071450045175,0.9903399819086486,0.0
clustered_15,C1,14,0,0.0,0.9978775865559486,0.9694120860662572,0.8536010643823219,0.9761330446857345,0.7946230162954051,0.9540706071574464,0.989587342320935,0.9977561014557982
clustered_15,C1,14,1,0.9978775865559486,0.0,0.998398323397625,0.9956028276217201,0.8878056247451475,0.9811179030903622,0.8520069859466961,0.9939583395343389,0.8982603357823542
clustered_15,C1,14,2,0.9694120860662572,0.998398323397625,0.0,0.9584065911263469,0.9882520555685886,0.984052634027838,0.9760729768058073,0.9792060022837169,1.0
clustered_15,C1,14,3,0.8536010643823219,0.9956028276217201,0.9584065911263469,0.0,0.9882124881707227,0.8734964850924986,0.9605097597246998,0.9714711435000387,0.9988832092066754
clustered_15,C1,14,4,0.9761330446857345,0.8878056247451475,0.9882520555685886,0.9882124881707227,0.0,0.9550693574789395,0.8982014815958894,0.9588921354277217,0.8948952695772839
clustered_15,C1,14,5,0.7946230162954051,0.9811179030903622,0.984052634027838,0.8734964850924986,0.9550693574789395,0.0,0.9494882299873889,0.9840591717949506,0.993838957848344
clustered_15,C1,14,6,0.9540706071574464,0.8520069859466961,0.9760729768058073,0.9605097597246998,0.8982014815958894,0.9494882299873889,0.0,0.9830990537399308,0.9555936446097708
clustered_15,C1,14,7,0.989587342320935,0.9939583395343389,0.9792060022837169,0.9714711435000387,0.9588921354277217,0.9840591717949506,0.9830990537399308,0.0,0.9676470883220706
clustered_15,C1,14,8,0.9977561014557982,0.8982603357823542,1.0,0.9988832092066754,0.8948952695772839,0.993838957848344,0.9555936446097708,0.9676470883220706,0.0
clustered_16,C1,15,0,0.0,0.9708129360606111,0.9517789601471532,0.8481574951969127,0.9379770868697361,0.8242879581042032,0.9833237158011544,0.999552564259904,0.9924955610861212
clustered_16,C1,15,1,0.9708129360606111,0.0,0.9987000559117314,0.9863511968304216,0.898106404349626,0.9759178380506345,0.8637805660140192,0.9994268527921005,0.8415176513643997
clustered_16,C1,15,2,0.9517789601471532,0.9987000559117314,0.0,0.9442600058275684,0.9825184953558511,0.9844455382306951,0.9988743140026219,0.9915281302225123,1.0
clustered_16,C1,15,3,0.8481574951969127,0.9863511968304216,0.9442600058275684,0.0,0.9747754604991107,0.8845810088902863,0.9769254420198715,0.9880397883484946,0.9867954450958002
clustered_16,C1,15,4,0.9379770868697361,0.898106404349626,0.9825184953558511,0.9747754604991107,0.0,0.9409691461158762,0.9106094846936814,0.9756364077376363,0.9610861982755585
clustered_16,C1,15,5,0.8242879581042032,0.9759178380506345,0.9844455382306951,0.8845810088902863,0.9409691461158762,0.0,0.9700610075464082,0.9836630381092452,0.9802344136456499
clustered_16,C1,15,6,0.9833237158011544,0.8637805660140192,0.9988743140026219,0.9769254420198715,0.9106094846936814,0.9700610075464082,0.0,0.9946155079623583,0.8547062476151698
clustered_16,C1,15,7,0.999552564259904,0.9994268527921005,0.9915281302225123,0.9880397883484946,0.9756364077376363,0.9836630381092452,0.9946155079623583,0.0,0.9920468102595923
clustered_16,C1,15,8,0.9924955610861212,0.8415176513643997,1.0,0.9867954450958002,0.9610861982755585,0.9802344136456499,0.8547062476151698,0.9920468102595923,0.0
clustered_17,C1,16,0,0.0,0.9569366220692136,0.9755602962822427,0.8664604017896994,0.9684169888630381,0.8445008519808359,0.9703097625286562,0.996761559085579,0.9889638287864767
clustered_17,C1,16,1,0.9569366220692136,0.0,0.9973131288394058,0.9848978685652153,0.8429256958920128,0.9609782549681187,0.8076578382932359,0.9968481081495925,0.8643164082296644
clustered_17,C1,16,2,0.9755602962822427,0.9973131288394058,0.0,0.9417034850638233,0.9888988851792249,0.9789994624086719,0.994276504164678,0.9848516549156716,0.9929350543839951
clustered_17,C1,16,3,0.8664604017896994,0.9848978685652153,0.9417034850638233,0.0,0.9861186727573861,0.8894595793737767,0.9910865156653115,0.9707993348128235,1.0
clustered_17,C1,16,4,0.9684169888630381,0.8429256958920128,0.9888988851792249,0.9861186727573861,0.0,0.9553702005511527,0.9147402076036556,0.9640341564914663,0.9415667641390565
clustered_17,C1,16,5,0.8445008519808359,0.9609782549681187,0.9789994624086719,0.8894595793737767,0.9553702005511527,0.0,0.9730786983022339,0.9856053064751399,0.9811373830464317
clustered_17,C1,16,6,0.9703097625286562,0.8076578382932359,0.994276504164678,0.9910865156653115,0.9147402076036556,0.9730786983022339,0.0,0.9958607123899936,0.8358730421615196
clustered_17,C1,16,7,0.996761559085579,0.9968481081495925,0.9848516549156716,0.9707993348128235,0.9640341564914663,0.9856053064751399,0.9958607123899936,0.0,0.9827942208850682
clustered_17,C1,16,8,0.9889638287864767,0.8643164082296644,0.9929350543839951,1.0,0.9415667641390565,0.9811373830464317,0.8358730421615196,0.9827942208850682,0.0
clustered_18,C1,17,0,0.0,0.9825114756054313,0.9399406769839274,0.8366180975734969,0.974267509904522,0.8276220851104575,0.93117633843525,0.9721341134402839,0.9834717818109174
clustered_18,C1,17,1,0.9825114756054313,0.0,0.9818572376284848,0.9648605937910893,0.9835384060531933,0.9823619573155195,0.8030693742943245,0.9819334534449833,1.0
clustered_18,C1,17,2,0.9399406769839274,0.9818572376284848,0.0,0.9177709101826322,0.9749967300673513,0.9623576327816314,0.9616369946508402,0.9612608325077062,0.9985040360907843
clustered_18,C1,17,3,0.8366180975734969,0.9648605937910893,0.9177709101826322,0.0,0.9791559170275462,0.883461912330133,0.9602173519344003,0.9568124294177922,0.9960872077979082
clustered_18,C1,17,4,0.974267509904522,0.9835384060531933,0.9749967300673513,0.9791559170275462,0.0,0.9762604623289189,0.9641642661585302,0.9400338137145107,0.9998786022729781
clustered_18,C1,17,5,0.8276220851104575,0.9823619573155195,0.9623576327816314,0.883461912330133,0.9762604623289189,0.0,0.948568553466915,0.9686295176004882,0.997026714913784
clustered_18,C1,17,6,0.93117633843525,0.8030693742943245,0.9616369946508402,0.9602173519344003,0.9641642661585302,0.948568553466915,0.0,0.9699014211289393,0.9975486154273614
clustered_18,C1,17,7,0.9721341134402839,0.9819334534449833,0.9612608325077062,0.9568124294177922,0.9400338137145107,0.9686295176004882,0.9699014211289393,0.0,0.9998313800807158
clustered_18,C1,17,8,0.9834717818109174,1.0,0.9985040360907843,0.9960872077979082,0.9998786022729781,0.997026714913784,0.9975486154273614,0.9998313800807158,0.0
clustered_19,C1,18,0,0.0,0.0,0.9316731520414647,0.8275674009716818,0.9723189765121129,0.8201037107890331,0.9343193260394823,0.975686822985036,0.9879756100202544
clustered_19,C1,18,1,0.0,0.0,0.0,0.0,0.0,0.0,0.0,0.0,0.0
clustered_19,C1,18,2,0.9316731520414647,0.0,0.0,0.913896201863692,0.9820508881380005,0.9581697412638499,0.964535620212077,0.9667155310797183,0.9984396961335459
clustered_19,C1,18,3,0.8275674009716818,0.0,0.913896201863692,0.0,0.9744644986753013,0.8645221930636008,0.9666062546412112,0.9617250574828119,0.9971030327195964
clustered_19,C1,18,4,0.9723189765121129,0.0,0.9820508881380005,0.9744644986753013,0.0,0.9790440647748828,0.9003629346947942,0.9778083338109247,1.0
clustered_19,C1,18,5,0.8201037107890331,0.0,0.9581697412638499,0.8645221930636008,0.9790440647748828,0.0,0.9563134090880138,0.9688953328135085,0.9968581318918854
clustered_19,C1,18,6,0.9343193260394823,0.0,0.964535620212077,0.9666062546412112,0.9003629346947942,0.9563134090880138,0.0,0.9741801121307987,0.9977035217341417
clustered_19,C1,18,7,0.975686822985036,0.0,0.9667155310797183,0.9617250574828119,0.9778083338109247,0.9688953328135085,0.9741801121307987,0.0,0.9999318529827413
clustered_19,C1,18,8,0.9879756100202544,0.0,0.9984396961335459,0.9971030327195964,1.0,0.9968581318918854,0.9977035217341417,0.9999318529827413,0.0
clustered_20,C1,19,0,0.0,1.0,0.95014830503667,0.8644771620600867,0.912722970957632,0.805731863689508,0.9225912142962959,0.9906914629528788,0.9951966872805528
clustered_20,C1,19,1,1.0,0.0,0.9984534365069959,0.9992727037887537,0.9779865273511632,0.9953578377734604,0.9600873622391798,0.9981337393765851,0.9264552744343509
clustered_20,C1,19,2,0.95014830503667,0.9984534365069959,0.0,0.928899016154065,0.9623313461651565,0.9775068629284829,0.958396452823417,0.9835980326464783,0.9948300614359009
clustered_20,C1,19,3,0.8644771620600867,0.9992727037887537,0.928899016154065,0.0,0.9624623787909912,0.8893953134663714,0.9573287732576908,0.9739864010948358,0.9947022847299748
clustered_20,C1,19,4,0.912722970957632,0.9779865273511632,0.9623313461651565,0.9624623787909912,0.0,0.9238424466530749,0.8783225814726021,0.9685896686289478,0.9532543184897231
clustered_20,C1,19,5,0.805731863689508,0.9953578377734604,0.9775068629284829,0.8893953134663714,0.9238424466530749,0.0,0.9264765740919622,0.9817389540393174,0.9897361354357193
clustered_20,C1,19,6,0.9225912142962959,0.9600873622391798,0.958396452823417,0.9573287732576908,0.8783225814726021,0.9264765740919622,0.0,0.9849540915986897,0.9662538329441451
clustered_20,C1,19,7,0.9906914629528788,0.9981337393765851,0.9835980326464783,0.9739864010948358,0.9685896686289478,0.9817389540393174,0.9849540915986897,0.0,0.9835811306446555
clustered_20,C1,19,8,0.9951966872805528,0.9264552744343509,0.9948300614359009,0.9947022847299748,0.9532543184897231,0.9897361354357193,0.9662538329441451,0.9835811306446555,0.0
