filename,init_locs,seed,type_id,r,0,1,2,3,4,5,6,7,8
random_1,R1,0,0,1,0.0,0.0,0.2489316239316239,0.7777777777777778,0.6666666666666666,0.0,0.0,0.0,0.0
random_1,R1,0,1,1,0.0,0.0,0.0,0.0,0.0,0.0,0.0,0.0,0.0
random_1,R1,0,2,1,0.2489316239316239,0.0,0.0,0.39560439560439564,0.2857142857142857,0.0,0.0,0.0,0.0
random_1,R1,0,3,1,0.7777777777777778,0.0,0.39560439560439564,0.0,1.0,0.0,0.0,0.0,0.0
random_1,R1,0,4,1,0.6666666666666666,0.0,0.2857142857142857,1.0,0.0,0.0,0.0,0.0,0.0
random_1,R1,0,5,1,0.0,0.0,0.0,0.0,0.0,0.0,0.0,0.0,0.0
random_1,R1,0,6,1,0.0,0.0,0.0,0.0,0.0,0.0,0.0,0.0,0.0
random_1,R1,0,7,1,0.0,0.0,0.0,0.0,0.0,0.0,0.0,0.0,0.0
random_1,R1,0,8,1,0.0,0.0,0.0,0.0,0.0,0.0,0.0,0.0,0.0
random_1,R1,0,0,2,0.0,0.0,0.25958878849345374,0.43965517241379315,0.6000000000000001,0.0,0.0,0.0,0.0
random_1,R1,0,1,2,0.0,0.0,0.0,0.0,0.0,0.0,0.0,0.0,0.0
random_1,R1,0,2,2,0.25958878849345374,0.0,0.0,0.41365007541478127,0.375,0.0,0.0,0.0,0.0
random_1,R1,0,3,2,0.43965517241379315,0.0,0.41365007541478127,0.0,1.0,0.0,0.0,0.0,0.0
random_1,R1,0,4,2,0.6000000000000001,0.0,0.375,1.0,0.0,0.0,0.0,0.0,0.0
random_1,R1,0,5,2,0.0,0.0,0.0,0.0,0.0,0.0,0.0,0.0,0.0
random_1,R1,0,6,2,0.0,0.0,0.0,0.0,0.0,0.0,0.0,0.0,0.0
random_1,R1,0,7,2,0.0,0.0,0.0,0.0,0.0,0.0,0.0,0.0,0.0
random_1,R1,0,8,2,0.0,0.0,0.0,0.0,0.0,0.0,0.0,0.0,0.0
random_1,R1,0,0,3,0.0,0.0,0.23417094216417908,0.49372944078947373,0.5,0.4441964285714286,0.0,0.0,0.0
random_1,R1,0,1,3,0.0,0.0,0.0,0.0,0.0,0.0,0.0,0.0,0.0
random_1,R1,0,2,3,0.23417094216417908,0.0,0.0,0.3468970934799686,0.375,0.3333333333333333,0.0,0.0,0.0
random_1,R1,0,3,3,0.49372944078947373,0.0,0.3468970934799686,0.0,0.75,0.6526315789473683,0.0,0.0,0.0
random_1,R1,0,4,3,0.5,0.0,0.375,0.75,0.0,1.0,0.0,0.0,0.0
random_1,R1,0,5,3,0.4441964285714286,0.0,0.3333333333333333,0.6526315789473683,1.0,0.0,0.0,0.0,0.0
random_1,R1,0,6,3,0.0,0.0,0.0,0.0,0.0,0.0,0.0,0.0,0.0
random_1,R1,0,7,3,0.0,0.0,0.0,0.0,0.0,0.0,0.0,0.0,0.0
random_1,R1,0,8,3,0.0,0.0,0.0,0.0,0.0,0.0,0.0,0.0,0.0
random_1,R1,0,0,4,0.0,0.0,0.13933236574746008,0.3330831903945112,0.3333333333333333,0.27183787561146056,0.0,0.3333333333333333,0.0
random_1,R1,0,1,4,0.0,0.0,0.0,0.0,0.0,0.0,0.0,0.0,0.0
random_1,R1,0,2,4,0.13933236574746008,0.0,0.0,0.21144550132543272,0.330188679245283,0.14858490566037738,0.0,0.2484276729559748,0.0
random_1,R1,0,3,4,0.3330831903945112,0.0,0.21144550132543272,0.0,0.5,0.27489177489177485,0.0,0.5,0.0
random_1,R1,0,4,4,0.3333333333333333,0.0,0.330188679245283,0.5,0.0,0.4,0.0,1.0,0.0
random_1,R1,0,5,4,0.27183787561146056,0.0,0.14858490566037738,0.27489177489177485,0.4,0.0,0.0,0.4,0.0
random_1,R1,0,6,4,0.0,0.0,0.0,0.0,0.0,0.0,0.0,0.0,0.0
random_1,R1,0,7,4,0.3333333333333333,0.0,0.2484276729559748,0.5,1.0,0.4,0.0,0.0,0.0
random_1,R1,0,8,4,0.0,0.0,0.0,0.0,0.0,0.0,0.0,0.0,0.0
random_1,R1,0,0,5,0.0,0.0,0.13974487051410128,0.31366047745358083,0.3333333333333333,0.297008547008547,0.3333333333333333,0.3333333333333333,0.0
random_1,R1,0,1,5,0.0,0.0,0.0,0.0,0.0,0.0,0.0,0.0,0.0
random_1,R1,0,2,5,0.13974487051410128,0.0,0.0,0.20705939828196882,0.3311688311688312,0.12797619047619047,0.3181818181818182,0.2510822510822511,0.0
random_1,R1,0,3,5,0.31366047745358083,0.0,0.20705939828196882,0.0,0.5,0.2623152709359606,0.5,0.5,0.0
random_1,R1,0,4,5,0.3333333333333333,0.0,0.3311688311688312,0.5,0.0,0.4,1.0,1.0,0.0
random_1,R1,0,5,5,0.297008547008547,0.0,0.12797619047619047,0.2623152709359606,0.4,0.0,0.4,0.4,0.0
random_1,R1,0,6,5,0.3333333333333333,0.0,0.3181818181818182,0.5,1.0,0.4,0.0,1.0,0.0
random_1,R1,0,7,5,0.3333333333333333,0.0,0.2510822510822511,0.5,1.0,0.4,1.0,0.0,0.0
random_1,R1,0,8,5,0.0,0.0,0.0,0.0,0.0,0.0,0.0,0.0,0.0
random_2,R1,1,0,1,0.0,0.6666666666666666,0.6666666666666666,0.0,0.5,0.0,0.19999999999999996,0.0,0.0
random_2,R1,1,1,1,0.6666666666666666,0.0,1.0,0.0,0.5454545454545454,0.0,1.0,0.0,0.0
random_2,R1,1,2,1,0.6666666666666666,1.0,0.0,0.0,0.6666666666666666,0.0,1.0,0.0,0.0
random_2,R1,1,3,1,0.0,0.0,0.0,0.0,0.0,0.0,0.0,0.0,0.0
random_2,R1,1,4,1,0.5,0.5454545454545454,0.6666666666666666,0.0,0.0,0.0,0.6666666666666666,0.0,0.0
random_2,R1,1,5,1,0.0,0.0,0.0,0.0,0.0,0.0,0.0,0.0,0.0
random_2,R1,1,6,1,0.19999999999999996,1.0,1.0,0.0,0.6666666666666666,0.0,0.0,0.0,0.0
random_2,R1,1,7,1,0.0,0.0,0.0,0.0,0.0,0.0,0.0,0.0,0.0
random_2,R1,1,8,1,0.0,0.0,0.0,0.0,0.0,0.0,0.0,0.0,0.0
random_2,R1,1,0,2,0.0,0.46666666666666673,0.3333333333333334,0.1375,0.31208791208791214,0.0,0.4000000000000001,0.0,0.4000000000000001
random_2,R1,1,1,2,0.46666666666666673,0.0,1.0,0.65625,0.6153846153846154,0.0,1.0,0.0,1.0
random_2,R1,1,2,2,0.3333333333333334,1.0,0.0,0.5,0.6666666666666666,0.0,1.0,0.0,1.0
random_2,R1,1,3,2,0.1375,0.65625,0.5,0.0,0.40192307692307694,0.0,0.375,0.0,0.375
random_2,R1,1,4,2,0.31208791208791214,0.6153846153846154,0.6666666666666666,0.40192307692307694,0.0,0.0,0.6666666666666666,0.0,0.6666666666666666
random_2,R1,1,5,2,0.0,0.0,0.0,0.0,0.0,0.0,0.0,0.0,0.0
random_2,R1,1,6,2,0.4000000000000001,1.0,1.0,0.375,0.6666666666666666,0.0,0.0,0.0,0.0
random_2,R1,1,7,2,0.0,0.0,0.0,0.0,0.0,0.0,0.0,0.0,0.0
random_2,R1,1,8,2,0.4000000000000001,1.0,1.0,0.375,0.6666666666666666,0.0,0.0,0.0,0.0
random_2,R1,1,0,3,0.0,0.47692307692307695,0.3333333333333333,0.12527472527472527,0.31373626373626373,0.3,0.3615384615384616,0.0,0.2384615384615385
random_2,R1,1,1,3,0.47692307692307695,0.0,1.0,0.4821428571428571,0.40714285714285714,1.0,1.0,0.0,0.6666666666666666
random_2,R1,1,2,3,0.3333333333333333,1.0,0.0,0.5,0.49999999999999994,1.0,1.0,0.0,0.6666666666666666
random_2,R1,1,3,3,0.12527472527472527,0.4821428571428571,0.5,0.0,0.2642857142857143,0.4821428571428571,0.5357142857142857,0.0,0.3285714285714286
random_2,R1,1,4,3,0.31373626373626373,0.40714285714285714,0.49999999999999994,0.2642857142857143,0.0,0.49999999999999994,0.7285714285714285,0.0,0.4828571428571428
random_2,R1,1,5,3,0.3,1.0,1.0,0.4821428571428571,0.49999999999999994,0.0,1.0,0.0,0.6666666666666666
random_2,R1,1,6,3,0.3615384615384616,1.0,1.0,0.5357142857142857,0.7285714285714285,1.0,0.0,0.0,0.5
random_2,R1,1,7,3,0.0,0.0,0.0,0.0,0.0,0.0,0.0,0.0,0.0
random_2,R1,1,8,3,0.2384615384615385,0.6666666666666666,0.6666666666666666,0.3285714285714286,0.4828571428571428,0.6666666666666666,0.5,0.0,0.0
random_2,R1,1,0,4,0.0,0.4166666666666667,0.2857142857142857,0.13925199709513436,0.2601851851851852,0.15611111111111114,0.3095238095238095,0.0,0.20833333333333337
random_2,R1,1,1,4,0.4166666666666667,0.0,1.0,0.48529411764705876,0.32222222222222224,0.48,1.0,0.0,0.6666666666666666
random_2,R1,1,2,4,0.2857142857142857,1.0,0.0,0.5,0.4,0.4,1.0,0.0,0.6666666666666666
random_2,R1,1,3,4,0.13925199709513436,0.48529411764705876,0.5,0.0,0.22626828509181449,0.17983193277310924,0.5735294117647058,0.0,0.35882352941176465
random_2,R1,1,4,4,0.2601851851851852,0.32222222222222224,0.4,0.22626828509181449,0.0,0.2759259259259259,0.5888888888888889,0.0,0.48148148148148145
random_2,R1,1,5,4,0.15611111111111114,0.48,0.4,0.17983193277310924,0.2759259259259259,0.0,0.36000000000000004,0.0,0.21666666666666665
random_2,R1,1,6,4,0.3095238095238095,1.0,1.0,0.5735294117647058,0.5888888888888889,0.36000000000000004,0.0,0.0,0.5
random_2,R1,1,7,4,0.0,0.0,0.0,0.0,0.0,0.0,0.0,0.0,0.0
random_2,R1,1,8,4,0.20833333333333337,0.6666666666666666,0.6666666666666666,0.35882352941176465,0.48148148148148145,0.21666666666666665,0.5,0.0,0.0
random_2,R1,1,0,5,0.0,0.6243576567317575,0.375,0.18354707538317172,0.38451997023071205,0.1658273381294964,0.3283373301358913,0.0,0.3543165467625899
random_2,R1,1,1,5,0.6243576567317575,0.0,1.0,0.6260869565217392,0.5172413793103449,0.75,0.9375,0.0,1.0
random_2,R1,1,2,5,0.375,1.0,0.0,0.5,0.5,0.5,0.6000000000000001,0.0,0.75
random_2,R1,1,3,5,0.18354707538317172,0.6260869565217392,0.5,0.0,0.39683283358320837,0.17255434782608697,0.3897515527950311,0.0,0.5036231884057971
random_2,R1,1,4,5,0.38451997023071205,0.5172413793103449,0.5,0.39683283358320837,0.0,0.4170258620689655,0.5763546798029556,0.0,0.732758620689655
random_2,R1,1,5,5,0.1658273381294964,0.75,0.5,0.17255434782608697,0.4170258620689655,0.0,0.2857142857142857,0.0,0.41666666666666663
random_2,R1,1,6,5,0.3283373301358913,0.9375,0.6000000000000001,0.3897515527950311,0.5763546798029556,0.2857142857142857,0.0,0.0,0.15000000000000002
random_2,R1,1,7,5,0.0,0.0,0.0,0.0,0.0,0.0,0.0,0.0,0.0
random_2,R1,1,8,5,0.3543165467625899,1.0,0.75,0.5036231884057971,0.732758620689655,0.41666666666666663,0.15000000000000002,0.0,0.0
random_3,R1,2,0,1,0.0,0.5375000000000001,0.375,0.0,0.5,0.6000000000000001,0.0,0.0,0.0
random_3,R1,2,1,1,0.5375000000000001,0.0,0.5,0.0,0.75,1.0,0.0,0.0,0.0
random_3,R1,2,2,1,0.375,0.5,0.0,0.0,0.4166666666666667,0.7000000000000001,0.0,0.0,0.0
random_3,R1,2,3,1,0.0,0.0,0.0,0.0,0.0,0.0,0.0,0.0,0.0
random_3,R1,2,4,1,0.5,0.75,0.4166666666666667,0.0,0.0,1.0,0.0,0.0,0.0
random_3,R1,2,5,1,0.6000000000000001,1.0,0.7000000000000001,0.0,1.0,0.0,0.0,0.0,0.0
random_3,R1,2,6,1,0.0,0.0,0.0,0.0,0.0,0.0,0.0,0.0,0.0
random_3,R1,2,7,1,0.0,0.0,0.0,0.0,0.0,0.0,0.0,0.0,0.0
random_3,R1,2,8,1,0.0,0.0,0.0,0.0,0.0,0.0,0.0,0.0,0.0
random_3,R1,2,0,2,0.0,0.2269230769230769,0.2099358974358974,0.4153846153846154,0.3333333333333333,0.4,0.0,0.0,0.0
random_3,R1,2,1,2,0.2269230769230769,0.0,0.2857142857142857,0.6666666666666666,0.5,0.6666666666666666,0.0,0.0,0.0
random_3,R1,2,2,2,0.2099358974358974,0.2857142857142857,0.0,0.3333333333333333,0.32142857142857145,0.34375,0.0,0.0,0.0
random_3,R1,2,3,2,0.4153846153846154,0.6666666666666666,0.3333333333333333,0.0,0.6666666666666666,1.0,0.0,0.0,0.0
random_3,R1,2,4,2,0.3333333333333333,0.5,0.32142857142857145,0.6666666666666666,0.0,0.6666666666666666,0.0,0.0,0.0
random_3,R1,2,5,2,0.4,0.6666666666666666,0.34375,1.0,0.6666666666666666,0.0,0.0,0.0,0.0
random_3,R1,2,6,2,0.0,0.0,0.0,0.0,0.0,0.0,0.0,0.0,0.0
random_3,R1,2,7,2,0.0,0.0,0.0,0.0,0.0,0.0,0.0,0.0,0.0
random_3,R1,2,8,2,0.0,0.0,0.0,0.0,0.0,0.0,0.0,0.0,0.0
random_3,R1,2,0,3,0.0,0.23750540678699225,0.19682914488109288,0.4408163265306122,0.3333333333333333,0.28401360544217685,0.4040816326530613,0.0,0.0
random_3,R1,2,1,3,0.23750540678699225,0.0,0.2222222222222222,0.6666666666666666,0.5,0.5,0.5953757225433526,0.0,0.0
random_3,R1,2,2,3,0.19682914488109288,0.2222222222222222,0.0,0.36363636363636365,0.2525252525252525,0.23232323232323232,0.25,0.0,0.0
random_3,R1,2,3,3,0.4408163265306122,0.6666666666666666,0.36363636363636365,0.0,0.6666666666666666,0.5,1.0,0.0,0.0
random_3,R1,2,4,3,0.3333333333333333,0.5,0.2525252525252525,0.6666666666666666,0.0,0.5,0.6666666666666666,0.0,0.0
random_3,R1,2,5,3,0.28401360544217685,0.5,0.23232323232323232,0.5,0.5,0.0,0.6666666666666666,0.0,0.0
random_3,R1,2,6,3,0.4040816326530613,0.5953757225433526,0.25,1.0,0.6666666666666666,0.6666666666666666,0.0,0.0,0.0
random_3,R1,2,7,3,0.0,0.0,0.0,0.0,0.0,0.0,0.0,0.0,0.0
random_3,R1,2,8,3,0.0,0.0,0.0,0.0,0.0,0.0,0.0,0.0,0.0
random_3,R1,2,0,4,0.0,0.3223086124401914,0.260899814471243,0.5710227272727273,0.42857142857142855,0.3032670454545454,0.4027597402597402,0.0,0.0
random_3,R1,2,1,4,0.3223086124401914,0.0,0.3871753246753246,1.0,0.75,0.6,0.5723684210526316,0.0,0.0
random_3,R1,2,2,4,0.260899814471243,0.3871753246753246,0.0,0.4339285714285714,0.32142857142857145,0.18824404761904762,0.336038961038961,0.0,0.0
random_3,R1,2,3,4,0.5710227272727273,1.0,0.4339285714285714,0.0,1.0,0.75,1.0,0.0,0.0
random_3,R1,2,4,4,0.42857142857142855,0.75,0.32142857142857145,1.0,0.0,0.5181818181818182,0.7977272727272728,0.0,0.0
random_3,R1,2,5,4,0.3032670454545454,0.6,0.18824404761904762,0.75,0.5181818181818182,0.0,0.52,0.0,0.0
random_3,R1,2,6,4,0.4027597402597402,0.5723684210526316,0.336038961038961,1.0,0.7977272727272728,0.52,0.0,0.0,0.0
random_3,R1,2,7,4,0.0,0.0,0.0,0.0,0.0,0.0,0.0,0.0,0.0
random_3,R1,2,8,4,0.0,0.0,0.0,0.0,0.0,0.0,0.0,0.0,0.0
random_3,R1,2,0,5,0.0,0.31186978073505117,0.25841614906832294,0.5732142857142857,0.42857142857142855,0.3174107142857143,0.3931972789115646,0.0,0.0
random_3,R1,2,1,5,0.31186978073505117,0.0,0.3627717391304348,1.0,0.75,0.6000000000000002,0.5936360320933626,0.0,0.0
random_3,R1,2,2,5,0.25841614906832294,0.3627717391304348,0.0,0.400197628458498,0.3138586956521739,0.16530100334448164,0.3260869565217391,0.0,0.0
random_3,R1,2,3,5,0.5732142857142857,1.0,0.400197628458498,0.0,1.0,0.675,1.0,0.0,0.0
random_3,R1,2,4,5,0.42857142857142855,0.75,0.3138586956521739,1.0,0.0,0.62,0.75,0.0,0.0
random_3,R1,2,5,5,0.3174107142857143,0.6000000000000002,0.16530100334448164,0.675,0.62,0.0,0.48666666666666664,0.0,0.0
random_3,R1,2,6,5,0.3931972789115646,0.5936360320933626,0.3260869565217391,1.0,0.75,0.48666666666666664,0.0,0.0,0.0
random_3,R1,2,7,5,0.0,0.0,0.0,0.0,0.0,0.0,0.0,0.0,0.0
random_3,R1,2,8,5,0.0,0.0,0.0,0.0,0.0,0.0,0.0,0.0,0.0
random_4,R1,3,0,1,0.0,1.0,0.6666666666666666,1.0,0.0,0.0,0.0,0.0,0.0
random_4,R1,3,1,1,1.0,0.0,0.6666666666666666,1.0,0.0,0.0,0.0,0.0,0.0
random_4,R1,3,2,1,0.6666666666666666,0.6666666666666666,0.0,0.6666666666666666,0.0,0.0,0.0,0.0,0.0
random_4,R1,3,3,1,1.0,1.0,0.6666666666666666,0.0,0.0,0.0,0.0,0.0,0.0
random_4,R1,3,4,1,0.0,0.0,0.0,0.0,0.0,0.0,0.0,0.0,0.0
random_4,R1,3,5,1,0.0,0.0,0.0,0.0,0.0,0.0,0.0,0.0,0.0
random_4,R1,3,6,1,0.0,0.0,0.0,0.0,0.0,0.0,0.0,0.0,0.0
random_4,R1,3,7,1,0.0,0.0,0.0,0.0,0.0,0.0,0.0,0.0,0.0
random_4,R1,3,8,1,0.0,0.0,0.0,0.0,0.0,0.0,0.0,0.0,0.0
random_4,R1,3,0,2,0.0,0.5,0.2833333333333334,0.5,0.0,0.0,0.0,0.0,0.0
random_4,R1,3,1,2,0.5,0.0,0.5,1.0,0.0,0.0,0.0,0.0,0.0
random_4,R1,3,2,2,0.2833333333333334,0.5,0.0,0.5,0.0,0.0,0.0,0.0,0.0
random_4,R1,3,3,2,0.5,1.0,0.5,0.0,0.0,0.0,0.0,0.0,0.0
random_4,R1,3,4,2,0.0,0.0,0.0,0.0,0.0,0.0,0.0,0.0,0.0
random_4,R1,3,5,2,0.0,0.0,0.0,0.0,0.0,0.0,0.0,0.0,0.0
random_4,R1,3,6,2,0.0,0.0,0.0,0.0,0.0,0.0,0.0,0.0,0.0
random_4,R1,3,7,2,0.0,0.0,0.0,0.0,0.0,0.0,0.0,0.0,0.0
random_4,R1,3,8,2,0.0,0.0,0.0,0.0,0.0,0.0,0.0,0.0,0.0
random_4,R1,3,0,3,0.0,0.6000000000000001,0.34877622377622375,0.5852272727272728,0.0,0.5568181818181818,0.0,0.0,0.0
random_4,R1,3,1,3,0.6000000000000001,0.0,0.6000000000000001,1.0,0.0,1.0,0.0,0.0,0.0
random_4,R1,3,2,3,0.34877622377622375,0.6000000000000001,0.0,0.5,0.0,0.5673076923076924,0.0,0.0,0.0
random_4,R1,3,3,3,0.5852272727272728,1.0,0.5,0.0,0.0,0.75,0.0,0.0,0.0
random_4,R1,3,4,3,0.0,0.0,0.0,0.0,0.0,0.0,0.0,0.0,0.0
random_4,R1,3,5,3,0.5568181818181818,1.0,0.5673076923076924,0.75,0.0,0.0,0.0,0.0,0.0
random_4,R1,3,6,3,0.0,0.0,0.0,0.0,0.0,0.0,0.0,0.0,0.0
random_4,R1,3,7,3,0.0,0.0,0.0,0.0,0.0,0.0,0.0,0.0,0.0
random_4,R1,3,8,3,0.0,0.0,0.0,0.0,0.0,0.0,0.0,0.0,0.0
random_4,R1,3,0,4,0.0,1.0,0.5410714285714286,0.6607142857142858,0.0,0.47240259740259744,0.0,0.0,0.0
random_4,R1,3,1,4,1.0,0.0,1.0,1.0,0.0,0.8571428571428571,0.0,0.0,0.0
random_4,R1,3,2,4,0.5410714285714286,1.0,0.0,0.7750000000000001,0.0,0.4943181818181818,0.0,0.0,0.0
random_4,R1,3,3,4,0.6607142857142858,1.0,0.7750000000000001,0.0,0.0,0.5204545454545454,0.0,0.0,0.0
random_4,R1,3,4,4,0.0,0.0,0.0,0.0,0.0,0.0,0.0,0.0,0.0
random_4,R1,3,5,4,0.47240259740259744,0.8571428571428571,0.4943181818181818,0.5204545454545454,0.0,0.0,0.0,0.0,0.0
random_4,R1,3,6,4,0.0,0.0,0.0,0.0,0.0,0.0,0.0,0.0,0.0
random_4,R1,3,7,4,0.0,0.0,0.0,0.0,0.0,0.0,0.0,0.0,0.0
random_4,R1,3,8,4,0.0,0.0,0.0,0.0,0.0,0.0,0.0,0.0,0.0
random_4,R1,3,0,5,0.0,1.0,0.5105519480519481,0.5518465909090909,0.0,0.39729020979020985,0.0,0.0,0.0
random_4,R1,3,1,5,1.0,0.0,0.8571428571428571,0.75,0.0,0.909090909090909,0.0,0.0,0.0
random_4,R1,3,2,5,0.5105519480519481,0.8571428571428571,0.0,0.58991008991009,0.0,0.3302411873840446,0.0,0.0,0.0
random_4,R1,3,3,5,0.5518465909090909,0.75,0.58991008991009,0.0,0.0,0.3727272727272728,0.0,0.0,0.0
random_4,R1,3,4,5,0.0,0.0,0.0,0.0,0.0,0.0,0.0,0.0,0.0
random_4,R1,3,5,5,0.39729020979020985,0.909090909090909,0.3302411873840446,0.3727272727272728,0.0,0.0,0.0,0.0,0.0
random_4,R1,3,6,5,0.0,0.0,0.0,0.0,0.0,0.0,0.0,0.0,0.0
random_4,R1,3,7,5,0.0,0.0,0.0,0.0,0.0,0.0,0.0,0.0,0.0
random_4,R1,3,8,5,0.0,0.0,0.0,0.0,0.0,0.0,0.0,0.0,0.0
random_5,R1,4,0,1,0.0,0.0,0.0,0.5833333333333335,0.0,1.0,0.0,0.0,0.0
random_5,R1,4,1,1,0.0,0.0,0.0,0.0,0.0,0.0,0.0,0.0,0.0
random_5,R1,4,2,1,0.0,0.0,0.0,0.0,0.0,0.0,0.0,0.0,0.0
random_5,R1,4,3,1,0.5833333333333335,0.0,0.0,0.0,0.0,1.0,0.0,0.0,0.0
random_5,R1,4,4,1,0.0,0.0,0.0,0.0,0.0,0.0,0.0,0.0,0.0
random_5,R1,4,5,1,1.0,0.0,0.0,1.0,0.0,0.0,0.0,0.0,0.0
random_5,R1,4,6,1,0.0,0.0,0.0,0.0,0.0,0.0,0.0,0.0,0.0
random_5,R1,4,7,1,0.0,0.0,0.0,0.0,0.0,0.0,0.0,0.0,0.0
random_5,R1,4,8,1,0.0,0.0,0.0,0.0,0.0,0.0,0.0,0.0,0.0
random_5,R1,4,0,2,0.0,0.0,0.75,0.325,0.0,0.45,0.9,0.0,0.9
random_5,R1,4,1,2,0.0,0.0,0.0,0.0,0.0,0.0,0.0,0.0,0.0
random_5,R1,4,2,2,0.75,0.0,0.0,0.625,0.0,0.75,1.0,0.0,1.0
random_5,R1,4,3,2,0.325,0.0,0.625,0.0,0.0,0.75,1.0,0.0,1.0
random_5,R1,4,4,2,0.0,0.0,0.0,0.0,0.0,0.0,0.0,0.0,0.0
random_5,R1,4,5,2,0.45,0.0,0.75,0.75,0.0,0.0,0.9,0.0,0.9
random_5,R1,4,6,2,0.9,0.0,1.0,1.0,0.0,0.9,0.0,0.0,0.0
random_5,R1,4,7,2,0.0,0.0,0.0,0.0,0.0,0.0,0.0,0.0,0.0
random_5,R1,4,8,2,0.9,0.0,1.0,1.0,0.0,0.9,0.0,0.0,0.0
random_5,R1,4,0,3,0.0,0.0,0.3333333333333333,0.15818798449612403,0.5232558139534884,0.30177187153931334,0.5232558139534884,0.5,0.5232558139534884
random_5,R1,4,1,3,0.0,0.0,0.0,0.0,0.0,0.0,0.0,0.0,0.0
random_5,R1,4,2,3,0.3333333333333333,0.0,0.0,0.2604166666666667,0.5,0.30357142857142855,0.5,0.5625,0.5
random_5,R1,4,3,3,0.15818798449612403,0.0,0.2604166666666667,0.0,0.5,0.3422619047619048,0.5,0.5,0.5
random_5,R1,4,4,3,0.5232558139534884,0.0,0.5,0.5,0.0,0.42857142857142855,0.0,1.0,0.0
random_5,R1,4,5,3,0.30177187153931334,0.0,0.30357142857142855,0.3422619047619048,0.42857142857142855,0.0,0.42857142857142855,0.5,0.42857142857142855
random_5,R1,4,6,3,0.5232558139534884,0.0,0.5,0.5,0.0,0.42857142857142855,0.0,1.0,0.0
random_5,R1,4,7,3,0.5,0.0,0.5625,0.5,1.0,0.5,1.0,0.0,1.0
random_5,R1,4,8,3,0.5232558139534884,0.0,0.5,0.5,0.0,0.42857142857142855,0.0,1.0,0.0
random_5,R1,4,0,4,0.0,0.0,0.2872603586889301,0.1562152133580705,0.38961038961038963,0.2528756957328386,0.38961038961038963,0.5688311688311687,0.38961038961038963
random_5,R1,4,1,4,0.0,0.0,0.0,0.0,0.0,0.0,0.0,0.0,0.0
random_5,R1,4,2,4,0.2872603586889301,0.0,0.0,0.25666666666666665,0.5,0.33888888888888885,0.5,0.625,0.5
random_5,R1,4,3,4,0.1562152133580705,0.0,0.25666666666666665,0.0,0.5,0.30333333333333334,0.5,0.5,0.5
random_5,R1,4,4,4,0.38961038961038963,0.0,0.5,0.5,0.0,0.30000000000000004,0.0,1.0,0.0
random_5,R1,4,5,4,0.2528756957328386,0.0,0.33888888888888885,0.30333333333333334,0.30000000000000004,0.0,0.30000000000000004,0.5,0.30000000000000004
random_5,R1,4,6,4,0.38961038961038963,0.0,0.5,0.5,0.0,0.30000000000000004,0.0,1.0,0.0
random_5,R1,4,7,4,0.5688311688311687,0.0,0.625,0.5,1.0,0.5,1.0,0.0,1.0
random_5,R1,4,8,4,0.38961038961038963,0.0,0.5,0.5,0.0,0.30000000000000004,0.0,1.0,0.0
random_5,R1,4,0,5,0.0,0.0,0.4351851851851852,0.25953773322194373,0.5873015873015873,0.3942477275810609,0.5873015873015873,0.4557823129251701,0.5873015873015873
random_5,R1,4,1,5,0.0,0.0,0.0,0.0,0.0,0.0,0.0,0.0,0.0
random_5,R1,4,2,5,0.4351851851851852,0.0,0.0,0.4161184210526315,0.8,0.5360576923076924,0.8,0.7083333333333334,0.8
random_5,R1,4,3,5,0.25953773322194373,0.0,0.4161184210526315,0.0,0.8,0.4534412955465587,0.8,0.6666666666666666,0.8
random_5,R1,4,4,5,0.5873015873015873,0.0,0.8,0.8,0.0,0.4615384615384615,0.0,1.0,0.0
random_5,R1,4,5,5,0.3942477275810609,0.0,0.5360576923076924,0.4534412955465587,0.4615384615384615,0.0,0.4615384615384615,0.3717948717948718,0.4615384615384615
random_5,R1,4,6,5,0.5873015873015873,0.0,0.8,0.8,0.0,0.4615384615384615,0.0,1.0,0.0
random_5,R1,4,7,5,0.4557823129251701,0.0,0.7083333333333334,0.6666666666666666,1.0,0.3717948717948718,1.0,0.0,1.0
random_5,R1,4,8,5,0.5873015873015873,0.0,0.8,0.8,0.0,0.4615384615384615,0.0,1.0,0.0
random_6,R1,5,0,1,0.0,0.0,0.21148989898989895,0.4125,0.0,0.0,0.4,0.0,0.0
random_6,R1,5,1,1,0.0,0.0,0.0,0.0,0.0,0.0,0.0,0.0,0.0
random_6,R1,5,2,1,0.21148989898989895,0.0,0.0,0.3333333333333333,0.0,0.0,0.3333333333333333,0.0,0.0
random_6,R1,5,3,1,0.4125,0.0,0.3333333333333333,0.0,0.0,0.0,1.0,0.0,0.0
random_6,R1,5,4,1,0.0,0.0,0.0,0.0,0.0,0.0,0.0,0.0,0.0
random_6,R1,5,5,1,0.0,0.0,0.0,0.0,0.0,0.0,0.0,0.0,0.0
random_6,R1,5,6,1,0.4,0.0,0.3333333333333333,1.0,0.0,0.0,0.0,0.0,0.0
random_6,R1,5,7,1,0.0,0.0,0.0,0.0,0.0,0.0,0.0,0.0,0.0
random_6,R1,5,8,1,0.0,0.0,0.0,0.0,0.0,0.0,0.0,0.0,0.0
random_6,R1,5,0,2,0.0,0.0,0.13658008658008655,0.25151515151515147,0.0,0.2961038961038961,0.412987012987013,0.0,0.0
random_6,R1,5,1,2,0.0,0.0,0.0,0.0,0.0,0.0,0.0,0.0,0.0
random_6,R1,5,2,2,0.13658008658008655,0.0,0.0,0.22333333333333333,0.0,0.2222222222222222,0.3111111111111111,0.0,0.0
random_6,R1,5,3,2,0.25151515151515147,0.0,0.22333333333333333,0.0,0.0,0.6666666666666666,0.6666666666666666,0.0,0.0
random_6,R1,5,4,2,0.0,0.0,0.0,0.0,0.0,0.0,0.0,0.0,0.0
random_6,R1,5,5,2,0.2961038961038961,0.0,0.2222222222222222,0.6666666666666666,0.0,0.0,1.0,0.0,0.0
random_6,R1,5,6,2,0.412987012987013,0.0,0.3111111111111111,0.6666666666666666,0.0,1.0,0.0,0.0,0.0
random_6,R1,5,7,2,0.0,0.0,0.0,0.0,0.0,0.0,0.0,0.0,0.0
random_6,R1,5,8,2,0.0,0.0,0.0,0.0,0.0,0.0,0.0,0.0,0.0
random_6,R1,5,0,3,0.0,0.0,0.17006755182855812,0.3836805555555556,0.0,0.3680555555555556,0.6111111111111112,0.0,0.0
random_6,R1,5,1,3,0.0,0.0,0.0,0.0,0.0,0.0,0.0,0.0,0.0
random_6,R1,5,2,3,0.17006755182855812,0.0,0.0,0.29138078902229847,0.0,0.2945969125214409,0.4330188679245283,0.0,0.0
random_6,R1,5,3,3,0.3836805555555556,0.0,0.29138078902229847,0.0,0.0,0.75,1.0,0.0,0.0
random_6,R1,5,4,3,0.0,0.0,0.0,0.0,0.0,0.0,0.0,0.0,0.0
random_6,R1,5,5,3,0.3680555555555556,0.0,0.2945969125214409,0.75,0.0,0.0,1.0,0.0,0.0
random_6,R1,5,6,3,0.6111111111111112,0.0,0.4330188679245283,1.0,0.0,1.0,0.0,0.0,0.0
random_6,R1,5,7,3,0.0,0.0,0.0,0.0,0.0,0.0,0.0,0.0,0.0
random_6,R1,5,8,3,0.0,0.0,0.0,0.0,0.0,0.0,0.0,0.0,0.0
random_6,R1,5,0,4,0.0,0.0,0.16995637089991586,0.38362068965517243,0.0,0.23563218390804594,0.5985221674876847,0.0,0.0
random_6,R1,5,1,4,0.0,0.0,0.0,0.0,0.0,0.0,0.0,0.0,0.0
random_6,R1,5,2,4,0.16995637089991586,0.0,0.0,0.35213414634146345,0.0,0.22007504690431523,0.3991130820399113,0.0,0.0
random_6,R1,5,3,4,0.38362068965517243,0.0,0.35213414634146345,0.0,0.0,0.6,1.0,0.0,0.0
random_6,R1,5,4,4,0.0,0.0,0.0,0.0,0.0,0.0,0.0,0.0,0.0
random_6,R1,5,5,4,0.23563218390804594,0.0,0.22007504690431523,0.6,0.0,0.0,0.75,0.0,0.0
random_6,R1,5,6,4,0.5985221674876847,0.0,0.3991130820399113,1.0,0.0,0.75,0.0,0.0,0.0
random_6,R1,5,7,4,0.0,0.0,0.0,0.0,0.0,0.0,0.0,0.0,0.0
random_6,R1,5,8,4,0.0,0.0,0.0,0.0,0.0,0.0,0.0,0.0,0.0
random_6,R1,5,0,5,0.0,0.0,0.2083433014354067,0.39885290148448044,0.0,0.38178780284043445,0.8007518796992482,0.0,0.0
random_6,R1,5,1,5,0.0,0.0,0.0,0.0,0.0,0.0,0.0,0.0,0.0
random_6,R1,5,2,5,0.2083433014354067,0.0,0.0,0.35494505494505496,0.0,0.2835164835164835,0.5305785123966943,0.0,0.0
random_6,R1,5,3,5,0.39885290148448044,0.0,0.35494505494505496,0.0,0.0,0.5714285714285714,0.8,0.0,0.0
random_6,R1,5,4,5,0.0,0.0,0.0,0.0,0.0,0.0,0.0,0.0,0.0
random_6,R1,5,5,5,0.38178780284043445,0.0,0.2835164835164835,0.5714285714285714,0.0,0.0,1.0,0.0,0.0
random_6,R1,5,6,5,0.8007518796992482,0.0,0.5305785123966943,0.8,0.0,1.0,0.0,0.0,0.0
random_6,R1,5,7,5,0.0,0.0,0.0,0.0,0.0,0.0,0.0,0.0,0.0
random_6,R1,5,8,5,0.0,0.0,0.0,0.0,0.0,0.0,0.0,0.0,0.0
clustered_1,C1,0,0,1,0.0,0.21724137931034482,0.0,0.0,0.25,0.43333333333333335,0.3333333333333333,0.0,0.0
clustered_1,C1,0,1,1,0.21724137931034482,0.0,0.0,0.0,0.26436781609195403,0.5,0.15517241379310343,0.0,0.0
clustered_1,C1,0,2,1,0.0,0.0,0.0,0.0,0.0,0.0,0.0,0.0,0.0
clustered_1,C1,0,3,1,0.0,0.0,0.0,0.0,0.0,0.0,0.0,0.0,0.0
clustered_1,C1,0,4,1,0.25,0.26436781609195403,0.0,0.0,0.0,0.5,0.45000000000000007,0.0,0.0
clustered_1,C1,0,5,1,0.43333333333333335,0.5,0.0,0.0,0.5,0.0,1.0,0.0,0.0
clustered_1,C1,0,6,1,0.3333333333333333,0.15517241379310343,0.0,0.0,0.45000000000000007,1.0,0.0,0.0,0.0
clustered_1,C1,0,7,1,0.0,0.0,0.0,0.0,0.0,0.0,0.0,0.0,0.0
clustered_1,C1,0,8,1,0.0,0.0,0.0,0.0,0.0,0.0,0.0,0.0,0.0
clustered_1,C1,0,0,2,0.0,0.15861865407319956,0.2222222222222222,0.30000000000000004,0.18181818181818182,0.30000000000000004,0.185,0.0,0.2222222222222222
clustered_1,C1,0,1,2,0.15861865407319956,0.0,0.6623376623376623,0.5,0.13419913419913418,0.5,0.137012987012987,0.0,0.23376623376623376
clustered_1,C1,0,2,2,0.2222222222222222,0.6623376623376623,0.0,1.0,0.6875,1.0,0.6666666666666666,0.0,1.0
clustered_1,C1,0,3,2,0.30000000000000004,0.5,1.0,0.0,0.5,1.0,0.6666666666666666,0.0,1.0
clustered_1,C1,0,4,2,0.18181818181818182,0.13419913419913418,0.6875,0.5,0.0,0.5,0.19999999999999998,0.0,0.3125
clustered_1,C1,0,5,2,0.30000000000000004,0.5,1.0,1.0,0.5,0.0,0.6666666666666666,0.0,1.0
clustered_1,C1,0,6,2,0.185,0.137012987012987,0.6666666666666666,0.6666666666666666,0.19999999999999998,0.6666666666666666,0.0,0.0,0.25
clustered_1,C1,0,7,2,0.0,0.0,0.0,0.0,0.0,0.0,0.0,0.0,0.0
clustered_1,C1,0,8,2,0.2222222222222222,0.23376623376623376,1.0,1.0,0.3125,1.0,0.25,0.0,0.0
clustered_1,C1,0,0,3,0.0,0.2495709670906521,0.27809591982820336,0.4566929133858268,0.25271653543307093,0.24606299212598431,0.26588224767358626,0.0,0.30000000000000004
clustered_1,C1,0,1,3,0.2495709670906521,0.0,0.41785714285714287,0.6000000000000001,0.23480769230769227,0.375,0.264423076923077,0.0,0.40224358974358976
clustered_1,C1,0,2,3,0.27809591982820336,0.41785714285714287,0.0,0.45000000000000007,0.42,0.3910714285714285,0.5,0.0,0.6000000000000001
clustered_1,C1,0,3,3,0.4566929133858268,0.6000000000000001,0.45000000000000007,0.0,0.6000000000000001,0.6000000000000001,0.75,0.0,1.0
clustered_1,C1,0,4,3,0.25271653543307093,0.23480769230769227,0.42,0.6000000000000001,0.0,0.3759375,0.27,0.0,0.11000000000000003
clustered_1,C1,0,5,3,0.24606299212598431,0.375,0.3910714285714285,0.6000000000000001,0.3759375,0.0,0.42857142857142855,0.0,0.5
clustered_1,C1,0,6,3,0.26588224767358626,0.264423076923077,0.5,0.75,0.27,0.42857142857142855,0.0,0.0,0.3375
clustered_1,C1,0,7,3,0.0,0.0,0.0,0.0,0.0,0.0,0.0,0.0,0.0
clustered_1,C1,0,8,3,0.30000000000000004,0.40224358974358976,0.6000000000000001,1.0,0.11000000000000003,0.5,0.3375,0.0,0.0
clustered_1,C1,0,0,4,0.0,0.4345020855057351,0.3630952380952381,0.4772727272727273,0.42841880341880334,0.37400793650793634,0.4488636363636364,0.0,0.5
clustered_1,C1,0,1,4,0.4345020855057351,0.0,0.3806772100567721,0.7142857142857142,0.5075566161332584,0.6249999999999999,0.4083029197080291,0.0,0.632603406326034
clustered_1,C1,0,2,4,0.3630952380952381,0.3806772100567721,0.0,0.6071428571428571,0.5876068376068374,0.5381944444444444,0.7142857142857142,0.0,0.8333333333333333
clustered_1,C1,0,3,4,0.4772727272727273,0.7142857142857142,0.6071428571428571,0.0,0.7142857142857142,0.6964285714285714,0.8333333333333333,0.0,1.0
clustered_1,C1,0,4,4,0.42841880341880334,0.5075566161332584,0.5876068376068374,0.7142857142857142,0.0,0.6270032051282051,0.5998168498168499,0.0,0.12820512820512822
clustered_1,C1,0,5,4,0.37400793650793634,0.6249999999999999,0.5381944444444444,0.6964285714285714,0.6270032051282051,0.0,0.7589285714285713,0.0,0.8333333333333333
clustered_1,C1,0,6,4,0.4488636363636364,0.4083029197080291,0.7142857142857142,0.8333333333333333,0.5998168498168499,0.7589285714285713,0.0,0.0,0.5625
clustered_1,C1,0,7,4,0.0,0.0,0.0,0.0,0.0,0.0,0.0,0.0,0.0
clustered_1,C1,0,8,4,0.5,0.632603406326034,0.8333333333333333,1.0,0.12820512820512822,0.8333333333333333,0.5625,0.0,0.0
clustered_1,C1,0,0,5,0.0,0.5117745590698591,0.4322427195730362,0.6559714795008912,0.5193270016339868,0.3929110105580693,0.5461229946524064,0.0,0.4858083093377211
clustered_1,C1,0,1,5,0.5117745590698591,0.0,0.49884035562427514,0.8571428571428571,0.5945646199748743,0.6666666666666666,0.49075735821966976,0.0,0.6514716439339556
clustered_1,C1,0,2,5,0.4322427195730362,0.49884035562427514,0.0,0.5625000000000001,0.6262019230769231,0.5423076923076924,0.75,0.0,0.75
clustered_1,C1,0,3,5,0.6559714795008912,0.8571428571428571,0.5625000000000001,0.0,0.8571428571428571,0.7083333333333335,1.0,0.0,1.0
clustered_1,C1,0,4,5,0.5193270016339868,0.5945646199748743,0.6262019230769231,0.8571428571428571,0.0,0.7065972222222223,0.7299107142857143,0.0,0.2848557692307693
clustered_1,C1,0,5,5,0.3929110105580693,0.6666666666666666,0.5423076923076924,0.7083333333333335,0.7065972222222223,0.0,0.703125,0.0,0.639423076923077
clustered_1,C1,0,6,5,0.5461229946524064,0.49075735821966976,0.75,1.0,0.7299107142857143,0.703125,0.0,0.0,0.5192307692307692
clustered_1,C1,0,7,5,0.0,0.0,0.0,0.0,0.0,0.0,0.0,0.0,0.0
clustered_1,C1,0,8,5,0.4858083093377211,0.6514716439339556,0.75,1.0,0.2848557692307693,0.639423076923077,0.5192307692307692,0.0,0.0
clustered_2,C1,1,0,1,0.0,0.2857142857142857,0.3333333333333333,0.4,0.2857142857142857,0.4,0.0,0.0,0.0
clustered_2,C1,1,1,1,0.2857142857142857,0.0,0.4,0.5,0.23985890652557318,0.40277777777777773,0.0,0.0,0.0
clustered_2,C1,1,2,1,0.3333333333333333,0.4,0.0,0.5,0.32857142857142857,0.6666666666666666,0.0,0.0,0.0
clustered_2,C1,1,3,1,0.4,0.5,0.5,0.0,0.5357142857142857,1.0,0.0,0.0,0.0
clustered_2,C1,1,4,1,0.2857142857142857,0.23985890652557318,0.32857142857142857,0.5357142857142857,0.0,0.5,0.0,0.0,0.0
clustered_2,C1,1,5,1,0.4,0.40277777777777773,0.6666666666666666,1.0,0.5,0.0,0.0,0.0,0.0
clustered_2,C1,1,6,1,0.0,0.0,0.0,0.0,0.0,0.0,0.0,0.0,0.0
clustered_2,C1,1,7,1,0.0,0.0,0.0,0.0,0.0,0.0,0.0,0.0,0.0
clustered_2,C1,1,8,1,0.0,0.0,0.0,0.0,0.0,0.0,0.0,0.0,0.0
clustered_2,C1,1,0,2,0.0,0.33942687747035577,0.43607954545454547,0.3403003246753246,0.29914772727272726,0.2866161616161616,0.6282467532467534,0.0,0.0
clustered_2,C1,1,1,2,0.33942687747035577,0.0,0.6503623188405797,0.5,0.2802309782608696,0.2981366459627329,0.6456521739130436,0.0,0.0
clustered_2,C1,1,2,2,0.43607954545454547,0.6503623188405797,0.0,0.5892857142857143,0.48958333333333337,0.6,1.0,0.0,0.0
clustered_2,C1,1,3,2,0.3403003246753246,0.5,0.5892857142857143,0.0,0.5491071428571429,0.42857142857142866,1.0,0.0,0.0
clustered_2,C1,1,4,2,0.29914772727272726,0.2802309782608696,0.48958333333333337,0.5491071428571429,0.0,0.42857142857142855,0.84375,0.0,0.0
clustered_2,C1,1,5,2,0.2866161616161616,0.2981366459627329,0.6,0.42857142857142866,0.42857142857142855,0.0,0.75,0.0,0.0
clustered_2,C1,1,6,2,0.6282467532467534,0.6456521739130436,1.0,1.0,0.84375,0.75,0.0,0.0,0.0
clustered_2,C1,1,7,2,0.0,0.0,0.0,0.0,0.0,0.0,0.0,0.0,0.0
clustered_2,C1,1,8,2,0.0,0.0,0.0,0.0,0.0,0.0,0.0,0.0,0.0
clustered_2,C1,1,0,3,0.0,0.35811473795568655,0.4171485127884564,0.32358451069708033,0.33809970307860593,0.35329594323187063,0.6938584153774026,0.0,0.0
clustered_2,C1,1,1,3,0.35811473795568655,0.0,0.5733168112350269,0.4938271604938271,0.4025827252283262,0.3359493322318601,0.7633209417596033,0.0,0.0
clustered_2,C1,1,2,3,0.4171485127884564,0.5733168112350269,0.0,0.39048925468678547,0.5590828924162258,0.5761316872427983,0.8641975308641975,0.0,0.0
clustered_2,C1,1,3,3,0.32358451069708033,0.4938271604938271,0.39048925468678547,0.0,0.5780913188320596,0.3840877914951989,0.8641975308641975,0.0,0.0
clustered_2,C1,1,4,3,0.33809970307860593,0.4025827252283262,0.5590828924162258,0.5780913188320596,0.0,0.4938271604938271,1.0,0.0,0.0
clustered_2,C1,1,5,3,0.35329594323187063,0.3359493322318601,0.5761316872427983,0.3840877914951989,0.4938271604938271,0.0,0.8641975308641974,0.0,0.0
clustered_2,C1,1,6,3,0.6938584153774026,0.7633209417596033,0.8641975308641975,0.8641975308641975,1.0,0.8641975308641974,0.0,0.0,0.0
clustered_2,C1,1,7,3,0.0,0.0,0.0,0.0,0.0,0.0,0.0,0.0,0.0
clustered_2,C1,1,8,3,0.0,0.0,0.0,0.0,0.0,0.0,0.0,0.0,0.0
clustered_2,C1,1,0,4,0.0,0.3612522742957525,0.3357753357753358,0.41154401154401155,0.40333333333333327,0.3560606060606061,0.3952380952380952,0.5,0.0
clustered_2,C1,1,1,4,0.3612522742957525,0.0,0.45830546265328875,0.5,0.3930434782608695,0.4101751207729468,0.46790890269151136,0.8,0.0
clustered_2,C1,1,2,4,0.3357753357753358,0.45830546265328875,0.0,0.34615384615384615,0.42741258741258736,0.45576923076923076,0.5128205128205128,0.7912087912087912,0.0
clustered_2,C1,1,3,4,0.41154401154401155,0.5,0.34615384615384615,0.0,0.4977777777777778,0.4,0.40952380952380946,0.8,0.0
clustered_2,C1,1,4,4,0.40333333333333327,0.3930434782608695,0.42741258741258736,0.4977777777777778,0.0,0.4444444444444444,0.4533333333333333,0.4000000000000001,0.0
clustered_2,C1,1,5,4,0.3560606060606061,0.4101751207729468,0.45576923076923076,0.4,0.4444444444444444,0.0,0.42857142857142855,0.8,0.0
clustered_2,C1,1,6,4,0.3952380952380952,0.46790890269151136,0.5128205128205128,0.40952380952380946,0.4533333333333333,0.42857142857142855,0.0,1.0,0.0
clustered_2,C1,1,7,4,0.5,0.8,0.7912087912087912,0.8,0.4000000000000001,0.8,1.0,0.0,0.0
clustered_2,C1,1,8,4,0.0,0.0,0.0,0.0,0.0,0.0,0.0,0.0,0.0
clustered_2,C1,1,0,5,0.0,0.25505980862793043,0.25807544876589383,0.3090489009474956,0.2892270176929146,0.2737386958591147,0.28932651118514996,0.3333333333333333,0.337303664921466
clustered_2,C1,1,1,5,0.25505980862793043,0.0,0.3545016077170418,0.3764977153494669,0.2561489670968595,0.2523141381662282,0.29798030546623794,0.5,0.2552824988516307
clustered_2,C1,1,2,5,0.25807544876589383,0.3545016077170418,0.0,0.27362440191387555,0.31884339975093406,0.3741477272727273,0.40625,0.6026785714285715,0.43359375
clustered_2,C1,1,3,5,0.3090489009474956,0.3764977153494669,0.27362440191387555,0.0,0.32963229992790194,0.2440191387559808,0.2911184210526315,0.5,0.42857142857142855
clustered_2,C1,1,4,5,0.2892270176929146,0.2561489670968595,0.31884339975093406,0.32963229992790194,0.0,0.3333333333333333,0.37114726027397266,0.3287671232876712,0.4315068493150685
clustered_2,C1,1,5,5,0.2737386958591147,0.2523141381662282,0.3741477272727273,0.2440191387559808,0.3333333333333333,0.0,0.24350649350649348,0.6000000000000001,0.5
clustered_2,C1,1,6,5,0.28932651118514996,0.29798030546623794,0.40625,0.2911184210526315,0.37114726027397266,0.24350649350649348,0.0,0.84375,0.525
clustered_2,C1,1,7,5,0.3333333333333333,0.5,0.6026785714285715,0.5,0.3287671232876712,0.6000000000000001,0.84375,0.0,1.0
clustered_2,C1,1,8,5,0.337303664921466,0.2552824988516307,0.43359375,0.42857142857142855,0.4315068493150685,0.5,0.525,1.0,0.0
clustered_3,C1,2,0,1,0.0,0.29907084785133564,0.4,0.0,0.4,0.5499999999999999,0.0,0.0,0.0
clustered_3,C1,2,1,1,0.29907084785133564,0.0,0.5,0.0,0.5,0.5,0.0,0.0,0.0
clustered_3,C1,2,2,1,0.4,0.5,0.0,0.0,1.0,1.0,0.0,0.0,0.0
clustered_3,C1,2,3,1,0.0,0.0,0.0,0.0,0.0,0.0,0.0,0.0,0.0
clustered_3,C1,2,4,1,0.4,0.5,1.0,0.0,0.0,1.0,0.0,0.0,0.0
clustered_3,C1,2,5,1,0.5499999999999999,0.5,1.0,0.0,1.0,0.0,0.0,0.0,0.0
clustered_3,C1,2,6,1,0.0,0.0,0.0,0.0,0.0,0.0,0.0,0.0,0.0
clustered_3,C1,2,7,1,0.0,0.0,0.0,0.0,0.0,0.0,0.0,0.0,0.0
clustered_3,C1,2,8,1,0.0,0.0,0.0,0.0,0.0,0.0,0.0,0.0,0.0
clustered_3,C1,2,0,2,0.0,0.4540429654111345,0.5,0.0,0.42857142857142855,0.592391304347826,0.6000000000000001,0.0,0.0
clustered_3,C1,2,1,2,0.4540429654111345,0.0,0.6000000000000001,0.0,0.4432339449541284,0.6000000000000001,0.6089449541284403,0.0,0.0
clustered_3,C1,2,2,2,0.5,0.6000000000000001,0.0,0.0,0.525,0.75,1.0,0.0,0.0
clustered_3,C1,2,3,2,0.0,0.0,0.0,0.0,0.0,0.0,0.0,0.0,0.0
clustered_3,C1,2,4,2,0.42857142857142855,0.4432339449541284,0.525,0.0,0.0,0.6000000000000001,0.75,0.0,0.0
clustered_3,C1,2,5,2,0.592391304347826,0.6000000000000001,0.75,0.0,0.6000000000000001,0.0,1.0,0.0,0.0
clustered_3,C1,2,6,2,0.6000000000000001,0.6089449541284403,1.0,0.0,0.75,1.0,0.0,0.0,0.0
clustered_3,C1,2,7,2,0.0,0.0,0.0,0.0,0.0,0.0,0.0,0.0,0.0
clustered_3,C1,2,8,2,0.0,0.0,0.0,0.0,0.0,0.0,0.0,0.0,0.0
clustered_3,C1,2,0,3,0.0,0.31020552441549265,0.25,0.3804878048780488,0.2857142857142857,0.203760162601626,0.4,0.3333333333333333,0.0
clustered_3,C1,2,1,3,0.31020552441549265,0.0,0.2857142857142857,0.5,0.2584541062801933,0.32298136645962733,0.4311594202898551,0.2028985507246377,0.0
clustered_3,C1,2,2,3,0.25,0.2857142857142857,0.0,0.39999999999999997,0.25850340136054417,0.24999999999999997,0.39999999999999997,0.31746031746031744,0.0
clustered_3,C1,2,3,3,0.3804878048780488,0.5,0.39999999999999997,0.0,0.49999999999999994,0.4,1.0,0.6666666666666666,0.0
clustered_3,C1,2,4,3,0.2857142857142857,0.2584541062801933,0.25850340136054417,0.49999999999999994,0.0,0.2857142857142857,0.49999999999999994,0.3333333333333333,0.0
clustered_3,C1,2,5,3,0.203760162601626,0.32298136645962733,0.24999999999999997,0.4,0.2857142857142857,0.0,0.4,0.3333333333333333,0.0
clustered_3,C1,2,6,3,0.4,0.4311594202898551,0.39999999999999997,1.0,0.49999999999999994,0.4,0.0,0.6666666666666666,0.0
clustered_3,C1,2,7,3,0.3333333333333333,0.2028985507246377,0.31746031746031744,0.6666666666666666,0.3333333333333333,0.3333333333333333,0.6666666666666666,0.0,0.0
clustered_3,C1,2,8,3,0.0,0.0,0.0,0.0,0.0,0.0,0.0,0.0,0.0
clustered_3,C1,2,0,4,0.0,0.2623644986449864,0.25,0.32500000000000007,0.2857142857142857,0.17881944444444442,0.4,0.3333333333333333,0.0
clustered_3,C1,2,1,4,0.2623644986449864,0.0,0.3321900406504065,0.39999999999999997,0.2582752613240418,0.2703506097560976,0.36402439024390243,0.16548102981029808,0.0
clustered_3,C1,2,2,4,0.25,0.3321900406504065,0.0,0.4,0.29761904761904756,0.25,0.4,0.3333333333333333,0.0
clustered_3,C1,2,3,4,0.32500000000000007,0.39999999999999997,0.4,0.0,0.5,0.4,1.0,0.6666666666666666,0.0
clustered_3,C1,2,4,4,0.2857142857142857,0.2582752613240418,0.29761904761904756,0.5,0.0,0.2857142857142857,0.5,0.3833333333333333,0.0
clustered_3,C1,2,5,4,0.17881944444444442,0.2703506097560976,0.25,0.4,0.2857142857142857,0.0,0.4,0.3333333333333333,0.0
clustered_3,C1,2,6,4,0.4,0.36402439024390243,0.4,1.0,0.5,0.4,0.0,0.6666666666666666,0.0
clustered_3,C1,2,7,4,0.3333333333333333,0.16548102981029808,0.3333333333333333,0.6666666666666666,0.3833333333333333,0.3333333333333333,0.6666666666666666,0.0,0.0
clustered_3,C1,2,8,4,0.0,0.0,0.0,0.0,0.0,0.0,0.0,0.0,0.0
clustered_3,C1,2,0,5,0.0,0.19614768244575936,0.265625,0.2760416666666667,0.25,0.17830165692007796,0.3333333333333333,0.2857142857142857,0.0
clustered_3,C1,2,1,5,0.19614768244575936,0.0,0.2613412228796844,0.3333333333333333,0.20898596124840474,0.2544032665490155,0.33136094674556216,0.13834883065652295,0.0
clustered_3,C1,2,2,5,0.265625,0.2613412228796844,0.0,0.4583333333333333,0.2297794117647059,0.2222222222222222,0.3333333333333333,0.29761904761904756,0.0
clustered_3,C1,2,3,5,0.2760416666666667,0.3333333333333333,0.4583333333333333,0.0,0.5,0.4,1.0,0.6666666666666666,0.0
clustered_3,C1,2,4,5,0.25,0.20898596124840474,0.2297794117647059,0.5,0.0,0.2857142857142857,0.5,0.28627450980392155,0.0
clustered_3,C1,2,5,5,0.17830165692007796,0.2544032665490155,0.2222222222222222,0.4,0.2857142857142857,0.0,0.4,0.3333333333333333,0.0
clustered_3,C1,2,6,5,0.3333333333333333,0.33136094674556216,0.3333333333333333,1.0,0.5,0.4,0.0,0.6666666666666666,0.0
clustered_3,C1,2,7,5,0.2857142857142857,0.13834883065652295,0.29761904761904756,0.6666666666666666,0.28627450980392155,0.3333333333333333,0.6666666666666666,0.0,0.0
clustered_3,C1,2,8,5,0.0,0.0,0.0,0.0,0.0,0.0,0.0,0.0,0.0
clustered_4,C1,3,0,1,0.0,0.5,0.0,0.576923076923077,0.6,0.0,0.0,0.0,0.0
clustered_4,C1,3,1,1,0.5,0.0,0.0,0.75,1.0,0.0,0.0,0.0,0.0
clustered_4,C1,3,2,1,0.0,0.0,0.0,0.0,0.0,0.0,0.0,0.0,0.0
clustered_4,C1,3,3,1,0.576923076923077,0.75,0.0,0.0,1.0,0.0,0.0,0.0,0.0
clustered_4,C1,3,4,1,0.6,1.0,0.0,1.0,0.0,0.0,0.0,0.0,0.0
clustered_4,C1,3,5,1,0.0,0.0,0.0,0.0,0.0,0.0,0.0,0.0,0.0
clustered_4,C1,3,6,1,0.0,0.0,0.0,0.0,0.0,0.0,0.0,0.0,0.0
clustered_4,C1,3,7,1,0.0,0.0,0.0,0.0,0.0,0.0,0.0,0.0,0.0
clustered_4,C1,3,8,1,0.0,0.0,0.0,0.0,0.0,0.0,0.0,0.0,0.0
clustered_4,C1,3,0,2,0.0,0.3333333333333333,0.0,0.10970017636684304,0.2707070707070707,0.4533333333333333,0.4533333333333333,0.4,0.0
clustered_4,C1,3,1,2,0.3333333333333333,0.0,0.0,0.2857142857142857,0.3980237154150197,0.6666666666666666,0.6666666666666666,0.33913043478260874,0.0
clustered_4,C1,3,2,2,0.0,0.0,0.0,0.0,0.0,0.0,0.0,0.0,0.0
clustered_4,C1,3,3,2,0.10970017636684304,0.2857142857142857,0.0,0.0,0.20923520923520922,0.35714285714285715,0.35714285714285715,0.3333333333333333,0.0
clustered_4,C1,3,4,2,0.2707070707070707,0.3980237154150197,0.0,0.20923520923520922,0.0,0.4,0.4,0.5454545454545455,0.0
clustered_4,C1,3,5,2,0.4533333333333333,0.6666666666666666,0.0,0.35714285714285715,0.4,0.0,0.0,1.0,0.0
clustered_4,C1,3,6,2,0.4533333333333333,0.6666666666666666,0.0,0.35714285714285715,0.4,0.0,0.0,1.0,0.0
clustered_4,C1,3,7,2,0.4,0.33913043478260874,0.0,0.3333333333333333,0.5454545454545455,1.0,1.0,0.0,0.0
clustered_4,C1,3,8,2,0.0,0.0,0.0,0.0,0.0,0.0,0.0,0.0,0.0
clustered_4,C1,3,0,3,0.0,0.42857142857142855,0.42857142857142855,0.2204225352112676,0.36236718556955766,0.27136150234741785,0.38028169014084506,0.5,0.0
clustered_4,C1,3,1,3,0.42857142857142855,0.0,0.75,0.42857142857142855,0.4566400177659338,0.5040084388185655,0.75,0.5759493670886076,0.0
clustered_4,C1,3,2,3,0.42857142857142855,0.75,0.0,0.46428571428571425,0.5,0.5,0.75,1.0,0.0
clustered_4,C1,3,3,3,0.2204225352112676,0.42857142857142855,0.46428571428571425,0.0,0.30994152046783624,0.24444444444444444,0.42857142857142855,0.5,0.0
clustered_4,C1,3,4,3,0.36236718556955766,0.4566400177659338,0.5,0.30994152046783624,0.0,0.31184210526315786,0.5855263157894737,0.6631578947368422,0.0
clustered_4,C1,3,5,3,0.27136150234741785,0.5040084388185655,0.5,0.24444444444444444,0.31184210526315786,0.0,0.325,0.7200000000000002,0.0
clustered_4,C1,3,6,3,0.38028169014084506,0.75,0.75,0.42857142857142855,0.5855263157894737,0.325,0.0,1.0,0.0
clustered_4,C1,3,7,3,0.5,0.5759493670886076,1.0,0.5,0.6631578947368422,0.7200000000000002,1.0,0.0,0.0
clustered_4,C1,3,8,3,0.0,0.0,0.0,0.0,0.0,0.0,0.0,0.0,0.0
clustered_4,C1,3,0,4,0.0,0.3937967594373905,0.29830383480825956,0.2086762794727396,0.3250170183798502,0.19078841512469838,0.34845132743362833,0.42857142857142855,0.0
clustered_4,C1,3,1,4,0.3937967594373905,0.0,0.5,0.4454849498327759,0.3952460582895365,0.4769021739130435,0.6,0.391304347826087,0.0
clustered_4,C1,3,2,4,0.29830383480825956,0.5,0.0,0.3425480769230769,0.43269230769230765,0.375,0.6000000000000001,0.75,0.0
clustered_4,C1,3,3,4,0.2086762794727396,0.4454849498327759,0.3425480769230769,0.0,0.3076923076923077,0.20423076923076924,0.4450549450549451,0.5,0.0
clustered_4,C1,3,4,4,0.3250170183798502,0.3952460582895365,0.43269230769230765,0.3076923076923077,0.0,0.3230769230769231,0.5673076923076923,0.6576923076923078,0.0
clustered_4,C1,3,5,4,0.19078841512469838,0.4769021739130435,0.375,0.20423076923076924,0.3230769230769231,0.0,0.32142857142857145,0.675,0.0
clustered_4,C1,3,6,4,0.34845132743362833,0.6,0.6000000000000001,0.4450549450549451,0.5673076923076923,0.32142857142857145,0.0,1.0,0.0
clustered_4,C1,3,7,4,0.42857142857142855,0.391304347826087,0.75,0.5,0.6576923076923078,0.675,1.0,0.0,0.0
clustered_4,C1,3,8,4,0.0,0.0,0.0,0.0,0.0,0.0,0.0,0.0,0.0
clustered_4,C1,3,0,5,0.0,0.3526262663413717,0.2271570387757081,0.20116080441028028,0.26606287362809894,0.1752361973480808,0.2540978582024592,0.1750616057964618,0.5356315316593371
clustered_4,C1,3,1,5,0.3526262663413717,0.0,0.41395082904516867,0.36127718680711923,0.2979639158884441,0.44199860237596095,0.5169656029194812,0.3113906359189378,1.0
clustered_4,C1,3,2,5,0.2271570387757081,0.41395082904516867,0.0,0.25176997084753894,0.30960901820440606,0.24768721456352477,0.34411802965262084,0.3776549562713085,0.6614065180102915
clustered_4,C1,3,3,5,0.20116080441028028,0.36127718680711923,0.25176997084753894,0.0,0.23383058717535563,0.18916770782598877,0.19128469256584796,0.336827393431167,0.32078799374396855
clustered_4,C1,3,4,5,0.26606287362809894,0.2979639158884441,0.30960901820440606,0.23383058717535563,0.0,0.26333778031891236,0.33555153209241256,0.36744806556127313,0.44910319124155595
clustered_4,C1,3,5,5,0.1752361973480808,0.44199860237596095,0.24768721456352477,0.18916770782598877,0.26333778031891236,0.0,0.13473095737246676,0.44268743136667665,0.5389238294898673
clustered_4,C1,3,6,5,0.2540978582024592,0.5169656029194812,0.34411802965262084,0.19128469256584796,0.33555153209241256,0.13473095737246676,0.0,0.5389238294898672,0.673654786862334
clustered_4,C1,3,7,5,0.1750616057964618,0.3113906359189378,0.3776549562713085,0.336827393431167,0.36744806556127313,0.44268743136667665,0.5389238294898672,0.0,0.8982063824831119
clustered_4,C1,3,8,5,0.5356315316593371,1.0,0.6614065180102915,0.32078799374396855,0.44910319124155595,0.5389238294898673,0.673654786862334,0.8982063824831119,0.0
clustered_5,C1,4,0,1,0.0,0.0,0.39999999999999997,0.05263157894736845,0.0,0.6666666666666666,0.6666666666666666,0.0,0.0
clustered_5,C1,4,1,1,0.0,0.0,0.0,0.0,0.0,0.0,0.0,0.0,0.0
clustered_5,C1,4,2,1,0.39999999999999997,0.0,0.0,0.5,0.0,0.5,0.49999999999999994,0.0,0.0
clustered_5,C1,4,3,1,0.05263157894736845,0.0,0.5,0.0,0.0,1.0,1.0,0.0,0.0
clustered_5,C1,4,4,1,0.0,0.0,0.0,0.0,0.0,0.0,0.0,0.0,0.0
clustered_5,C1,4,5,1,0.6666666666666666,0.0,0.5,1.0,0.0,0.0,1.0,0.0,0.0
clustered_5,C1,4,6,1,0.6666666666666666,0.0,0.49999999999999994,1.0,0.0,1.0,0.0,0.0,0.0
clustered_5,C1,4,7,1,0.0,0.0,0.0,0.0,0.0,0.0,0.0,0.0,0.0
clustered_5,C1,4,8,1,0.0,0.0,0.0,0.0,0.0,0.0,0.0,0.0,0.0
clustered_5,C1,4,0,2,0.0,0.0,0.42857142857142855,0.4215686274509804,0.0,0.5378151260504203,0.6000000000000001,0.0,0.0
clustered_5,C1,4,1,2,0.0,0.0,0.0,0.0,0.0,0.0,0.0,0.0,0.0
clustered_5,C1,4,2,2,0.42857142857142855,0.0,0.0,0.6000000000000001,0.0,0.5,0.75,0.0,0.0
clustered_5,C1,4,3,2,0.4215686274509804,0.0,0.6000000000000001,0.0,0.0,0.225,1.0,0.0,0.0
clustered_5,C1,4,4,2,0.0,0.0,0.0,0.0,0.0,0.0,0.0,0.0,0.0
clustered_5,C1,4,5,2,0.5378151260504203,0.0,0.5,0.225,0.0,0.0,0.75,0.0,0.0
clustered_5,C1,4,6,2,0.6000000000000001,0.0,0.75,1.0,0.0,0.75,0.0,0.0,0.0
clustered_5,C1,4,7,2,0.0,0.0,0.0,0.0,0.0,0.0,0.0,0.0,0.0
clustered_5,C1,4,8,2,0.0,0.0,0.0,0.0,0.0,0.0,0.0,0.0,0.0
clustered_5,C1,4,0,3,0.0,0.0,0.3333333333333333,0.27355623100303955,0.0,0.3925531914893617,0.636018237082067,0.0,0.0
clustered_5,C1,4,1,3,0.0,0.0,0.0,0.0,0.0,0.0,0.0,0.0,0.0
clustered_5,C1,4,2,3,0.3333333333333333,0.0,0.0,0.6,0.0,0.36122448979591837,0.75,0.0,0.0
clustered_5,C1,4,3,3,0.27355623100303955,0.0,0.6,0.0,0.0,0.29999999999999993,1.0,0.0,0.0
clustered_5,C1,4,4,3,0.0,0.0,0.0,0.0,0.0,0.0,0.0,0.0,0.0
clustered_5,C1,4,5,3,0.3925531914893617,0.0,0.36122448979591837,0.29999999999999993,0.0,0.0,0.6000000000000001,0.0,0.0
clustered_5,C1,4,6,3,0.636018237082067,0.0,0.75,1.0,0.0,0.6000000000000001,0.0,0.0,0.0
clustered_5,C1,4,7,3,0.0,0.0,0.0,0.0,0.0,0.0,0.0,0.0,0.0
clustered_5,C1,4,8,3,0.0,0.0,0.0,0.0,0.0,0.0,0.0,0.0,0.0
clustered_5,C1,4,0,4,0.0,0.0,0.2958701298701299,0.19155844155844154,0.0,0.3727863046044865,0.6219851576994434,0.0,0.0
clustered_5,C1,4,1,4,0.0,0.0,0.0,0.0,0.0,0.0,0.0,0.0,0.0
clustered_5,C1,4,2,4,0.2958701298701299,0.0,0.0,0.5,0.0,0.30523809523809525,0.8820000000000001,0.0,0.0
clustered_5,C1,4,3,4,0.19155844155844154,0.0,0.5,0.0,0.0,0.35714285714285715,1.0,0.0,0.0
clustered_5,C1,4,4,4,0.0,0.0,0.0,0.0,0.0,0.0,0.0,0.0,0.0
clustered_5,C1,4,5,4,0.3727863046044865,0.0,0.30523809523809525,0.35714285714285715,0.0,0.0,0.5,0.0,0.0
clustered_5,C1,4,6,4,0.6219851576994434,0.0,0.8820000000000001,1.0,0.0,0.5,0.0,0.0,0.0
clustered_5,C1,4,7,4,0.0,0.0,0.0,0.0,0.0,0.0,0.0,0.0,0.0
clustered_5,C1,4,8,4,0.0,0.0,0.0,0.0,0.0,0.0,0.0,0.0,0.0
clustered_5,C1,4,0,5,0.0,0.0,0.14704283635215937,0.0616822429906542,0.0,0.2249109924343569,0.31619937694704053,0.2222222222222222,0.0
clustered_5,C1,4,1,5,0.0,0.0,0.0,0.0,0.0,0.0,0.0,0.0,0.0
clustered_5,C1,4,2,5,0.14704283635215937,0.0,0.0,0.30383275261324044,0.0,0.201219512195122,0.47560975609756095,0.17682926829268295,0.0
clustered_5,C1,4,3,5,0.0616822429906542,0.0,0.30383275261324044,0.0,0.0,0.29583333333333334,0.6666666666666666,0.6666666666666666,0.0
clustered_5,C1,4,4,5,0.0,0.0,0.0,0.0,0.0,0.0,0.0,0.0,0.0
clustered_5,C1,4,5,5,0.2249109924343569,0.0,0.201219512195122,0.29583333333333334,0.0,0.0,0.2857142857142857,0.2857142857142857,0.0
clustered_5,C1,4,6,5,0.31619937694704053,0.0,0.47560975609756095,0.6666666666666666,0.0,0.2857142857142857,0.0,1.0,0.0
clustered_5,C1,4,7,5,0.2222222222222222,0.0,0.17682926829268295,0.6666666666666666,0.0,0.2857142857142857,1.0,0.0,0.0
clustered_5,C1,4,8,5,0.0,0.0,0.0,0.0,0.0,0.0,0.0,0.0,0.0
clustered_6,C1,5,0,1,0.0,0.0,0.5,0.49999999999999994,0.0,0.39999999999999997,0.0,0.5,0.5
clustered_6,C1,5,1,1,0.0,0.0,0.0,0.0,0.0,0.0,0.0,0.0,0.0
clustered_6,C1,5,2,1,0.5,0.0,0.0,1.0,0.0,0.6666666666666666,0.0,1.0,1.0
clustered_6,C1,5,3,1,0.49999999999999994,0.0,1.0,0.0,0.0,0.3333333333333333,0.0,1.0,1.0
clustered_6,C1,5,4,1,0.0,0.0,0.0,0.0,0.0,0.0,0.0,0.0,0.0
clustered_6,C1,5,5,1,0.39999999999999997,0.0,0.6666666666666666,0.3333333333333333,0.0,0.0,0.0,0.6666666666666666,0.6666666666666666
clustered_6,C1,5,6,1,0.0,0.0,0.0,0.0,0.0,0.0,0.0,0.0,0.0
clustered_6,C1,5,7,1,0.5,0.0,1.0,1.0,0.0,0.6666666666666666,0.0,0.0,1.0
clustered_6,C1,5,8,1,0.5,0.0,1.0,1.0,0.0,0.6666666666666666,0.0,1.0,0.0
clustered_6,C1,5,0,2,0.0,0.0,0.3333333333333333,0.421875,0.0,0.515625,0.42857142857142855,0.5,0.375
clustered_6,C1,5,1,2,0.0,0.0,0.0,0.0,0.0,0.0,0.0,0.0,0.0
clustered_6,C1,5,2,2,0.3333333333333333,0.0,0.0,0.5,0.0,0.5,0.4750000000000001,0.6000000000000001,0.325
clustered_6,C1,5,3,2,0.421875,0.0,0.5,0.0,0.0,0.375,0.75,1.0,0.75
clustered_6,C1,5,4,2,0.0,0.0,0.0,0.0,0.0,0.0,0.0,0.0,0.0
clustered_6,C1,5,5,2,0.515625,0.0,0.5,0.375,0.0,0.0,0.75,1.0,0.75
clustered_6,C1,5,6,2,0.42857142857142855,0.0,0.4750000000000001,0.75,0.0,0.75,0.0,1.0,0.75
clustered_6,C1,5,7,2,0.5,0.0,0.6000000000000001,1.0,0.0,1.0,1.0,0.0,1.0
clustered_6,C1,5,8,2,0.375,0.0,0.325,0.75,0.0,0.75,0.75,1.0,0.0
clustered_6,C1,5,0,3,0.0,0.0,0.2,0.28846153846153855,0.3362637362637363,0.3094017094017094,0.18854700854700854,0.2857142857142857,0.25256410256410255
clustered_6,C1,5,1,3,0.0,0.0,0.0,0.0,0.0,0.0,0.0,0.0,0.0
clustered_6,C1,5,2,3,0.2,0.0,0.0,0.3333333333333334,0.4,0.2857142857142857,0.23333333333333334,0.4,0.2333333333333333
clustered_6,C1,5,3,3,0.28846153846153855,0.0,0.3333333333333334,0.0,0.6666666666666666,0.36,0.3333333333333333,0.6666666666666666,0.5
clustered_6,C1,5,4,3,0.3362637362637363,0.0,0.4,0.6666666666666666,0.0,0.5,0.4,1.0,0.3333333333333333
clustered_6,C1,5,5,3,0.3094017094017094,0.0,0.2857142857142857,0.36,0.5,0.0,0.2857142857142857,0.5,0.4
clustered_6,C1,5,6,3,0.18854700854700854,0.0,0.23333333333333334,0.3333333333333333,0.4,0.2857142857142857,0.0,0.4,0.3333333333333333
clustered_6,C1,5,7,3,0.2857142857142857,0.0,0.4,0.6666666666666666,1.0,0.5,0.4,0.0,0.6666666666666666
clustered_6,C1,5,8,3,0.25256410256410255,0.0,0.2333333333333333,0.5,0.3333333333333333,0.4,0.3333333333333333,0.6666666666666666,0.0
clustered_6,C1,5,0,4,0.0,0.0,0.2727272727272727,0.3645021645021645,0.45000000000000007,0.41652892561983473,0.3151515151515152,0.41111111111111104,0.34444444444444444
clustered_6,C1,5,1,4,0.0,0.0,0.0,0.0,0.0,0.0,0.0,0.0,0.0
clustered_6,C1,5,2,4,0.2727272727272727,0.0,0.0,0.375,0.6000000000000001,0.375,0.34553571428571433,0.5,0.3392857142857143
clustered_6,C1,5,3,4,0.3645021645021645,0.0,0.375,0.0,0.6000000000000001,0.3216720779220779,0.47410714285714284,0.5,0.5
clustered_6,C1,5,4,4,0.45000000000000007,0.0,0.6000000000000001,0.6000000000000001,0.0,0.6000000000000001,0.6000000000000001,1.0,0.5
clustered_6,C1,5,5,4,0.41652892561983473,0.0,0.375,0.3216720779220779,0.6000000000000001,0.0,0.3613636363636364,0.25,0.5
clustered_6,C1,5,6,4,0.3151515151515152,0.0,0.34553571428571433,0.47410714285714284,0.6000000000000001,0.3613636363636364,0.0,0.5,0.5
clustered_6,C1,5,7,4,0.41111111111111104,0.0,0.5,0.5,1.0,0.25,0.5,0.0,0.75
clustered_6,C1,5,8,4,0.34444444444444444,0.0,0.3392857142857143,0.5,0.5,0.5,0.5,0.75,0.0
clustered_6,C1,5,0,5,0.0,0.0,0.3636363636363636,0.42627494456762755,0.6116071428571429,0.5084612357339631,0.38598901098901095,0.41547619047619044,0.5066137566137566
clustered_6,C1,5,1,5,0.0,0.0,0.0,0.0,0.0,0.0,0.0,0.0,0.0
clustered_6,C1,5,2,5,0.3636363636363636,0.0,0.0,0.5,0.8,0.5,0.4084570400359874,0.5714285714285713,0.6052631578947368
clustered_6,C1,5,3,5,0.42627494456762755,0.0,0.5,0.0,0.8,0.4074279379157427,0.516155930790077,0.5714285714285714,0.6666666666666666
clustered_6,C1,5,4,5,0.6116071428571429,0.0,0.8,0.8,0.0,0.8,0.923076923076923,1.0,0.33333333333333326
clustered_6,C1,5,5,5,0.5084612357339631,0.0,0.5,0.4074279379157427,0.8,0.0,0.39782439782439777,0.4155844155844156,0.6666666666666666
clustered_6,C1,5,6,5,0.38598901098901095,0.0,0.4084570400359874,0.516155930790077,0.923076923076923,0.39782439782439777,0.0,0.5256410256410257,0.7435897435897435
clustered_6,C1,5,7,5,0.41547619047619044,0.0,0.5714285714285713,0.5714285714285714,1.0,0.4155844155844156,0.5256410256410257,0.0,0.7333333333333333
clustered_6,C1,5,8,5,0.5066137566137566,0.0,0.6052631578947368,0.6666666666666666,0.33333333333333326,0.6666666666666666,0.7435897435897435,0.7333333333333333,0.0
