filename,r,sample_id,mae,mdae,r2
random_1,1,0,0.4430222222222222,0.29575,0.09705091856372494
random_1,1,1,0.6208,0.29575,-0.5785253797802223
random_1,1,2,2.1384555555555553,0.29575,-33.38463318663436
random_1,1,3,0.5173000000000001,0.29575,-0.08135032790790397
random_1,1,4,0.6208,0.29575,-0.5785253797802223
random_1,1,5,0.6208,0.29575,-0.5785253797802223
random_1,1,6,0.8528222222222223,0.29575,-2.80762026613508
random_1,1,7,1.7502666666666666,0.37055,-14.749268637660238
random_1,1,8,0.4177444444444444,0.37055,0.45446720786731876
random_1,1,9,0.4430222222222222,0.29575,0.09705091856372494
random_1,1,10,0.4430222222222222,0.29575,0.09705091856372494
random_1,1,11,1.0506333333333333,0.29575,-5.740419336216248
random_1,1,12,0.6208,0.29575,-0.5785253797802223
random_1,1,13,0.6208,0.29575,-0.5785253797802223
random_1,1,14,1.3861555555555554,0.29575,-13.446205651464771
random_1,1,15,0.4430222222222222,0.29575,0.09705091856372494
random_1,2,0,0.48404786324786325,0.29575,0.016945519373308793
random_1,2,1,0.48404786324786325,0.29575,0.053958055750772504
random_1,2,2,2.1794811965811967,0.29575,-35.13537732014426
random_1,2,3,0.6403769230769232,0.29575,-0.7051179182861451
random_1,2,4,0.4156717948717948,0.2195961538461535,0.12518891018922185
random_1,2,5,0.5550777777777778,0.3196346153846154,-0.22007746412672446
random_1,2,6,1.0989760683760683,0.29575,-7.790983963589467
random_1,2,7,1.6682153846153847,0.37055,-13.32569012328331
random_1,2,8,0.8028478632478633,0.3196346153846154,-3.7018574516650355
random_1,2,9,0.34729572649572643,0.2195961538461535,0.50459464754167
random_1,2,10,0.4156717948717948,0.2195961538461535,0.12518891018922185
random_1,2,11,1.2557615384615388,0.29575,-9.96349857402898
random_1,2,12,0.48670170940170937,0.3196346153846154,0.051506502240553864
random_1,2,13,0.6208,0.29575,-0.5785253797802223
random_1,2,14,1.1673521367521367,0.29575,-8.151883432753182
random_1,2,15,0.5036247863247865,0.29575,-0.03730842570065773
random_1,3,0,0.5141333333333333,0.29575,-0.07070229539598483
random_1,3,1,0.4888555555555556,0.37055,0.10113399869987427
random_1,3,2,1.9606777777777777,0.29575,-26.323599917721598
random_1,3,3,0.7661888888888889,0.29575,-1.765794348258353
random_1,3,4,0.47857777777777777,0.29575,0.03025386248018147
random_1,3,5,0.48396666666666666,0.37055,0.0380464075766237
random_1,3,6,1.101711111111111,0.29575,-8.538209893821724
random_1,3,7,2.138211111111111,0.14575000000000005,-27.454410295768103
random_1,3,8,1.1205444444444443,0.37055,-7.789767961466389
random_1,3,9,0.3750777777777778,0.17425000000000024,0.3412244480651184
random_1,3,10,0.4430222222222222,0.29575,0.09705091856372494
random_1,3,11,1.0150777777777777,0.29575,-5.527362613504072
random_1,3,12,0.48396666666666666,0.11375,-0.027341585557973946
random_1,3,13,0.6208,0.29575,-0.5785253797802223
random_1,3,14,1.5796,0.20625,-19.844109344749267
random_1,3,15,0.40746666666666664,0.14575000000000005,0.12968887285464514
random_1,4,0,0.5123989159891599,0.29575,-0.0649850973497279
random_1,4,1,0.44376070460704603,0.29575,0.15478251213706817
random_1,4,2,2.142791598915989,0.29575,-34.36147667133254
random_1,4,3,0.7665238482384824,0.29575,-1.5831246587376269
random_1,4,4,0.40022682926829267,0.11375,0.13214874158301626
random_1,4,5,0.4249964769647696,0.28961585365853654,0.11783812460771548
random_1,4,6,1.3341230352303524,0.29575,-16.272687422441916
random_1,4,7,2.027208401084011,0.37055,-24.51929569110205
random_1,4,8,0.892468563685637,0.28961585365853654,-5.221842059522312
random_1,4,9,0.4219070460704607,0.29575,0.23023328248567587
random_1,4,10,0.46677181571815723,0.3096524390243902,0.09316617166425334
random_1,4,11,0.833831165311653,0.29575,-3.425001039730189
random_1,4,12,0.5088013550135501,0.10062804878048781,-0.10486709651078585
random_1,4,13,0.6208,0.29575,-0.5785253797802223
random_1,4,14,1.6116867208672085,0.09449390243902439,-21.11520517576126
random_1,4,15,0.40399783197831973,0.11453048780487807,0.13104420024451713
random_1,5,0,0.5293794171220401,0.29575,-0.08855963629126928
random_1,5,1,0.4352307832422586,0.29575,0.1647772575889913
random_1,5,2,2.1559418943533704,0.29575,-34.661311714965024
random_1,5,3,0.7277837887067395,0.29575,-1.2892428698716039
random_1,5,4,0.40946757741347906,0.16375819672131176,0.12875922414385144
random_1,5,5,0.43105428051001815,0.294905737704918,0.11172456960798183
random_1,5,6,1.5406182149362477,0.1646024590163935,-24.215620393791433
random_1,5,7,1.8683386156648452,0.37055,-20.303069077920885
random_1,5,8,0.7865553734061931,0.294905737704918,-3.4128091263695
random_1,5,9,0.351179781420765,0.11375,0.39019012138228837
random_1,5,10,0.4654887067395264,0.29575,0.09424593596777364
random_1,5,11,0.8029102003642987,0.29575,-2.911473989213739
random_1,5,12,0.5372344262295081,0.1646024590163935,-0.2349756326207164
random_1,5,13,0.6208,0.29575,-0.5785253797802223
random_1,5,14,1.5516218579234973,0.0976926229508196,-19.342807826791468
random_1,5,15,0.46050856102003646,0.29575,0.0684686475883648
random_2,1,0,0.2745777777777778,0.07635,-0.8311137147110848
random_2,1,1,0.2745777777777778,0.07635,-0.8311137147110848
random_2,1,2,0.2745777777777778,0.07635,-0.8311137147110848
random_2,1,3,0.2745777777777778,0.07635,-0.8311137147110848
random_2,1,4,0.2745777777777778,0.07635,-0.8311137147110848
random_2,1,5,0.2745777777777778,0.07635,-0.8311137147110848
random_2,1,6,0.2745777777777778,0.07635,-0.8311137147110848
random_2,1,7,0.5854444444444445,0.07635,-11.911705475738101
random_2,1,8,0.2745777777777778,0.07635,-0.8311137147110848
random_2,1,9,0.2745777777777778,0.07635,-0.8311137147110848
random_2,1,10,0.6538777777777778,0.07635,-11.749435755573076
random_2,1,11,0.2745777777777778,0.07635,-0.8311137147110848
random_2,1,12,0.29663333333333336,0.07635,-1.220129891676749
random_2,1,13,1.225411111111111,0.07635,-101.45597823008639
random_2,1,14,0.2745777777777778,0.07635,-0.8311137147110848
random_2,1,15,0.9977777777777779,0.1719,-42.97479418988852
random_2,2,0,0.2745777777777778,0.07635,-0.8311137147110848
random_2,2,1,0.3239837606837607,0.07635,-1.8366022206431585
random_2,2,2,0.2745777777777778,0.07635,-0.8311137147110848
random_2,2,3,0.5974880341880343,0.07635,-16.165139576866423
random_2,2,4,0.2745777777777778,0.07635,-0.8311137147110848
random_2,2,5,0.2745777777777778,0.07635,-0.8311137147110848
random_2,2,6,0.2745777777777778,0.07635,-0.8311137147110848
random_2,2,7,0.5516623931623932,0.07635,-11.044781478728352
random_2,2,8,0.2745777777777778,0.07635,-0.8311137147110848
random_2,2,9,0.2745777777777778,0.07635,-0.8311137147110848
random_2,2,10,0.3256726495726495,0.07635,-1.3196437701031374
random_2,2,11,0.2745777777777778,0.07635,-0.8311137147110848
random_2,2,12,1.1062965811965813,0.07635,-58.34644781324154
random_2,2,13,0.7057529914529915,0.07635,-24.231341562594253
random_2,2,14,0.2745777777777778,0.07635,-0.8311137147110848
random_2,2,15,0.9504555555555556,0.5743346153846154,-19.698679508470658
random_2,3,0,0.3010111111111111,0.1719,-0.9243600104291012
random_2,3,1,0.29663333333333336,0.07635,-1.220129891676749
random_2,3,2,0.2745777777777778,0.07635,-0.8311137147110848
random_2,3,3,0.5810777777777778,0.07635,-14.886846323353083
random_2,3,4,0.2931666666666667,0.1719,-0.8966879277149695
random_2,3,5,0.2745777777777778,0.07635,-0.8311137147110848
random_2,3,6,0.2745777777777778,0.07635,-0.8311137147110848
random_2,3,7,0.5407222222222223,0.07635,-13.494501572284944
random_2,3,8,0.2745777777777778,0.07635,-0.8311137147110848
random_2,3,9,0.20346666666666668,0.0735,-0.2341649615436232
random_2,3,10,0.2983222222222222,0.07635,-1.2401588353976
random_2,3,11,0.2745777777777778,0.07635,-0.8311137147110848
random_2,3,12,1.2021,0.2465,-73.8662062435745
random_2,3,13,0.7987444444444445,0.07635,-34.11404436160209
random_2,3,14,0.2745777777777778,0.07635,-0.8311137147110848
random_2,3,15,0.9148999999999999,0.27895000000000003,-33.29046673838773
random_2,4,0,0.26545555555555556,0.1540719512195122,-0.6556044675496946
random_2,4,1,0.4440588075880758,0.07635,-6.299361185667516
random_2,4,2,0.2745777777777778,0.07635,-0.8311137147110848
random_2,4,3,0.5958203252032521,0.07635,-16.032792427174957
random_2,4,4,0.27929132791327915,0.1187719512195122,-0.8412524535959154
random_2,4,5,0.2745777777777778,0.07635,-0.8311137147110848
random_2,4,6,0.27929132791327915,0.1187719512195122,-0.8412524535959154
random_2,4,7,0.6157967479674797,0.07635,-18.285309743845488
random_2,4,8,0.2745777777777778,0.07635,-0.8311137147110848
random_2,4,9,0.2312173441734417,0.07635,-0.3477384231876013
random_2,4,10,0.2986997289972899,0.1187719512195122,-1.008240566679317
random_2,4,11,0.2745777777777778,0.07635,-0.8311137147110848
random_2,4,12,1.0182517615176152,0.1216219512195122,-50.93132729723342
random_2,4,13,0.744110298102981,0.07635,-28.0998648865272
random_2,4,14,0.23656422764227644,0.1216219512195122,-0.3592394476340859
random_2,4,15,0.8907617886178864,0.3261280487804878,-33.4663699699588
random_2,5,0,0.2700608378870674,0.0900975409836065,-0.699253121469257
random_2,5,1,0.3811506375227686,0.07635,-3.6044909982473046
random_2,5,2,0.2721830601092896,0.0735,-0.8276515785213145
random_2,5,3,0.5705859744990893,0.07635,-14.097580078789164
random_2,5,4,0.28675500910746815,0.1719,-0.8663239057348482
random_2,5,5,0.2745777777777778,0.07635,-0.8311137147110848
random_2,5,6,0.2721830601092896,0.0735,-0.8276515785213145
random_2,5,7,0.79351912568306,0.18879508196721306,-34.857131181607905
random_2,5,8,0.2745777777777778,0.07635,-0.8311137147110848
random_2,5,9,0.24543387978142073,0.07635,-0.4651153317622496
random_2,5,10,0.3221570127504554,0.0735,-1.4877685298953263
random_2,5,11,0.27281639344262293,0.07635,-0.8285672130791475
random_2,5,12,0.9386391621129326,0.18879508196721306,-40.15509253924008
random_2,5,13,0.8436260473588342,0.0735,-41.297547973869754
random_2,5,14,0.2436724954462659,0.07635,-0.46256883013031236
random_2,5,15,0.7446868852459017,0.3901024590163935,-20.50795420862327
random_3,1,0,1.1430611111111113,0.37385,-2.40234537477013
random_3,1,1,0.6735166666666667,0.2739,-0.4670435444919496
random_3,1,2,1.0261500000000001,0.2739,-2.2097541699600227
random_3,1,3,0.6735166666666667,0.2739,-0.4670435444919496
random_3,1,4,0.6735166666666667,0.2739,-0.4670435444919496
random_3,1,5,2.8916500000000003,0.2739,-51.62301613345955
random_3,1,6,0.6735166666666667,0.2739,-0.4670435444919496
random_3,1,7,1.0216944444444445,0.2739,-3.9084261679073666
random_3,1,8,0.4883611111111111,0.2739,0.4479934742180729
random_3,1,9,1.6472055555555556,0.2739,-11.694953373368106
random_3,1,10,0.6735166666666667,0.2739,-0.4670435444919496
random_3,1,11,0.6705944444444445,0.2739,-0.46222967955514505
random_3,1,12,0.49573888888888884,0.2739,0.4236862018375538
random_3,1,13,0.6735166666666667,0.2739,-0.4670435444919496
random_3,1,14,1.0056277777777778,0.37385,-1.302185048186185
random_3,1,15,0.7875055555555556,0.37385,-0.6548208843652519
random_3,2,0,0.7054542735042736,0.34148461538461544,-0.5182337079013142
random_3,2,1,0.6735166666666667,0.2739,-0.4670435444919496
random_3,2,2,0.903073076923077,0.2739,-1.339709410754185
random_3,2,3,0.6735166666666667,0.2739,-0.4670435444919496
random_3,2,4,0.6735166666666667,0.2739,-0.4670435444919496
random_3,2,5,4.026692735042735,0.2739,-113.0673419809751
random_3,2,6,0.795567094017094,0.19776538461538462,-0.8784845708931233
random_3,2,7,0.5704123931623931,0.2739,0.12088763146025439
random_3,2,8,0.453686752136752,0.2415346153846154,0.5180496299569952
random_3,2,9,1.4967782051282053,0.2739,-8.812788776285657
random_3,2,10,0.6051405982905983,0.2739,-0.05513951108007009
random_3,2,11,0.6979448717948719,0.2739,-0.5134758370287282
random_3,2,12,0.4683884615384615,0.19776538461538462,0.3412870914862166
random_3,2,13,0.6735166666666667,0.2739,-0.4670435444919496
random_3,2,14,0.8825508547008547,0.37385,-1.0079732812778412
random_3,2,15,0.61265,0.19776538461538462,-0.40063425941138653
random_3,3,0,0.6097277777777778,0.14684999999999993,-0.4006195298316306
random_3,3,1,0.6735166666666667,0.2739,-0.4670435444919496
random_3,3,2,0.9194833333333333,0.2739,-1.4394955119995716
random_3,3,3,0.6735166666666667,0.2739,-0.4670435444919496
random_3,3,4,0.6024055555555555,0.17315000000000003,-0.39483190970608817
random_3,3,5,4.669427777777778,0.2739,-158.44908536529016
random_3,3,6,0.9610277777777778,0.49315000000000003,-1.3502797687487238
random_3,3,7,0.41725,0.2739,0.6305615899050077
random_3,3,8,0.38476111111111105,0.2739,0.691146734166693
random_3,3,9,1.5760944444444445,0.2739,-10.928047947561351
random_3,3,10,0.4601833333333334,0.2739,0.5315460622923149
random_3,3,11,0.9194833333333333,0.2739,-1.4394955119995716
random_3,3,12,0.49573888888888884,0.2739,0.34021781064053336
random_3,3,13,0.6024055555555555,0.17315000000000003,-0.39483190970608817
random_3,3,14,0.82785,0.2739,-0.8850480932934484
random_3,3,15,0.7875055555555556,0.37385,-0.6548208843652519
random_3,4,0,0.6126499999999999,0.2277841463414635,-0.399853345435363
random_3,4,1,0.6735166666666667,0.2739,-0.4670435444919496
random_3,4,2,0.7529792682926829,0.2739,-0.6586061941697445
random_3,4,3,0.6735166666666667,0.2739,-0.4670435444919496
random_3,4,4,0.6301562330623306,0.2739,-0.41186217466933717
random_3,4,5,4.45696165311653,0.2739,-142.60034359684332
random_3,4,6,1.0468814363143633,0.49301585365853656,-1.8703010218692269
random_3,4,7,0.3247494579945799,0.1027719512195122,0.7277872451753349
random_3,4,8,0.48015406504065045,0.2978939024390244,0.548704790483645
random_3,4,9,1.4795941734417344,0.2739,-8.606913301322646
random_3,4,10,0.39167384823848234,0.2739,0.6733105284977705
random_3,4,11,0.9481012195121951,0.2739,-1.6254532994943065
random_3,4,12,0.3916738482384824,0.2739,0.6698021800994038
random_3,4,13,0.5867957994579946,0.2739,-0.1406037606046029
random_3,4,14,1.0142998644986452,0.2739,-2.1047635625992003
random_3,4,15,0.8161741192411924,0.37385,-0.6771903524304683
random_3,5,0,0.6563658469945355,0.2885598360655738,-0.4398099379882445
random_3,5,1,0.6735166666666667,0.2739,-0.4670435444919496
random_3,5,2,0.7551117486338798,0.2739,-0.665359345974907
random_3,5,3,0.6735166666666667,0.2739,-0.4670435444919496
random_3,5,4,0.6006569216757742,0.1574122950819673,-0.3942367782811462
random_3,5,5,4.30804344262295,0.2739,-131.9905861265281
random_3,5,6,0.9487873406193079,0.3010926229508196,-1.3181230281921592
random_3,5,7,0.35709207650273217,0.2739,0.7156593145863511
random_3,5,8,0.41973378870673955,0.2739,0.583877251397104
random_3,5,9,1.386475865209472,0.2739,-7.044230085765983
random_3,5,10,0.31932650273224045,0.09235,0.7285879225127478
random_3,5,11,0.8862592896174863,0.2739,-1.2426458742444617
random_3,5,12,0.3470971766848816,0.104882786885246,0.6879634432907533
random_3,5,13,0.6006569216757742,0.2739,-0.22539337632912515
random_3,5,14,1.1134602003642986,0.2739,-2.9154571146454735
random_3,5,15,0.8122645719489981,0.37385,-0.7124493589148007
random_4,1,0,0.4479666666666666,0.10895,-0.3832855860066944
random_4,1,1,0.6015333333333333,0.23205,-0.852582857325719
random_4,1,2,3.127555555555556,0.10895,-147.781337910439
random_4,1,3,0.4479666666666666,0.10895,-0.3832855860066944
random_4,1,4,0.4479666666666666,0.10895,-0.3832855860066944
random_4,1,5,0.747788888888889,0.10895,-2.2157893945983393
random_4,1,6,1.3041666666666665,0.10895,-16.082486425295333
random_4,1,7,0.4479666666666666,0.10895,-0.3832855860066944
random_4,1,8,3.431544444444444,0.10895,-166.67825246285963
random_4,1,9,0.4479666666666666,0.10895,-0.3832855860066944
random_4,1,10,6.087233333333334,0.23205,-478.37985668922863
random_4,1,11,0.4479666666666666,0.10895,-0.3832855860066944
random_4,1,12,0.4479666666666666,0.10895,-0.3832855860066944
random_4,1,13,0.7708333333333334,0.10895,-3.3433116572001422
random_4,1,14,0.4479666666666666,0.10895,-0.3832855860066944
random_4,1,15,0.570011111111111,0.10895,-0.756251451585753
random_4,2,0,0.4479666666666666,0.10895,-0.3832855860066944
random_4,2,1,0.6288837606837607,0.23205,-1.021223746176592
random_4,2,2,3.551487179487179,0.10895,-193.7172753304896
random_4,2,3,0.4479666666666666,0.10895,-0.3832855860066944
random_4,2,4,0.4479666666666666,0.10895,-0.3832855860066944
random_4,2,5,0.6603991452991455,0.10895,-1.891655781975596
random_4,2,6,1.1947649572649572,0.10895,-12.67207421881176
random_4,2,7,0.4479666666666666,0.10895,-0.3832855860066944
random_4,2,8,3.431544444444445,0.10895,-170.91892869917098
random_4,2,9,0.4479666666666666,0.10895,-0.3832855860066944
random_4,2,10,4.309455555555555,0.23205,-254.27513282880597
random_4,2,11,0.4479666666666666,0.10895,-0.3832855860066944
random_4,2,12,0.3795905982905983,0.10895,-0.21627535894954364
random_4,2,13,0.8528846153846154,0.10895,-4.666672061369113
random_4,2,14,0.4479666666666666,0.10895,-0.3832855860066944
random_4,2,15,0.4606094017094017,0.10895,-0.3981455843141988
random_4,3,0,0.4479666666666666,0.10895,-0.3832855860066944
random_4,3,1,0.7082,0.23205,-1.6557158172852269
random_4,3,2,3.9097777777777782,0.10895,-237.3582448990023
random_4,3,3,0.46603333333333324,0.23205,-0.39432787474361275
random_4,3,4,0.4479666666666666,0.10895,-0.3832855860066944
random_4,3,5,0.6439888888888889,0.0787,-2.025462713084889
random_4,3,6,1.6241666666666665,0.10895,-28.419982660665294
random_4,3,7,0.4479666666666666,0.10895,-0.3832855860066944
random_4,3,8,3.4955111111111106,0.2508,-170.42501104671882
random_4,3,9,0.4479666666666666,0.10895,-0.3832855860066944
random_4,3,10,3.4205666666666668,0.10895,-159.50270024037576
random_4,3,11,0.4479666666666666,0.10895,-0.3832855860066944
random_4,3,12,0.4124111111111111,0.10895,-0.2763804757382031
random_4,3,13,0.8063888888888889,0.10895,-3.888349793391768
random_4,3,14,0.5304222222222221,0.23205,-0.5344752995060857
random_4,3,15,0.3951,0.0787,-0.28634977454865584
random_4,4,0,0.4479666666666666,0.10895,-0.3832855860066944
random_4,4,1,0.6188775067750677,0.0787,-1.0883448597135557
random_4,4,2,3.808314363143632,0.10895,-224.55172398874956
random_4,4,3,0.49551842818428177,0.23205,-0.4364504960692366
random_4,4,4,0.4479666666666666,0.10895,-0.3832855860066944
random_4,4,5,0.7279634146341464,0.23205,-2.231381841266182
random_4,4,6,1.5166327913279134,0.10895,-23.881305840726213
random_4,4,7,0.4479666666666666,0.10895,-0.3832855860066944
random_4,4,8,3.4894406504065048,0.2508,-174.0137530157426
random_4,4,9,0.4521579945799457,0.1164219512195122,-0.38484761416604774
random_4,4,10,3.2348644986449866,0.1629719512195122,-140.62360002019705
random_4,4,11,0.4479666666666666,0.10895,-0.3832855860066944
random_4,4,12,0.41391355013550135,0.10895,-0.3037061798440206
random_4,4,13,0.6927845528455285,0.10895,-2.299303907831748
random_4,4,14,0.48879620596205964,0.23205,-0.4289347631403424
random_4,4,15,0.4806146341463415,0.1164219512195122,-0.47182701006153294
random_4,5,0,0.4450497267759563,0.10895,-0.382554920306613
random_4,5,1,0.5694750455373405,0.11965245901639351,-0.7479301575357764
random_4,5,2,3.786205100182149,0.10895,-222.16838054115019
random_4,5,3,0.48876557377049173,0.23205,-0.4241645387976154
random_4,5,4,0.4479666666666666,0.10895,-0.3832855860066944
random_4,5,5,0.8200154826958106,0.23205,-3.3397404202276224
random_4,5,6,1.680122950819672,0.10895,-30.938985189870987
random_4,5,7,0.4479666666666666,0.10895,-0.3832855860066944
random_4,5,8,3.286441347905282,0.23014508196721306,-153.02336278915047
random_4,5,9,0.4450497267759563,0.10895,-0.382554920306613
random_4,5,10,2.8979326047358835,0.11965245901639351,-114.09860999812324
random_4,5,11,0.4479666666666666,0.10895,-0.3832855860066944
random_4,5,12,0.42137723132969035,0.10895,-0.32518502425905105
random_4,5,13,0.6017987249544627,0.10895,-1.3466222742410787
random_4,5,14,0.46747140255009106,0.11965245901639351,-0.40711859257008665
random_4,5,15,0.4671089253187613,0.0524475409836065,-0.4248467945871317
random_5,1,0,1.2229833333333333,0.16105,-2.596529407180622
random_5,1,1,0.7108722222222222,0.0955,-0.44276716898276236
random_5,1,2,0.7108722222222222,0.0955,-0.44276716898276236
random_5,1,3,0.7108722222222222,0.0955,-0.44276716898276236
random_5,1,4,1.09335,0.0955,-2.051336436187903
random_5,1,5,0.7108722222222222,0.0955,-0.44276716898276236
random_5,1,6,0.5330944444444444,0.0955,0.19738012763412793
random_5,1,7,0.6097944444444444,0.0955,-0.017668989748960584
random_5,1,8,0.8528611111111111,0.0955,-0.6418192239616478
random_5,1,9,0.7689722222222223,0.0955,-0.7946402358872953
random_5,1,10,2.292272222222222,0.0955,-27.046053288639833
random_5,1,11,0.8144944444444445,0.0955,-0.9106072559450304
random_5,1,12,0.7108722222222222,0.0955,-0.44276716898276236
random_5,1,13,0.7875722222222223,0.0955,-0.8728654037489401
random_5,1,14,0.9155722222222222,0.0955,-1.0166987769139002
random_5,1,15,0.9922722222222222,0.0955,-2.264251573483966
random_5,2,0,0.8947782051282052,0.16105,-0.7402460023901516
random_5,2,1,0.7108722222222222,0.0955,-0.44276716898276236
random_5,2,2,0.7657371794871795,0.16105,-0.47234960964841766
random_5,2,3,0.7108722222222222,0.0955,-0.44276716898276236
random_5,2,4,0.9702730769230771,0.0955,-1.2819597001005687
random_5,2,5,0.7657371794871795,0.16105,-0.47234960964841766
random_5,2,6,0.3971192307692308,0.06346538461538453,0.3649230490894475
random_5,2,7,0.6918457264957265,0.0955,-0.35043771352221653
random_5,2,8,0.7434594017094017,0.0955,-0.4603377340883743
random_5,2,9,1.1655534188034187,0.0955,-3.9148637415942646
random_5,2,10,2.408982478632479,0.16105,-28.705430139616105
random_5,2,11,1.0196226495726495,0.0955,-2.314298950467295
random_5,2,12,0.7108722222222222,0.0955,-0.44276716898276236
random_5,2,13,1.0023260683760684,0.5982346153846154,-0.9016848725681648
random_5,2,14,0.8883858974358975,0.16105,-0.6634561764667115
random_5,2,15,1.3615029914529915,0.0955,-4.446147638127821
random_5,3,0,0.6540944444444442,0.0608,-0.1540474514566159
random_5,3,1,0.7108722222222222,0.0955,-0.44276716898276236
random_5,3,2,0.7472499999999999,0.2245,-0.45296665920892853
random_5,3,3,0.7108722222222222,0.0955,-0.44276716898276236
random_5,3,4,0.8089055555555555,0.0955,-0.635171175048197
random_5,3,5,0.7329166666666667,0.16105,-0.44894792298664554
random_5,3,6,0.5885722222222222,0.0608,0.06640359508107563
random_5,3,7,0.5031277777777778,0.0955,0.21717162470402163
random_5,3,8,0.7106388888888888,0.0955,-0.4427017476954229
random_5,3,9,0.875638888888889,0.0955,-1.3205058894202915
random_5,3,10,2.1436833333333336,0.16105,-22.095833200720385
random_5,3,11,1.2554944444444445,0.16105,-4.617956842288286
random_5,3,12,0.7108722222222222,0.0955,-0.44276716898276236
random_5,3,13,0.6848277777777778,0.30285,0.09595532516214167
random_5,3,14,0.7953944444444444,0.16105,-0.5128084453281772
random_5,3,15,1.2411611111111114,0.0955,-3.7047691300109484
random_5,4,0,0.6471955284552845,0.10163780487804885,-0.2192888223796432
random_5,4,1,0.7108722222222222,0.0955,-0.44276716898276236
random_5,4,2,0.7411795392953928,0.16105,-0.45305164146303567
random_5,4,3,0.7108722222222222,0.0955,-0.44276716898276236
random_5,4,4,0.7984990514905149,0.0955,-0.6075561752675231
random_5,4,5,0.7266128726287263,0.2291939024390244,-0.43347821164445666
random_5,4,6,0.6406047425474255,0.0934841463414634,-0.1948367799611661
random_5,4,7,0.6406047425474255,0.0996219512195122,-0.2750960474452282
random_5,4,8,0.6967635501355013,0.0608,-0.4403551285021945
random_5,4,9,1.0855033875338753,0.0955,-2.76999158489817
random_5,4,10,2.168832384823849,0.16105,-22.562102680117714
random_5,4,11,1.1184754742547425,0.0996219512195122,-3.5637428139542733
random_5,4,12,0.7108722222222222,0.0955,-0.44276716898276236
random_5,4,13,0.7897600271002712,0.1779719512195122,-0.33130134884067663
random_5,4,14,0.7849879403794038,0.16105,-0.5000868246479833
random_5,4,15,1.161377913279133,0.0955,-3.137402508697617
random_5,5,0,0.6553700364298725,0.16105,-0.16533366209534717
random_5,5,1,0.7108722222222222,0.0955,-0.44276716898276236
random_5,5,2,0.7344266848816028,0.16105,-0.45241534582161314
random_5,5,3,0.6817283242258652,0.0955,-0.3558821720627807
random_5,5,4,0.9534592896174863,0.0955,-1.195401254178111
random_5,5,5,0.7490039162112933,0.20149508196721308,-0.4539936330181942
random_5,5,6,0.6381168488160291,0.1542598360655737,-0.13364212570621148
random_5,5,7,0.5944010018214937,0.0608,-0.10946366419273956
random_5,5,8,0.6963002732240438,0.0608,-0.44032916045631953
random_5,5,9,1.0545824225865208,0.0955,-2.667672995505566
random_5,5,10,2.1450847905282333,0.16105,-22.01698389547587
random_5,5,11,1.2012867941712204,0.0608,-4.606339152407499
random_5,5,12,0.7119330601092897,0.0955,-0.44288906836255837
random_5,5,13,0.9963203096539162,0.36354016393442623,-1.2856898056907036
random_5,5,14,0.7213689435336976,0.16105,-0.4327979388151535
random_5,5,15,1.099283151183971,0.0608,-2.633918839562624
random_6,1,0,0.8185388888888888,0.17355,-3.6897191032743963
random_6,1,1,0.9963166666666665,0.17355,-7.279313731271456
random_6,1,2,0.5404722222222222,0.17355,-0.6625182239721381
random_6,1,3,0.5404722222222222,0.17355,-0.6625182239721381
random_6,1,4,1.2130166666666669,0.24435,-10.424815675864117
random_6,1,5,0.46298333333333336,0.17355,-0.3813213496247403
random_6,1,6,0.4964611111111111,0.17355,-0.3430972835390891
random_6,1,7,0.46298333333333336,0.17355,-0.3813213496247403
random_6,1,8,0.8185388888888888,0.17355,-3.6897191032743963
random_6,1,9,0.5404722222222222,0.17355,-0.6625182239721381
random_6,1,10,0.4964611111111111,0.17355,-0.3430972835390891
random_6,1,11,0.46298333333333336,0.17355,-0.3813213496247403
random_6,1,12,0.7174055555555556,0.24435,-1.304585764423524
random_6,1,13,0.2852055555555555,0.17355,0.42352103764919335
random_6,1,14,0.5404722222222222,0.17355,-0.6625182239721381
random_6,1,15,0.46298333333333336,0.17355,-0.3813213496247403
random_6,2,0,0.5693995726495726,0.17355,-1.256659906815972
random_6,2,1,0.8322141025641026,0.17355,-3.9200335835067808
random_6,2,2,0.4861722222222222,0.17355,-0.4213178583922774
random_6,2,3,0.47209615384615383,0.17355,-0.40167163512671067
random_6,2,4,1.5959226495726497,0.24435,-24.232298293205933
random_6,2,5,0.47209615384615383,0.17355,-0.40167163512671067
random_6,2,6,0.8246662393162393,0.17355,-4.629065530647581
random_6,2,7,0.5223055555555556,0.24435,-0.47174980536993827
random_6,2,8,0.7638380341880342,0.17355,-2.8448081547776938
random_6,2,9,0.48278589743589745,0.17355,-0.2599489887839386
random_6,2,10,0.34603376068376074,0.08175,0.1516256103870024
random_6,2,11,0.47209615384615383,0.17355,-0.40167163512671067
random_6,2,12,0.3527371794871794,0.17355,0.30768240080403864
random_6,2,13,0.3460337606837607,0.17355,0.302118615187996
random_6,2,14,0.5404722222222222,0.17355,-0.6625182239721381
random_6,2,15,0.8322141025641026,0.17355,-3.9200335835067808
random_6,3,0,0.4189722222222222,0.12195,-0.27437460607454844
random_6,3,1,0.8185388888888888,0.17355,-3.6897191032743963
random_6,3,2,0.45061666666666667,0.08175,-0.38160359483845263
random_6,3,3,0.46936111111111106,0.17355,-0.3952078141394011
random_6,3,4,1.4619055555555556,0.24435,-18.71881707698032
random_6,3,5,0.46936111111111106,0.17355,-0.3952078141394011
random_6,3,6,0.74535,0.17355,-3.1903305504292208
random_6,3,7,0.4448166666666666,0.17355,-0.34696001089246975
random_6,3,8,0.960761111111111,0.17355,-6.458173698942856
random_6,3,9,0.6386833333333334,0.17355,-1.6604244015744656
random_6,3,10,0.4427388888888889,0.23825000000000002,-0.006717437836392781
random_6,3,11,0.48675,0.23825000000000002,-0.40782820726683644
random_6,3,12,0.36184999999999995,0.24435,0.32669480104783966
random_6,3,13,0.4008055555555556,0.23825000000000002,0.17588715128670707
random_6,3,14,0.42742777777777774,0.13129999999999997,-0.3343396177650342
random_6,3,15,0.5696499999999999,0.17355,-0.831929865391414
random_6,4,0,0.47100474254742547,0.17355,-0.19488117589355025
random_6,4,1,0.805530758807588,0.17355,-3.477724620114337
random_6,4,2,0.46449200542005414,0.17355,-0.3784216380473686
random_6,4,3,0.4537513550135501,0.17355,-0.3641619823725082
random_6,4,4,1.4775153116531166,0.24435,-19.323276141901232
random_6,4,5,0.4537513550135502,0.17355,-0.24273597540727865
random_6,4,6,0.5961901084010841,0.17355,-1.180329054080112
random_6,4,7,0.440480623306233,0.17355,-0.3524161968109434
random_6,4,8,0.8272109756097561,0.17355,-3.8348865452525533
random_6,4,9,0.7045911924119241,0.17355,-3.04589208161228
random_6,4,10,0.4370025745257453,0.1458939024390244,-0.059340149833615685
random_6,4,11,0.5006253387533875,0.17355,-0.4765171409932405
random_6,4,12,0.3351830623306233,0.17355,0.32463171254407774
random_6,4,13,0.38779742547425466,0.17355,0.11925352540339973
random_6,4,14,0.4586472899728997,0.17355,-0.37282866382221
random_6,4,15,0.5453681571815717,0.17355,-0.6885182683212439
random_6,5,0,0.7016680327868853,0.1132024590163935,-2.7935803855716594
random_6,5,1,0.8097957194899817,0.17355,-3.5464698453199652
random_6,5,2,0.47160027322404363,0.1490926229508196,-0.41870953773824215
random_6,5,3,0.48218442622950813,0.17355,-0.42815424689852866
random_6,5,4,1.3470785974499089,0.24435,-14.57808400052094
random_6,5,5,0.4640177595628416,0.18054508196721308,-0.21432145005011116
random_6,5,6,0.5634920765027323,0.17355,-1.0089949476486266
random_6,5,7,0.46401775956284147,0.18054508196721308,-0.36951535752341114
random_6,5,8,0.7515079234972677,0.17355,-2.671227730169062
random_6,5,9,0.8257871584699453,0.17355,-5.3672213984514725
random_6,5,10,0.41816566484517304,0.17355,0.023087117099009236
random_6,5,11,0.44944581056466304,0.17355,-0.12087836774875926
random_6,5,12,0.3440683970856102,0.17355,0.3169382795724415
random_6,5,13,0.4066343351548269,0.17355,-0.08843718068708983
random_6,5,14,0.40178114754098354,0.08175,-0.31843018747309104
random_6,5,15,0.5037847905282331,0.17355,-0.49882911157518395
clustered_1,1,0,1.0884,0.1823,-0.34295366908182445
clustered_1,1,1,1.1267000000000003,0.1888,-0.31431182150807735
clustered_1,1,2,1.248788888888889,0.1823,-0.49154129521912693
clustered_1,1,3,2.054933333333333,0.1823,-3.92462056826621
clustered_1,1,4,1.0884,0.1823,-0.34295366908182445
clustered_1,1,5,1.521,0.1823,-2.346802174807396
clustered_1,1,6,1.5216000000000003,0.1823,-1.3462675533632824
clustered_1,1,7,1.600688888888889,1.1494,-0.7534250562424851
clustered_1,1,8,1.0884,0.1823,-0.34295366908182445
clustered_1,1,9,2.2147222222222216,0.1823,-7.751804458431806
clustered_1,1,10,1.0884,0.1823,-0.34295366908182445
clustered_1,1,11,3.2987777777777776,0.1823,-20.820356383316728
clustered_1,1,12,0.3542,0.1823,0.9246372303329279
clustered_1,1,13,1.0884,0.1823,-0.34295366908182445
clustered_1,1,14,4.140955555555555,0.1888,-29.791369052141814
clustered_1,1,15,0.9882666666666667,0.1823,-0.250188051710895
clustered_1,2,0,1.2480957264957264,0.1823,-0.5990131294274084
clustered_1,2,1,1.2087512820512822,0.1888,-0.38299579334340517
clustered_1,2,2,1.166737606837607,0.1823,-0.39877951509471843
clustered_1,2,3,1.6583521367521368,0.1823,-1.8660755851784123
clustered_1,2,4,1.0884,0.1823,-0.34295366908182445
clustered_1,2,5,1.8092358974358973,0.5059346153846154,-3.229249036816886
clustered_1,2,6,1.0036230769230772,0.1888,-0.2467464374879551
clustered_1,2,7,1.5870136752136752,0.4383346153846154,-1.0216212705188945
clustered_1,2,8,1.0884,0.1823,-0.34295366908182445
clustered_1,2,9,1.2574572649572648,0.1823,-1.254235154621235
clustered_1,2,10,1.0884,0.1823,-0.34295366908182445
clustered_1,2,11,2.4098888888888883,0.1823,-9.524866066214091
clustered_1,2,12,0.9285589743589744,0.1823,0.25490669786059095
clustered_1,2,13,1.0429675213675216,0.1823,-0.29438874620809075
clustered_1,2,14,3.9388555555555547,1.1213192307692308,-22.3473204186283
clustered_1,2,15,1.2187735042735044,0.1888,-0.48006594858943497
clustered_1,3,0,1.2727111111111111,0.1823,-0.6503030820543236
clustered_1,3,1,1.1978111111111112,0.1888,-0.37481328540725345
clustered_1,3,2,1.1951444444444446,0.1888,-0.2202193634714673
clustered_1,3,3,1.9736333333333336,0.14295,-3.4942537766165866
clustered_1,3,4,1.0884,0.1823,-0.34295366908182445
clustered_1,3,5,2.356244444444444,0.21055000000000001,-8.454881783891157
clustered_1,3,6,0.9068333333333336,0.1823,-0.21412557236143703
clustered_1,3,7,1.7024000000000001,0.7777,-1.340582416826003
clustered_1,3,8,1.0884,0.1823,-0.34295366908182445
clustered_1,3,9,0.9903333333333334,0.1823,-0.10781671011978688
clustered_1,3,10,1.0834444444444444,0.17705,-0.3424945760353595
clustered_1,3,11,2.2321111111111107,0.1823,-7.759859173877075
clustered_1,3,12,1.1008666666666669,0.1823,-0.5626471908776827
clustered_1,3,13,1.0238222222222224,0.1823,-0.2771448425199261
clustered_1,3,14,3.7610777777777775,0.53055,-21.729952495366316
clustered_1,3,15,1.3107111111111112,0.1888,-0.6566614178122048
clustered_1,4,0,1.1096758807588079,0.1823,-0.3693944785115828
clustered_1,4,1,1.3304940379403796,0.1888,-0.562170497731526
clustered_1,4,2,1.2731932249322495,0.1888,-0.24959192809213437
clustered_1,4,3,1.8088636856368565,0.2014439024390244,-2.5247401808178993
clustered_1,4,4,1.0681246612466124,0.17705,-0.3418083338071931
clustered_1,4,5,2.4646455284552844,0.1888,-9.537686408820171
clustered_1,4,6,0.9570235772357724,0.1888,-0.22415201640604954
clustered_1,4,7,1.7033119241192411,0.4083158536585365,-1.8288985593315061
clustered_1,4,8,1.066719783197832,0.1823,-0.31843691758963
clustered_1,4,9,0.8518276422764228,0.1712219512195122,0.15456484310459462
clustered_1,4,10,1.1143344173441736,0.2014439024390244,-0.34726934309903124
clustered_1,4,11,2.084685636856369,0.1823,-6.4211138673885015
clustered_1,4,12,1.6304016260162604,0.1823,-3.344324963729979
clustered_1,4,13,1.0691647696476965,0.17705,-0.34141027713734995
clustered_1,4,14,3.4402105691056906,0.6485378048780488,-18.7742232584261
clustered_1,4,15,1.2361311653116533,0.1888,-0.5776096374410342
clustered_1,5,0,1.0115817850637523,0.1823,-0.26712104257785785
clustered_1,5,1,1.234532422586521,0.1888,-0.43466559431806684
clustered_1,5,2,1.2769256830601092,0.1888,-0.34072171357529935
clustered_1,5,3,2.037749908925319,0.13195,-3.959240209996098
clustered_1,5,4,1.0738280510018214,0.17705,-0.3419139663488
clustered_1,5,5,2.210524954462659,0.1888,-7.249752467151447
clustered_1,5,6,0.9417408014571951,0.1888,-0.22061646219538122
clustered_1,5,7,1.6329400728597452,0.4734377049180327,-1.3819946372919878
clustered_1,5,8,0.971824408014572,0.1823,-0.024038327821913175
clustered_1,5,9,0.8003034608378871,0.13195,0.38587031857469145
clustered_1,5,10,1.1516528233151184,0.17705,-0.3650849744371407
clustered_1,5,11,1.8852987249544617,0.1823,-4.790689716552094
clustered_1,5,12,1.5625176684881605,0.1823,-2.8197801934487736
clustered_1,5,13,1.088812932604736,0.13195,-0.372750209393266
clustered_1,5,14,3.2976897996357004,0.39264016393442625,-17.060703400119444
clustered_1,5,15,1.1954599271402548,0.2163926229508196,-0.4800586645928586
clustered_2,1,0,1.2855055555555557,0.18405,-0.2990873844613644
clustered_2,1,1,4.108416666666667,0.2671,-19.19524889128415
clustered_2,1,2,1.8382055555555559,0.18405,-2.3812448349702864
clustered_2,1,3,2.1743944444444443,0.18405,-2.3185884562861356
clustered_2,1,4,1.8660944444444445,0.47035,-0.7537825525009294
clustered_2,1,5,3.7937611111111114,0.18405,-19.066732096996105
clustered_2,1,6,1.255238888888889,0.18405,-0.27383821405814546
clustered_2,1,7,1.9966166666666665,0.18405,-1.7169463298059071
clustered_2,1,8,1.3992722222222223,0.2671,-0.3138902204136187
clustered_2,1,9,2.2775277777777783,0.47035,-1.7950605645261932
clustered_2,1,10,1.255238888888889,0.18405,-0.27383821405814546
clustered_2,1,11,0.5441277777777777,0.18405,0.8574061885448154
clustered_2,1,12,1.3992722222222223,0.2671,-0.3138902204136187
clustered_2,1,13,1.1077277777777779,0.18405,-0.1918000382693208
clustered_2,1,14,2.6225722222222227,0.18405,-5.3800843545675905
clustered_2,1,15,1.2855055555555557,0.18405,-0.2990873844613644
clustered_2,2,0,1.230804700854701,0.18405,-0.25554525895234836
clustered_2,2,1,3.2468782051282057,0.2671,-11.620595014145236
clustered_2,2,2,2.134814957264957,0.18405,-4.143043202442202
clustered_2,2,3,1.8461893162393166,0.18405,-1.2850891825451711
clustered_2,2,4,1.4968636752136752,0.47035,-0.33946472525896887
clustered_2,2,5,2.945897863247863,0.18405,-9.822073454285496
clustered_2,2,6,1.255238888888889,0.18405,-0.27383821405814546
clustered_2,2,7,2.220299572649573,0.15185,-2.625750551983364
clustered_2,2,8,1.317346581196581,0.4313346153846154,-0.2804807407712413
clustered_2,2,9,1.8399209401709404,0.4313346153846154,-0.9788927972105299
clustered_2,2,10,1.1184867521367523,0.18405,-0.19548225008841413
clustered_2,2,11,0.9629918803418802,0.18405,0.38254472770449055
clustered_2,2,12,0.9919320512820513,0.2671,0.2789916614681627
clustered_2,2,13,1.1624286324786326,0.18405,-0.2142808950323314
clustered_2,2,14,2.636247435897436,0.18405,-5.538015221718078
clustered_2,2,15,1.5408055555555555,0.4313346153846154,-0.43166216601798557
clustered_2,3,0,1.178838888888889,0.18405,-0.22285046201922176
clustered_2,3,1,2.970638888888889,0.15185,-9.556349046511947
clustered_2,3,2,1.8509611111111113,0.18405,-3.3245744805466257
clustered_2,3,3,2.032172222222222,0.18405,-1.8293650786173417
clustered_2,3,4,1.3683166666666666,0.45595,-0.2841282088098438
clustered_2,3,5,2.76265,0.18405,-8.390203814364119
clustered_2,3,6,1.255238888888889,0.18405,-0.27383821405814546
clustered_2,3,7,1.9276500000000003,0.16965000000000002,-1.6047661071759616
clustered_2,3,8,1.0739277777777778,0.16815,-0.18318714210974996
clustered_2,3,9,1.995227777777778,0.16965000000000002,-1.2939182931046522
clustered_2,3,10,1.0750833333333332,0.18405,-0.18496125782750927
clustered_2,3,11,1.0559833333333333,0.18405,0.2026697407181609
clustered_2,3,12,0.8303833333333333,0.2671,0.39456714344347776
clustered_2,3,13,0.98255,0.1026,-0.17356205453753892
clustered_2,3,14,2.9781277777777775,0.18405,-8.748226051287899
clustered_2,3,15,1.256361111111111,0.15185,-0.25190431040023364
clustered_2,4,0,1.1207359078590786,0.18405,-0.1962977771666059
clustered_2,4,1,2.7599071815718164,0.2061939024390244,-7.86438844216506
clustered_2,4,2,1.3567288617886177,0.0925219512195122,-1.3249601115964835
clustered_2,4,3,1.954200135501355,0.18405,-1.6866923116805714
clustered_2,4,4,1.3067448509485093,0.2061939024390244,-0.2720710464365357
clustered_2,4,5,2.6912863143631434,0.18405,-8.276374546158364
clustered_2,4,6,1.236019105691057,0.15185,-0.27318644176165474
clustered_2,4,7,1.802438617886179,0.1026,-1.3115126543358087
clustered_2,4,8,1.0938735772357724,0.1026,-0.1968862938869378
clustered_2,4,9,2.0906207317073178,0.2671,-1.6702947257320786
clustered_2,4,10,1.1695234417344171,0.2671,-0.20126768222539693
clustered_2,4,11,0.9135085365853656,0.18405,0.46543984120663595
clustered_2,4,12,0.8553911924119242,0.2671,0.4411815988582668
clustered_2,4,13,1.0340150406504067,0.15185,-0.1778249616804184
clustered_2,4,14,3.0648486449864496,0.18405,-9.087001435846009
clustered_2,4,15,1.2240985094850947,0.31826585365853655,-0.23307343692278804
clustered_2,5,0,1.1601867941712205,0.18405,-0.2131755948736096
clustered_2,5,1,2.677451275045537,0.15185,-7.85672134079528
clustered_2,5,2,1.2391727686703098,0.16543934426229479,-1.008892614731093
clustered_2,5,3,2.015331238615665,0.1359524590163935,-1.8809163580723633
clustered_2,5,4,1.2569869763205828,0.15185,-0.2660076778485094
clustered_2,5,5,2.462400091074681,0.18405,-6.578665215709733
clustered_2,5,6,1.3163425318761386,0.2671,-0.2835873601351817
clustered_2,5,7,1.8550397996357013,0.20805491803278692,-1.3583755334486574
clustered_2,5,8,1.0220877049180328,0.1026,-0.17737068612466222
clustered_2,5,9,2.0010565573770496,0.2671,-1.4699667754030261
clustered_2,5,10,1.1051629326047359,0.18405,-0.1892446584922456
clustered_2,5,11,0.8886295992714024,0.18405,0.49419608398064696
clustered_2,5,12,0.7989079234972677,0.2671,0.5554654328181363
clustered_2,5,13,0.9929438069216757,0.1359524590163935,-0.17387670650597187
clustered_2,5,14,3.2120953551912566,0.18405,-9.821123838027631
clustered_2,5,15,1.1537068306010927,0.47035,-0.19729052002038494
clustered_3,1,0,1.2071555555555553,0.1742,-0.2599498999838623
clustered_3,1,1,1.2071555555555553,0.1742,-0.2599498999838623
clustered_3,1,2,3.0542888888888893,0.1742,-10.804095730581675
clustered_3,1,3,1.4631666666666667,0.1742,-0.5522318312440784
clustered_3,1,4,1.2071555555555553,0.1742,-0.2599498999838623
clustered_3,1,5,0.891888888888889,0.22625,0.6393298417779367
clustered_3,1,6,1.3469888888888886,0.22625,-0.2998610160911255
clustered_3,1,7,1.300322222222222,0.1742,-0.2865414541006206
clustered_3,1,8,1.2853888888888887,0.1742,-0.32693778282325225
clustered_3,1,9,1.4393888888888888,0.22625,-0.3262337488323257
clustered_3,1,10,2.3282777777777777,0.22625,-1.588598407806725
clustered_3,1,11,1.300322222222222,0.1742,-0.2865414541006206
clustered_3,1,12,1.3462222222222222,0.22625,-0.2996421947155674
clustered_3,1,13,1.640944444444444,0.1742,-0.8790082567354187
clustered_3,1,14,3.0542888888888893,0.1742,-10.804095730581675
clustered_3,1,15,0.9298333333333333,0.1742,0.23374917916705806
clustered_3,2,0,1.2071555555555553,0.1742,-0.2599498999838623
clustered_3,2,1,1.2375871794871793,0.22625,-0.2632905804901451
clustered_3,2,2,2.9638128205128207,0.22625,-9.653022392216979
clustered_3,2,3,1.367440170940171,0.1742,-0.4183094151211435
clustered_3,2,4,1.2071555555555553,0.1742,-0.2599498999838623
clustered_3,2,5,0.5280606837606838,0.38075,0.8710724122071328
clustered_3,2,6,1.2556854700854698,0.38075,-0.26527734947541526
clustered_3,2,7,1.22058547008547,0.22625,-0.26142419047101906
clustered_3,2,8,1.1623119658119656,0.1742,-0.2304132364607927
clustered_3,2,9,1.22058547008547,0.22625,-0.09965418816275373
clustered_3,2,10,1.8359700854700856,0.22625,-0.7208393963597937
clustered_3,2,11,0.9174162393162393,0.1742,0.3719140390414908
clustered_3,2,12,1.3735726495726495,0.22625,-0.314756013171674
clustered_3,2,13,1.367440170940171,0.1742,-0.4183094151211435
clustered_3,2,14,3.3799341880341887,0.1742,-13.95541017754678
clustered_3,2,15,0.8888076923076923,0.1742,0.16485518031145263
clustered_3,3,0,1.2071555555555553,0.1742,-0.2599498999838623
clustered_3,3,1,1.2047666666666665,0.1742,-0.2598135330396738
clustered_3,3,2,2.641077777777778,0.22055000000000002,-7.396258521922121
clustered_3,3,3,1.3417777777777777,0.1742,-0.3365944652663684
clustered_3,3,4,1.2071555555555553,0.1742,-0.2599498999838623
clustered_3,3,5,0.6044222222222223,0.1742,0.7884214075213699
clustered_3,3,6,1.154488888888889,0.1742,-0.21835290788751482
clustered_3,3,7,1.4528888888888887,0.17075,-0.40166306264941265
clustered_3,3,8,1.425222222222222,0.22625,-0.3668488989305154
clustered_3,3,9,1.1328888888888888,0.17075,0.1951142039514563
clustered_3,3,10,1.6527222222222222,0.22625,-0.4921003515055149
clustered_3,3,11,0.8871555555555557,0.17075,0.3931393033885783
clustered_3,3,12,1.3106666666666666,0.22625,-0.28358514560358516
clustered_3,3,13,1.2474444444444444,0.1742,-0.2939204914433604
clustered_3,3,14,3.6408111111111108,0.22625,-15.530984385517502
clustered_3,3,15,0.963,0.22625,0.2299626179726144
clustered_3,4,0,1.2071555555555553,0.1742,-0.2599498999838623
clustered_3,4,1,1.212571544715447,0.2194939024390244,-0.26032693101185056
clustered_3,4,2,2.2950615176151765,0.1742,-5.1466605523837545
clustered_3,4,3,1.5039457994579946,0.1742,-0.5640685133167036
clustered_3,4,4,1.2071555555555553,0.1742,-0.2599498999838623
clustered_3,4,5,0.6096051490514907,0.0956719512195122,0.7580285931881441
clustered_3,4,6,1.2273344173441734,0.38075,-0.2271677737133373
clustered_3,4,7,1.3873563685636856,0.20461585365853657,-0.2916928468641107
clustered_3,4,8,1.3211571815718157,0.22625,-0.3070725339354663
clustered_3,4,9,0.8866016260162601,0.18562804878048778,0.6342587772813503
clustered_3,4,10,1.4957574525745256,0.22625,-0.3787544804285756
clustered_3,4,11,0.9703631436314364,0.17075,0.21700030254979963
clustered_3,4,12,1.2768455284552844,0.22625,-0.22032115625145066
clustered_3,4,13,1.1693956639566396,0.2194939024390244,-0.23177311763649278
clustered_3,4,14,3.4855807588075884,0.20461585365853657,-14.65018233281022
clustered_3,4,15,0.8225121951219511,0.22625,0.5106162293913092
clustered_3,5,0,1.2071555555555553,0.1742,-0.2599498999838623
clustered_3,5,1,1.198355009107468,0.1742,-0.2595381221479176
clustered_3,5,2,1.9830085610200365,0.1742,-3.3937269865988737
clustered_3,5,3,1.3866593806921674,0.17075,-0.4345470007380765
clustered_3,5,4,1.1780116575591986,0.09945,-0.25856776169026463
clustered_3,5,5,0.79852058287796,0.1742,0.5131755069578128
clustered_3,5,6,1.2937967213114754,0.35384016393442624,-0.263089996822611
clustered_3,5,7,1.3898442622950817,0.09945,-0.309282529625472
clustered_3,5,8,1.2532732240437159,0.22625,-0.2724206661066555
clustered_3,5,9,0.7091859744990892,0.22625,0.786985186770836
clustered_3,5,10,1.4481320582877961,0.22625,-0.3330894803385447
clustered_3,5,11,0.7817112932604737,0.17075,0.5731746058536857
clustered_3,5,12,1.1101566484517305,0.22625,0.029894011599572945
clustered_3,5,13,1.1512695810564662,0.22625,-0.21548558976693521
clustered_3,5,14,3.722996903460839,0.22625,-16.873472643366135
clustered_3,5,15,0.5538196721311476,0.22625,0.8473466143666885
clustered_4,1,0,0.9949555555555555,0.1935,-0.3424686179739955
clustered_4,1,1,0.9949555555555555,0.1935,-0.3424686179739955
clustered_4,1,2,1.0720222222222222,0.1935,-0.3592341269777133
clustered_4,1,3,0.9949555555555555,0.1935,-0.3424686179739955
clustered_4,1,4,0.9949555555555555,0.1935,-0.3424686179739955
clustered_4,1,5,3.800588888888889,0.7191,-26.46548103110727
clustered_4,1,6,0.9949555555555555,0.1935,-0.3424686179739955
clustered_4,1,7,1.6211888888888888,0.7191,-1.2319200771180419
clustered_4,1,8,0.9949555555555555,0.1935,-0.3424686179739955
clustered_4,1,9,0.9949555555555555,0.1935,-0.3424686179739955
clustered_4,1,10,1.1259555555555554,0.1935,-0.5600020198307447
clustered_4,1,11,0.6470555555555557,0.1935,0.6203796072927101
clustered_4,1,12,0.9410222222222223,0.1935,-0.28672299302546356
clustered_4,1,13,1.1259555555555554,0.1935,-0.5600020198307447
clustered_4,1,14,5.624833333333332,0.1935,-84.91257315988722
clustered_4,1,15,1.5359444444444443,0.1935,-3.3369508919359028
clustered_4,2,0,0.9949555555555555,0.1935,-0.3424686179739955
clustered_4,2,1,0.9949555555555555,0.1935,-0.3424686179739955
clustered_4,2,2,1.0173213675213675,0.18845,-0.43978443993376026
clustered_4,2,3,1.0093982905982903,0.1935,-0.3455433657582605
clustered_4,2,4,1.0898299145299144,0.2427,-0.38286466819257203
clustered_4,2,5,2.7202470085470085,0.5116846153846154,-14.07483791835867
clustered_4,2,6,0.9949555555555555,0.1935,-0.3424686179739955
clustered_4,2,7,1.1980247863247862,0.4269346153846154,-0.4547322121984998
clustered_4,2,8,0.9265794871794871,0.1935,-0.27137167148649355
clustered_4,2,9,1.1715264957264955,0.18845,-0.5223702948777942
clustered_4,2,10,0.8661264957264958,0.1935,-0.23276173348535956
clustered_4,2,11,0.9655136752136754,0.2427,-0.08278817182079212
clustered_4,2,12,0.8726461538461538,0.1935,-0.23246295636015168
clustered_4,2,13,1.4994076923076922,0.5116846153846154,-1.2121988216941801
clustered_4,2,14,4.949036752136752,0.1935,-64.40506688005993
clustered_4,2,15,2.4248333333333334,0.1935,-12.214460115659831
clustered_4,3,0,0.9949555555555555,0.1935,-0.3424686179739955
clustered_4,3,1,0.9886333333333334,0.1935,-0.341768722550436
clustered_4,3,2,0.8712000000000001,0.1935,-0.24603311497388725
clustered_4,3,3,0.9691333333333334,0.1265,-0.3396099941350639
clustered_4,3,4,1.024188888888889,0.2427,-0.3489411130860689
clustered_4,3,5,2.5561444444444446,0.5346,-12.693101252202142
clustered_4,3,6,0.9949555555555555,0.1935,-0.3424686179739955
clustered_4,3,7,1.1050333333333333,0.13155,-0.4143364385580175
clustered_4,3,8,0.9593999999999999,0.1935,-0.30186484305009786
clustered_4,3,9,1.1648888888888889,0.18845,-0.4635246953114782
clustered_4,3,10,0.8411111111111113,0.18845,-0.2314767662174677
clustered_4,3,11,0.8369666666666666,0.2146,0.2211845966148258
clustered_4,3,12,0.9347,0.1935,-0.2610876318261617
clustered_4,3,13,1.3626555555555553,0.3973,-1.0377882753196737
clustered_4,3,14,4.990777777777777,0.2427,-64.26789192602409
clustered_4,3,15,2.993722222222223,0.1935,-20.4781758134583
clustered_4,4,0,0.9949555555555555,0.1935,-0.3424686179739955
clustered_4,4,1,0.9964382113821139,0.2017939024390244,-0.3426687837815632
clustered_4,4,2,0.7445021680216803,0.1407195121951219,-0.1994415323001839
clustered_4,4,3,0.9736357723577235,0.18845,-0.34034011382724527
clustered_4,4,4,1.0181184281842819,0.2427,-0.3471592700682993
clustered_4,4,5,1.944762330623306,0.2848439024390244,-6.406275768686532
clustered_4,4,6,0.9949555555555555,0.1935,-0.3424686179739955
clustered_4,4,7,1.061839295392954,0.1054,-0.3903197524982256
clustered_4,4,8,0.9299149051490515,0.1935,-0.27416436854329085
clustered_4,4,9,1.18239945799458,0.18845,-0.4790710434440586
clustered_4,4,10,0.9318276422764227,0.1054,-0.30042315165655986
clustered_4,4,11,0.7753948509485095,0.1935,0.3487038972641715
clustered_4,4,12,0.8991444444444444,0.2017939024390244,-0.16876342402167732
clustered_4,4,13,1.3409753387533874,0.3426658536585365,-1.0468028674070515
clustered_4,4,14,4.623948509485095,0.1935,-55.642028363277824
clustered_4,4,15,2.316432249322493,0.1935,-11.106073402517527
clustered_4,5,0,0.9658116575591986,0.1935,-0.33061275248273647
clustered_4,5,1,0.9967936247723134,0.2049926229508196,-0.34271880033513247
clustered_4,5,2,0.7025633879781421,0.1054,-0.19485181031140586
clustered_4,5,3,0.9956714025500912,0.18845,-0.34345723208998646
clustered_4,5,4,1.0113655737704919,0.2427,-0.3454467409346813
clustered_4,5,5,1.8683484517304194,0.2880426229508196,-5.570959686370349
clustered_4,5,6,0.9803836065573771,0.1935,-0.3412297388547898
clustered_4,5,7,0.9956714025500912,0.11155245901639349,-0.08509971004385397
clustered_4,5,8,0.892951912568306,0.1935,-0.24708585934199845
clustered_4,5,9,1.1714145719489981,0.11155245901639349,-0.4856987841642624
clustered_4,5,10,0.9282684881602914,0.11155245901639349,-0.2876215173599588
clustered_4,5,11,0.9065998178506375,0.1935,-0.0838585665317253
clustered_4,5,12,0.8388216757741349,0.3678770491803278,0.01469597850531057
clustered_4,5,13,1.2169360655737702,0.28189016393442623,-0.7128568145909637
clustered_4,5,14,4.386826775956285,0.1935,-48.64563049849238
clustered_4,5,15,2.0896785063752277,0.1935,-8.4278873297188
clustered_5,1,0,1.1571388888888887,0.33515,-1.069388804871552
clustered_5,1,1,0.7520722222222223,0.33515,-0.24098647312848942
clustered_5,1,2,0.7520722222222223,0.33515,-0.24098647312848942
clustered_5,1,3,0.8536277777777778,0.33515,-0.31021693644620196
clustered_5,1,4,0.49492777777777786,0.2516500000000006,0.587544624246565
clustered_5,1,5,0.7520722222222223,0.33515,-0.24098647312848942
clustered_5,1,6,0.7520722222222223,0.33515,-0.24098647312848942
clustered_5,1,7,3.521027777777778,0.35715,-26.867931598993643
clustered_5,1,8,0.7520722222222223,0.33515,-0.24098647312848942
clustered_5,1,9,1.2294833333333335,0.33515,-3.170048601831927
clustered_5,1,10,0.5742944444444444,0.33515,0.4030916436433989
clustered_5,1,11,2.167883333333333,0.33515,-13.314439898029148
clustered_5,1,12,3.28345,0.33515,-26.66049016585555
clustered_5,1,13,0.7520722222222223,0.33515,-0.24098647312848942
clustered_5,1,14,0.7520722222222223,0.33515,-0.24098647312848942
clustered_5,1,15,0.5742944444444444,0.33515,0.4030916436433989
clustered_5,2,0,0.9656858974358976,0.33515,-0.5210259516556293
clustered_5,2,1,0.7520722222222223,0.33515,-0.24098647312848942
clustered_5,2,2,0.7520722222222223,0.33515,-0.24098647312848942
clustered_5,2,3,0.7332354700854701,0.33515,0.35000519944861963
clustered_5,2,4,0.6128149572649573,0.05825,0.2238086054056473
clustered_5,2,5,0.7442260683760683,0.2723846153846154,-0.23892927072389347
clustered_5,2,6,0.7520722222222223,0.33515,-0.24098647312848942
clustered_5,2,7,3.3432499999999994,0.35715,-25.404187672272222
clustered_5,2,8,0.7442260683760683,0.2723846153846154,-0.23892927072389347
clustered_5,2,9,0.7319858974358974,0.05825,-0.4027020784923798
clustered_5,2,10,1.1024380341880342,0.33515,-0.8734964343220979
clustered_5,2,11,1.607930341880342,0.343,-6.073916992878086
clustered_5,2,12,2.7559457264957263,0.2723846153846154,-22.09514667921491
clustered_5,2,13,0.6836961538461539,0.33515,0.03542018315672191
clustered_5,2,14,0.7520722222222223,0.33515,-0.24098647312848942
clustered_5,2,15,0.5390978632478631,0.2723846153846154,0.4827245593293443
clustered_5,3,0,0.8726944444444444,0.05825,-0.40578830339998406
clustered_5,3,1,0.7165166666666667,0.33515,-0.09278026048599952
clustered_5,3,2,0.7520722222222223,0.33515,-0.24098647312848942
clustered_5,3,3,0.6675944444444444,0.297,0.16477372684356084
clustered_5,3,4,0.6371500000000001,0.25720000000000004,0.4612073605855742
clustered_5,3,5,0.7165166666666667,0.05825,-0.23544197650391974
clustered_5,3,6,0.6809611111111111,0.33515,0.04573065751243388
clustered_5,3,7,3.223638888888889,0.35715,-22.642185922129023
clustered_5,3,8,0.680961111111111,0.05825,-0.08723576386142984
clustered_5,3,9,0.3405944444444444,0.037150000000000016,0.7390048201539661
clustered_5,3,10,1.2508611111111112,0.33515,-1.3750829598884273
clustered_5,3,11,1.2660500000000003,0.33515,-3.180742208846363
clustered_5,3,12,2.4656722222222225,0.05825,-18.432632902209765
clustered_5,3,13,0.5387388888888889,0.33515,0.5028213830656083
clustered_5,3,14,0.7520722222222223,0.33515,-0.24098647312848942
clustered_5,3,15,0.5742944444444444,0.05825,0.2992111062017029
clustered_5,4,0,0.8839681571815717,0.14787804878048783,-0.402428755477261
clustered_5,4,1,0.6870315718157182,0.33515,0.02276879350118599
clustered_5,4,2,0.7303920054200542,0.14787804878048783,-0.23645216737655894
clustered_5,4,3,0.6181635501355013,0.22821585365853653,0.18694362251464214
clustered_5,4,4,0.6293451219512195,0.33515,0.43428400841088577
clustered_5,4,5,0.7192104336043361,0.05825,-0.23552259639710615
clustered_5,4,6,0.6436711382113821,0.33515,0.18058196405858118
clustered_5,4,7,3.2435846883468837,0.35715,-23.783178199821116
clustered_5,4,8,0.7625708672086721,0.33515,-0.1628391351112446
clustered_5,4,9,0.6858901084010841,0.04724390243902438,-0.43136936859809905
clustered_5,4,10,1.0661456639566398,0.16202804878048782,-0.7656708042078482
clustered_5,4,11,1.2660500000000001,0.20328780487804876,-3.7280680646754947
clustered_5,4,12,2.2818239837398373,0.14787804878048783,-15.357821342614873
clustered_5,4,13,0.42686897018970194,0.33515,0.7533637304968944
clustered_5,4,14,0.7520722222222223,0.33515,-0.24098647312848942
clustered_5,4,15,0.6219909214092141,0.14787804878048783,0.18511626981051155
clustered_5,5,0,0.8715286885245901,0.21185245901639352,-0.3723457381145545
clustered_5,5,1,0.6937844262295082,0.33515,-0.0031063138800944134
clustered_5,5,2,0.7229283242258652,0.21185245901639352,-0.17562888194012172
clustered_5,5,3,0.5819113843351548,0.05825,0.17619780833986443
clustered_5,5,4,0.570701912568306,0.21185245901639352,0.48943659978748977
clustered_5,5,5,0.7195658469945355,0.05825,-0.23553738891207532
clustered_5,5,6,0.6209246812386158,0.33515,0.25760317544322175
clustered_5,5,7,3.068010473588343,0.343,-20.681786083782317
clustered_5,5,8,0.7487097449908925,0.33515,-0.182831834795955
clustered_5,5,9,0.5691228597449906,0.08070491803278695,0.1323883437426091
clustered_5,5,10,1.0625915300546451,0.22600245901639351,-0.7654485034306944
clustered_5,5,11,1.234025227686703,0.20404508196721308,-3.536010844346783
clustered_5,5,12,2.0856357923497266,0.21185245901639352,-11.710564178924036
clustered_5,5,13,0.4314893442622951,0.33515,0.7449161570505203
clustered_5,5,14,0.7520722222222223,0.33515,-0.24098647312848942
clustered_5,5,15,0.646706102003643,0.05825,0.05774162017762097
clustered_6,1,0,0.8057166666666666,0.2421,-0.45046044691748777
clustered_6,1,1,1.1074722222222222,0.2709,-1.1141150621109919
clustered_6,1,2,0.31700555555555554,0.239,0.876920995715924
clustered_6,1,3,0.8375277777777778,0.239,-1.3783637424488213
clustered_6,1,4,0.8375277777777778,0.239,-1.3783637424488213
clustered_6,1,5,0.8104277777777777,0.2421,-0.4555634456633084
clustered_6,1,6,0.672561111111111,0.239,-0.30622852010164947
clustered_6,1,7,0.672561111111111,0.239,-0.30622852010164947
clustered_6,1,8,2.25975,0.239,-24.375268297977875
clustered_6,1,9,0.672561111111111,0.239,-0.30622852010164947
clustered_6,1,10,1.3234722222222222,0.239,-3.126453732626829
clustered_6,1,11,1.330561111111111,0.2421,-3.1571680080969573
clustered_6,1,12,0.672561111111111,0.239,-0.30622852010164947
clustered_6,1,13,0.31700555555555554,0.239,0.876920995715924
clustered_6,1,14,0.8453611111111111,0.2421,-0.49340266277854505
clustered_6,1,15,0.672561111111111,0.239,-0.30622852010164947
clustered_6,2,0,0.7646910256410256,0.2421,-0.3829928442070287
clustered_6,2,1,0.8476431623931623,0.2709,-0.22495662781472614
clustered_6,2,2,0.6059500000000001,0.239,0.4125924057212512
clustered_6,2,3,0.5229978632478632,0.239,0.37917501364685935
clustered_6,2,4,1.2352235042735045,0.2421,-4.991669209076614
clustered_6,2,5,0.7010260683760684,0.2421,-0.31808728072398473
clustered_6,2,6,0.5358089743589743,0.239,0.33113998281832047
clustered_6,2,7,0.8174893162393162,0.239,-0.48736375343880933
clustered_6,2,8,1.3435106837606834,0.239,-6.735273779010576
clustered_6,2,9,0.672561111111111,0.239,-0.30622852010164947
clustered_6,2,10,1.0226175213675215,0.239,-1.1812486653780288
clustered_6,2,11,1.2348346153846153,0.2421,-2.4144629173838403
clustered_6,2,12,0.7092021367521367,0.2421,-0.3214935053250314
clustered_6,2,13,0.3767568376068377,0.2421,0.8513800796419576
clustered_6,2,14,0.7359594017094017,0.2421,-0.33264082576830645
clustered_6,2,15,0.7010260683760684,0.2421,-0.31808728072398473
clustered_6,3,0,0.8057166666666666,0.2421,-0.3378839618498988
clustered_6,3,1,0.96525,0.2709,-0.6403930974069827
clustered_6,3,2,0.5613277777777778,0.239,0.366681298005855
clustered_6,3,3,0.5487277777777778,0.239,0.26414712933806006
clustered_6,3,4,1.0820611111111111,0.239,-3.6225687149404475
clustered_6,3,5,0.7146722222222223,0.2421,-0.32447414769283855
clustered_6,3,6,0.4592277777777778,0.239,0.5885245401808903
clustered_6,3,7,0.6834722222222221,0.239,-0.1487889734186798
clustered_6,3,8,0.9797500000000002,0.239,-2.568874093249754
clustered_6,3,9,0.672561111111111,0.239,-0.30622852010164947
clustered_6,3,10,0.8968055555555554,0.239,-0.6948652019437385
clustered_6,3,11,1.1484277777777778,0.2421,-1.8657915915201433
clustered_6,3,12,0.6791166666666667,0.239,-0.3100124418131729
clustered_6,3,13,0.3127055555555557,0.2421,0.8959368872687463
clustered_6,3,14,0.7031388888888889,0.2421,-0.312852790171696
clustered_6,3,15,0.8459833333333333,0.2421,-0.5316462684736392
clustered_6,4,0,0.8614434959349594,0.2421,-0.47387688231514424
clustered_6,4,1,1.3329464769647694,0.2709,-2.4180060027505696
clustered_6,4,2,0.3457873983739838,0.239,0.8403124368011374
clustered_6,4,3,0.5752166666666667,0.239,0.17965969886672106
clustered_6,4,4,1.1618443089430897,0.2008,-4.912410876880761
clustered_6,4,5,0.7242115176151762,0.239,-0.34701576673601786
clustered_6,4,6,0.4123985094850948,0.239,0.7107024803710509
clustered_6,4,7,0.5906808943089431,0.239,0.20371469643416262
clustered_6,4,8,0.9849532520325206,0.239,-2.6171031705745116
clustered_6,4,9,0.672561111111111,0.239,-0.30622852010164947
clustered_6,4,10,0.9976272357723577,0.239,-1.0009039584097392
clustered_6,4,11,1.1215443089430894,0.2709,-1.6667766909573642
clustered_6,4,12,0.637490650406504,0.2008,-0.29937143534355637
clustered_6,4,13,0.3064380758807588,0.2421,0.9034985103864521
clustered_6,4,14,0.6892635501355013,0.239,-0.3084348383498732
clustered_6,4,15,0.719370867208672,0.239,-0.25720541879533854
clustered_6,5,0,0.8269683970856101,0.2421,-0.3838126318274322
clustered_6,5,1,1.0987290528233151,0.2709,-1.0432251511232922
clustered_6,5,2,0.3864643897996357,0.239,0.786137396814596
clustered_6,5,3,0.8520836976320582,0.2421,-1.4696140298925098
clustered_6,5,4,1.096908469945355,0.2008,-4.044430380083572
clustered_6,5,5,0.7783694899817851,0.239,-0.444495597630747
clustered_6,5,6,0.410266029143898,0.239,0.7156299784995938
clustered_6,5,7,0.5345235883424407,0.239,0.31199209743852596
clustered_6,5,8,0.9949048269581056,0.2008,-2.8454323882738968
clustered_6,5,9,0.6656711293260473,0.2008,-0.30268968014320996
clustered_6,5,10,1.000825956284153,0.239,-1.0427074618328658
clustered_6,5,11,1.1615104735883426,0.2709,-1.8250857830434981
clustered_6,5,12,0.63265,0.2008,-0.29880190812609575
clustered_6,5,13,0.2570173952641166,0.2008,0.9097678936006882
clustered_6,5,14,0.6821552823315118,0.239,-0.30708034385927396
clustered_6,5,15,0.6662816939890709,0.239,-0.11191096385725885
