filename,r,type_id,mae,mdae,r2
random_1,1,0,0.5342551704502605,0.6,-1.9099365974087497
random_1,2,0,0.6072414581190879,0.6845477588745418,-2.3738583265108435
random_1,3,0,0.5509721740616524,0.5523838646967552,-1.9313896901312555
random_1,4,0,0.5573318925858426,0.6260718209923817,-1.8460454242349407
random_1,5,0,0.5241755949956279,0.627593454975802,-1.474058778106507
random_1,1,1,0.7335396695530798,0.9861450244684484,-3.3784962487711434
random_1,2,1,0.7335396695530798,0.9861450244684484,-3.3784962487711434
random_1,3,1,0.7335396695530798,0.9861450244684484,-3.3784962487711434
random_1,4,1,0.7335396695530798,0.9861450244684484,-3.3784962487711434
random_1,5,1,0.7335396695530798,0.9861450244684484,-3.3784962487711434
random_1,1,2,0.6218989430645215,0.6519135940975199,-2.3386880465594664
random_1,2,2,0.6541115071024824,0.7270632576111181,-2.624814293688254
random_1,3,2,0.5963780031134664,0.6238239100003473,-2.1234340180477407
random_1,4,2,0.5991758491909551,0.6773616163282067,-2.071873112973295
random_1,5,2,0.572595319026235,0.6938799071836469,-1.7749932983747625
random_1,1,3,0.45236786918996585,0.37454419469052674,-1.4927576488320096
random_1,2,3,0.5756748093097748,0.5968341788785968,-2.0736426869112035
random_1,3,3,0.5125042543779458,0.4530974295351524,-1.6506549249931792
random_1,4,3,0.5286677335829412,0.539829340579121,-1.555244874015036
random_1,5,3,0.5081596626702266,0.5743015747868283,-1.272749297683546
random_1,1,4,0.4461293042279859,0.6,-1.295908794051626
random_1,2,4,0.5349319612627359,0.75,-1.7496940721875682
random_1,3,4,0.4651788748429828,0.5555555555555556,-1.225388339831548
random_1,4,4,0.4288385326550993,0.4968341788785968,-0.8347932880457454
random_1,5,4,0.368777559934981,0.4854823742317952,-0.4497660776453454
random_1,1,5,0.43942390169997547,0.20501436710770082,-1.4305417872260038
random_1,2,5,0.49754851507203157,0.4716810337743675,-1.687215386013757
random_1,3,5,0.4795428263425964,0.4208883386108114,-1.5662677213962461
random_1,4,5,0.512889312386417,0.5065948268778158,-1.4449503693270196
random_1,5,5,0.49170051158687084,0.5113272322645388,-1.1438912958095964
random_1,1,6,0.7372394017123808,0.9867246679011442,-3.4235997667136395
random_1,2,6,0.7372394017123808,0.9867246679011442,-3.4235997667136395
random_1,3,6,0.7372394017123808,0.9867246679011442,-3.4235997667136395
random_1,4,6,0.7372394017123808,0.9867246679011442,-3.4235997667136395
random_1,5,6,0.41016869909636083,0.5113272322645388,-0.6281034634053047
random_1,1,7,0.765768454006633,0.982654136643668,-3.4992365971544146
random_1,2,7,0.765768454006633,0.982654136643668,-3.4992365971544146
random_1,3,7,0.765768454006633,0.982654136643668,-3.4992365971544146
random_1,4,7,0.4949187119123865,0.5462418087602409,-1.330414410813924
random_1,5,7,0.4260196244568678,0.5555808105981243,-0.8127643172959935
random_1,1,8,0.0,0.0,1.0
random_1,2,8,0.0,0.0,1.0
random_1,3,8,0.0,0.0,1.0
random_1,4,8,0.0,0.0,1.0
random_1,5,8,0.0,0.0,1.0
random_2,1,0,0.6300967788488063,0.7848687093836548,-4.5909924917058555
random_2,2,0,0.6386946624466899,0.6244798944814752,-4.283812577735585
random_2,3,0,0.6280805415970618,0.6666666666666667,-3.958800795206301
random_2,4,0,0.6726235217342145,0.7142857142857143,-4.610081156184
random_2,5,0,0.6044699405423704,0.6667202762926301,-3.650500460766689
random_2,1,1,0.5714940064238151,0.638180603337585,-4.2520335160212
random_2,2,1,0.486703951443346,0.49151393667091825,-3.2948816093653797
random_2,3,1,0.3180729789575254,0.20983687697342135,-1.193984794089145
random_2,4,1,0.43473544334946257,0.4522759808036566,-1.9053349294574748
random_2,5,1,0.3218991000811483,0.37151393667091825,-1.0377225077759622
random_2,1,2,0.8571045277563047,0.9694668875449052,-7.9584088085288585
random_2,2,2,0.8571045277563047,0.9694668875449052,-7.9584088085288585
random_2,3,2,0.3417823285397442,0.32163560372317757,-1.4312275244179165
random_2,4,2,0.5851631001131228,0.6099647581592191,-3.379829716934509
random_2,5,2,0.5461288708036363,0.6099647581592191,-2.895078658892029
random_2,1,3,0.6064737489037964,0.638180603337585,-4.291547077355268
random_2,2,3,0.6372156921457397,0.6316501878734087,-4.317133382955657
random_2,3,3,0.5573967992833685,0.5532217398184534,-3.1912276863390465
random_2,4,3,0.5903659278627895,0.6802466791014788,-3.5678418078429557
random_2,5,3,0.5307218365002098,0.5289106286759326,-2.79290041225262
random_2,1,4,0.5610938088351872,0.5673876401701854,-4.245841006656086
random_2,2,4,0.561448546689925,0.6910711871511099,-3.9950074797485753
random_2,3,4,0.4971699341323271,0.5589037200840925,-2.7534974579124625
random_2,4,4,0.5491050799947497,0.5650168319986117,-3.35868587029497
random_2,5,4,0.43719784015286167,0.5150784083532916,-2.2385675698324823
random_2,1,5,0.81174815879932,0.9432980914925524,-7.626990575961004
random_2,2,5,0.81174815879932,0.9432980914925524,-7.626990575961004
random_2,3,5,0.31555561947848393,0.3147729727553972,-1.2118364130826946
random_2,4,5,0.5803657155850191,0.5876643784570776,-3.6131684314753754
random_2,5,5,0.542596241702313,0.5707253537077781,-3.0846280756128808
random_2,1,6,0.5800967699907745,0.7848687093836548,-4.399569004375227
random_2,2,6,0.602530632424637,0.6217931683898819,-4.4253433107279845
random_2,3,6,0.33294495281513825,0.2662122782073798,-1.3279219532679916
random_2,4,6,0.45682161689515915,0.48525572947510776,-2.147352188557448
random_2,5,6,0.4627933185418958,0.48893602553273896,-2.2461433893511944
random_2,1,7,0.8632566451878275,0.9673240483340796,-7.985575767676192
random_2,2,7,0.8632566451878275,0.9673240483340796,-7.985575767676192
random_2,3,7,0.8632566451878275,0.9673240483340796,-7.985575767676192
random_2,4,7,0.8632566451878275,0.9673240483340796,-7.985575767676192
random_2,5,7,0.8632566451878275,0.9673240483340796,-7.985575767676192
random_2,1,8,0.8478597617798243,0.970082278164586,-7.783350904208099
random_2,2,8,0.6034833672130158,0.6316501878734087,-4.335052023411523
random_2,3,8,0.46948818367998535,0.3225287043853051,-2.2634820659730854
random_2,4,8,0.5490251372047388,0.5883022703898443,-3.149355859077721
random_2,5,8,0.47256439548195,0.5273644735876942,-2.2983838205798963
random_3,1,0,0.5563332991096261,0.44899929969547114,-3.8850794768788797
random_3,2,0,0.5623939051702322,0.48564595800679944,-3.758200784558789
random_3,3,0,0.523528168510378,0.3959071020475328,-3.4352402728359186
random_3,4,0,0.5150247809005232,0.4234625053280806,-2.8950097825365346
random_3,5,0,0.516467994271203,0.4234625053280806,-2.922750922125845
random_3,1,1,0.5301768531524197,0.5658405467853899,-3.444053122830433
random_3,2,1,0.4685366415122081,0.48564595800679944,-2.5937056558911338
random_3,3,1,0.420697316063613,0.3189792913401329,-2.3160853018275858
random_3,4,1,0.3988278688677864,0.41421738657822804,-1.995556858904025
random_3,5,1,0.40365194970391655,0.41421738657822804,-2.0482478004704054
random_3,1,2,0.6432154979037047,0.5900298984751875,-4.640086201745779
random_3,2,2,0.6345439611071679,0.5757441841894732,-4.396098571121547
random_3,3,2,0.6366897796132805,0.6263717357459304,-4.424961645798046
random_3,4,2,0.5957700069298252,0.5546915526105258,-3.716665497126286
random_3,5,2,0.6080114247964059,0.5740069124187539,-3.880315254297795
random_3,1,3,0.8225484035597529,0.9832049337260476,-7.303873908723261
random_3,2,3,0.4881154408302023,0.33588412674567014,-3.0770148597899993
random_3,3,3,0.454940912250824,0.409206754196931,-3.102687704687977
random_3,4,3,0.36046673286698716,0.32318571404725754,-2.005694928828143
random_3,5,3,0.347026631919812,0.3064936973552408,-1.8779500632496364
random_3,1,4,0.5458449203149787,0.5900298984751875,-3.828219023608951
random_3,2,4,0.47203539650545484,0.459523060739669,-2.773324364610854
random_3,3,4,0.4145957330587475,0.29285639407300246,-2.489744397326081
random_3,4,4,0.3707221602378062,0.3047198740962953,-1.7147096211047148
random_3,5,4,0.3753372615422114,0.3350229043993257,-1.7566106590648518
random_3,1,5,0.4783952916499442,0.3532948126690072,-3.583974314979435
random_3,2,5,0.4406058474389121,0.24548693398030574,-3.025742145253516
random_3,3,5,0.538174239822807,0.5033457681804138,-3.622625457395066
random_3,4,5,0.5351855160136496,0.5126864275210731,-3.135159997322708
random_3,5,5,0.5256684076949001,0.42660271128045457,-3.0672808320383265
random_3,1,6,0.8276340219714383,0.9803718227462666,-7.3748924981398645
random_3,2,6,0.8276340219714383,0.9803718227462666,-7.3748924981398645
random_3,3,6,0.8276340219714383,0.9803718227462666,-7.3748924981398645
random_3,4,6,0.41198733700702594,0.3811839153550337,-1.942324071539697
random_3,5,6,0.41674488012447974,0.35975534392646236,-1.9815097775075694
random_3,1,7,0.8758125663731273,0.9836454246509828,-7.998534310694669
random_3,2,7,0.8758125663731273,0.9836454246509828,-7.998534310694669
random_3,3,7,0.8758125663731273,0.9836454246509828,-7.998534310694669
random_3,4,7,0.8758125663731273,0.9836454246509828,-7.998534310694669
random_3,5,7,0.8758125663731273,0.9836454246509828,-7.998534310694669
random_3,1,8,0.8336548890772282,0.9804609242446032,-7.549324008840161
random_3,2,8,0.8336548890772282,0.9804609242446032,-7.549324008840161
random_3,3,8,0.8336548890772282,0.9804609242446032,-7.549324008840161
random_3,4,8,0.8336548890772282,0.9804609242446032,-7.549324008840161
random_3,5,8,0.8336548890772282,0.9804609242446032,-7.549324008840161
random_4,1,0,0.5237956182698035,0.3928613764334178,-3.1916876124935323
random_4,2,0,0.6304064677377957,0.6,-4.253483321191728
random_4,3,0,0.5905924265988699,0.6478843116840911,-3.489408305623117
random_4,4,0,0.6226763671505524,0.6666666666666667,-3.9005378326873252
random_4,5,0,0.6135484877306185,0.662748234530571,-3.7677456995424583
random_4,1,1,0.5888033990473075,0.5900133432866715,-3.8692016560128577
random_4,2,1,0.5921377730150268,0.66709837624579,-3.928823377002587
random_4,3,1,0.48812139497953067,0.4453706177705492,-2.4827036114563565
random_4,4,1,0.5647745453435393,0.6485318155737898,-3.3971421603840994
random_4,5,1,0.5560937591288801,0.6151984822404566,-3.28026426207888
random_4,1,2,0.449596054931607,0.36889732105450335,-2.9205087925755757
random_4,2,2,0.4792256845612366,0.4818651489071232,-3.176390111205616
random_4,3,2,0.4365570905903049,0.3312235178740296,-1.8169871052170739
random_4,4,2,0.5702554524136666,0.5922528624185083,-3.1691215049226242
random_4,5,2,0.5619348262727044,0.5578901845406963,-3.072654339457978
random_4,1,3,0.5652659428514888,0.4576400130246372,-3.592105547520088
random_4,2,3,0.5570341715629303,0.4576400130246372,-3.494813675743747
random_4,3,3,0.45098705216709967,0.4630802704426342,-1.9709196323336173
random_4,4,3,0.57386685768279,0.5993789931494529,-3.328638973644968
random_4,5,3,0.5867490324817507,0.6146521258138898,-3.4979664801502333
random_4,1,4,0.41889871557546904,0.29906850939921437,-2.508161403798832
random_4,2,4,0.45080640366774755,0.4576400130246372,-2.826116252371779
random_4,3,4,0.40174584848747596,0.32871234367711166,-1.9917028668233474
random_4,4,4,0.45709475850538517,0.4862916187805868,-2.2920419452179255
random_4,5,4,0.44683595302352785,0.43629161878058675,-2.2204768946779545
random_4,1,5,0.8139989511492093,0.9276403544256048,-7.63500818028457
random_4,2,5,0.8139989511492093,0.9276403544256048,-7.63500818028457
random_4,3,5,0.2870485712628184,0.26097368775893814,-0.9650913622290718
random_4,4,5,0.6018392967955716,0.6444063146598742,-3.8404326033543397
random_4,5,5,0.6308684922306489,0.662748234530571,-4.2627601844511585
random_4,1,6,0.7998527175688557,0.9491757938538232,-7.091026046967048
random_4,2,6,0.7998527175688557,0.9491757938538232,-7.091026046967048
random_4,3,6,0.42686055804108797,0.32558619575184156,-2.06593762366166
random_4,4,6,0.5213721644439634,0.5922528624185083,-2.9871835614598137
random_4,5,6,0.5135352263861687,0.5522528624185081,-2.85727836944346
random_4,1,7,0.8572300469908927,0.9634066007228472,-7.940490844133915
random_4,2,7,0.8572300469908927,0.9634066007228472,-7.940490844133915
random_4,3,7,0.8572300469908927,0.9634066007228472,-7.940490844133915
random_4,4,7,0.8572300469908927,0.9634066007228472,-7.940490844133915
random_4,5,7,0.8572300469908927,0.9634066007228472,-7.940490844133915
random_4,1,8,0.44361491611358633,0.4290373706090246,-2.487145518282416
random_4,2,8,0.45700062486198006,0.4160585129776435,-2.638554682120842
random_4,3,8,0.33705871935347087,0.29895293447928684,-1.1484055171161263
random_4,4,8,0.4088881165514546,0.4978901845406962,-1.766102067100988
random_4,5,8,0.4509467867592456,0.5578901845406963,-2.217579996798833
random_5,1,0,0.7185733459831221,0.7649355337944514,-5.618164878569562
random_5,2,0,0.6394374571081399,0.6725198586325875,-4.124982285283061
random_5,3,0,0.5759766299489061,0.6036736923609846,-3.2368167757735904
random_5,4,0,0.5935577739779669,0.6376980013852935,-3.4773602810539215
random_5,5,0,0.5898367825328337,0.6861650142485912,-3.2772381917633844
random_5,1,1,0.6010794016748116,0.7649355337944514,-4.523116010437168
random_5,2,1,0.4827905709542373,0.5689961088465565,-2.670237208955512
random_5,3,1,0.4116810280109812,0.3796813042792715,-1.9246443171402547
random_5,4,1,0.447372818321912,0.5527853688128178,-2.2816310671010287
random_5,5,1,0.417685955918637,0.5133388665738013,-1.6986979210460054
random_5,1,2,0.851790834743826,0.9683006859980088,-7.921273579705629
random_5,2,2,0.5619191648282966,0.5862038566122898,-3.0850418285793157
random_5,3,2,0.460076819592311,0.38620385661228973,-2.0324176363556
random_5,4,2,0.48458785254084386,0.5575864002837231,-2.2893630628345525
random_5,5,2,0.4866501040259759,0.4862038566122898,-1.9984146540306713
random_5,1,3,0.6651200739903836,0.6448640090731479,-4.950807058857046
random_5,2,3,0.601955623591055,0.6545837120899539,-3.5942888696589588
random_5,3,3,0.5782303433506529,0.6243833548435572,-3.2604894758779945
random_5,4,3,0.5970003048706145,0.6348629078653143,-3.5123731206607163
random_5,5,3,0.5994080953822768,0.6816626250021103,-3.4436406259711543
random_5,1,4,0.5346021950494109,0.6725198586325875,-4.053259822691979
random_5,2,4,0.3793082157176814,0.43286730359222914,-1.7695561628157939
random_5,3,4,0.40137645002621025,0.414589084987364,-1.8978139022314182
random_5,4,4,0.4263133864728521,0.5575864002837231,-2.3111936904654495
random_5,5,4,0.4162133089285287,0.46557427165512577,-1.9240215641558018
random_5,1,5,0.5733042362274271,0.5778078914951836,-4.358917482560437
random_5,2,5,0.5433636609938574,0.5689961088465565,-2.974982084147798
random_5,3,5,0.53242310672267,0.5638070827282744,-2.8030409431208185
random_5,4,5,0.589339257701321,0.6045977414842754,-3.548752539267083
random_5,5,5,0.598096653242365,0.6356627755132231,-3.5729396352181126
random_5,1,6,0.8163329534393204,0.9470523163347038,-7.460462117789865
random_5,2,6,0.5131070918452391,0.5862038566122898,-2.890325311389569
random_5,3,6,0.45550638011274713,0.414589084987364,-2.1983576443827784
random_5,4,6,0.4942161435668581,0.5527853688128178,-2.6377708380335037
random_5,5,6,0.49980650322935244,0.5549132471022915,-2.5301030343363
random_5,1,7,0.847134492534195,0.9499234061270057,-7.938870573865929
random_5,2,7,0.847134492534195,0.9499234061270057,-7.938870573865929
random_5,3,7,0.847134492534195,0.9499234061270057,-7.938870573865929
random_5,4,7,0.847134492534195,0.9499234061270057,-7.938870573865929
random_5,5,7,0.495789645717212,0.5133388665738013,-2.342477515072742
random_5,1,8,0.834660042507308,0.9496290465530478,-7.639168739406642
random_5,2,8,0.44266160196508086,0.49031202719856104,-1.9685535032080699
random_5,3,8,0.3362338486144853,0.25,-1.2198108616862955
random_5,4,8,0.3609909466210792,0.25,-1.5198324586555563
random_5,5,8,0.3235199531313521,0.1996290465530478,-0.8429634759546836
random_6,1,0,0.6943036261639643,0.7652125101005798,-5.2857395094978985
random_6,2,0,0.6750195816698359,0.6996440888481855,-4.9703395444872065
random_6,3,0,0.6889649427551054,0.6996440888481855,-5.154555776682807
random_6,4,0,0.7085815935669317,0.7353583745624713,-5.411010243157393
random_6,5,0,0.7222156688609532,0.763136152340249,-5.599508116104234
random_6,1,1,0.8548127148443075,0.9908383296261588,-7.754177128353515
random_6,2,1,0.8548127148443075,0.9908383296261588,-7.754177128353515
random_6,3,1,0.8548127148443075,0.9908383296261588,-7.754177128353515
random_6,4,1,0.8548127148443075,0.9908383296261588,-7.754177128353515
random_6,5,1,0.8548127148443075,0.9908383296261588,-7.754177128353515
random_6,1,2,0.7773835496044558,0.8864603631800692,-6.554832457727539
random_6,2,2,0.7369780435126752,0.7769077630629628,-5.840555736795948
random_6,3,2,0.7537345114269087,0.8044103862958155,-6.115278942183383
random_6,4,2,0.7625850603434314,0.8067895879764877,-6.255263271595565
random_6,5,2,0.7738478480778092,0.8304722046931602,-6.44747745818508
random_6,1,3,0.824472124117696,0.9735147944688812,-7.374384856341631
random_6,2,3,0.47780743604111414,0.4794982243862941,-3.373974266923523
random_6,3,3,0.5031763283652467,0.4794982243862941,-3.5549359873565587
random_6,4,3,0.5998811595267315,0.5434176383057081,-4.101106595919226
random_6,5,3,0.6880080743023917,0.6408249221235032,-5.075740747234243
random_6,1,4,0.6567076387026078,0.7814889426530391,-5.135879087134168
random_6,2,4,0.4690751524259539,0.6996440888481855,-3.2265493678720834
random_6,3,4,0.5346331155047643,0.6996440888481855,-3.6604270900571976
random_6,4,4,0.5747852401135426,0.7353583745624713,-3.866477979048769
random_6,5,4,0.6159668979618671,0.763136152340249,-4.320587343870872
random_6,1,5,0.8359119188812404,0.9723397245499809,-7.572429159849021
random_6,2,5,0.4899393959526225,0.5386643153507918,-3.507996044849314
random_6,3,5,0.6683936440274392,0.6585891273808671,-4.865364708487711
random_6,4,5,0.6823976227198854,0.6822457339322104,-5.017713275602509
random_6,5,5,0.7130997027375774,0.6656175917776246,-5.426290424277024
random_6,1,6,0.6928570311695471,0.986560495709874,-5.577055738311069
random_6,2,6,0.48062088692958604,0.5900082883269834,-3.4059254576064957
random_6,3,6,0.5483137641701398,0.5989509251109579,-3.83366281337097
random_6,4,6,0.5935408160795226,0.6490251643081452,-4.068833886800076
random_6,5,6,0.6358005122850714,0.681515859097227,-4.522884235908076
random_6,1,7,0.8751043363773005,0.9797847141997796,-7.993692697361999
random_6,2,7,0.8751043363773005,0.9797847141997796,-7.993692697361999
random_6,3,7,0.8751043363773005,0.9797847141997796,-7.993692697361999
random_6,4,7,0.8751043363773005,0.9797847141997796,-7.993692697361999
random_6,5,7,0.8751043363773005,0.9797847141997796,-7.993692697361999
random_6,1,8,0.8432360073658968,0.9939920003598972,-7.467396088206554
random_6,2,8,0.8432360073658968,0.9939920003598972,-7.467396088206554
random_6,3,8,0.8432360073658968,0.9939920003598972,-7.467396088206554
random_6,4,8,0.8432360073658968,0.9939920003598972,-7.467396088206554
random_6,5,8,0.8432360073658968,0.9939920003598972,-7.467396088206554
clustered_1,1,0,0.6554933998890897,0.7391540840274036,-4.833000165507067
clustered_1,2,0,0.6197790455196827,0.7254991927230559,-4.172686476235857
clustered_1,3,0,0.5783527356957937,0.6641948359475531,-3.375638840599416
clustered_1,4,0,0.48543415648988364,0.5544841971718224,-2.0572837545382683
clustered_1,5,0,0.45780170710157964,0.523290705665737,-1.7536459791930952
clustered_1,1,1,0.6580685459154012,0.6705065325620067,-4.772430074280001
clustered_1,2,1,0.5941838184688936,0.5812208182762924,-3.877303747300262
clustered_1,3,1,0.5368921402756213,0.5922022029216287,-2.707542045986102
clustered_1,4,1,0.4284059338281209,0.47460250127706094,-1.4488435098884729
clustered_1,5,1,0.4264165841851707,0.45610600090987075,-1.3826333609007255
clustered_1,1,2,0.5427475855185661,0.5288508041042307,-3.572255712854777
clustered_1,2,2,0.35937184025524416,0.23938649195659678,-1.6359851873921438
clustered_1,3,2,0.45537244503201535,0.5668692372839541,-1.9786876382695753
clustered_1,4,2,0.4449913319790869,0.4893864919565969,-1.6036543054076704
clustered_1,5,2,0.38461476815430184,0.4261373500781024,-0.9886132755258854
clustered_1,1,3,0.823389548281284,0.9636411515343224,-7.469085377628385
clustered_1,2,3,0.823389548281284,0.9636411515343224,-7.469085377628385
clustered_1,3,3,0.39209928557333845,0.46992176636924965,-1.1810520010434855
clustered_1,4,3,0.33805104278164205,0.4013789448460635,-0.631239492407357
clustered_1,5,3,0.3123938453686854,0.3504829521785304,-0.4182252800145192
clustered_1,1,4,0.6366255671986603,0.6661575957056178,-4.855614447134322
clustered_1,2,4,0.5676396392538878,0.5604259614806248,-3.8938202482491153
clustered_1,3,4,0.5131911622753313,0.5786269340302974,-2.7511068813890094
clustered_1,4,4,0.4013382098547742,0.44050957902881976,-1.3739574736671964
clustered_1,5,4,0.36672658917051243,0.39492223267565907,-0.9920060190905147
clustered_1,1,5,0.5925445700302858,0.6375092948139582,-4.128439315812632
clustered_1,2,5,0.48423489460104524,0.49679329628878677,-2.7938834608256355
clustered_1,3,5,0.5299546915091272,0.6151625380809633,-2.740668167325016
clustered_1,4,5,0.4132071418431956,0.43914296893822796,-1.335573283457109
clustered_1,5,5,0.43042429403735505,0.4773108064792319,-1.551327972896937
clustered_1,1,6,0.4935184242656441,0.41351746825097846,-3.0267962997347615
clustered_1,2,6,0.5548946227006342,0.5263932314026907,-3.397440885903487
clustered_1,3,6,0.49701680006351384,0.5608150633851683,-2.144810524790363
clustered_1,4,6,0.3271236338115139,0.375,-0.6039062894455145
clustered_1,5,6,0.27886591220597307,0.2968750000000001,-0.28226378167865596
clustered_1,1,7,0.8679959213253599,0.972866458527301,-7.972190900031412
clustered_1,2,7,0.8679959213253599,0.972866458527301,-7.972190900031412
clustered_1,3,7,0.2770414147023035,0.28616338322128165,-0.3197312973189099
clustered_1,4,7,0.1900513050402822,0.186283599610783,0.37887584141217434
clustered_1,5,7,0.17560710579689162,0.19161645852730091,0.45969839857776285
clustered_1,1,8,0.7977704380749124,0.9484958714142968,-6.948455131971883
clustered_1,2,8,0.5000918262900926,0.5182299214713566,-2.98825067259437
clustered_1,3,8,0.4633795372592804,0.4886373500781024,-1.8473267676946161
clustered_1,4,8,0.2940235029269943,0.28182351867153466,-0.4978198772431992
clustered_1,5,8,0.3147076820318248,0.30559913977824443,-0.5985869705169058
clustered_2,1,0,0.6801326119937938,0.7095187265099834,-5.283419170773438
clustered_2,2,0,0.6311817141346581,0.6225393050075625,-4.408518974132695
clustered_2,3,0,0.67783844912249,0.755707225781656,-4.992601126209107
clustered_2,4,0,0.5443014391763598,0.6202624792724347,-3.0941670765263085
clustered_2,5,0,0.6231573594210045,0.7307580272790799,-4.006141699842342
clustered_2,1,1,0.6369757048663129,0.7601207362588693,-4.61877677230738
clustered_2,2,1,0.5590153878442867,0.5760667239422189,-3.568225378243076
clustered_2,3,1,0.6190095817363761,0.7230568111238004,-4.159325929580943
clustered_2,4,1,0.4707576785479404,0.4563901444571338,-2.147031567195701
clustered_2,5,1,0.5584885847378154,0.5684450605831938,-3.165369710693514
clustered_2,1,2,0.6545229594604149,0.6973731021627882,-4.835494618779638
clustered_2,2,2,0.5318782871133617,0.5760667239422189,-3.227057316367648
clustered_2,3,2,0.6250372554863143,0.7183066477879313,-4.053163657193229
clustered_2,4,2,0.5282535082664414,0.5893698229596038,-2.811857250107931
clustered_2,5,2,0.6126368350186487,0.6784586461684768,-3.714077905013978
clustered_2,1,3,0.5453078046657489,0.4688394917817872,-3.831353894979424
clustered_2,2,3,0.45928304178543844,0.4370665199138612,-2.6844979332831587
clustered_2,3,3,0.5787938845819153,0.5899673249400602,-3.4906020312295896
clustered_2,4,3,0.4197451315880951,0.4597672521282739,-1.8719259815579035
clustered_2,5,3,0.5545951082071214,0.6241019403246755,-2.9831907696505313
clustered_2,1,4,0.5175394820829935,0.45225866916536117,-3.4809493389510457
clustered_2,2,4,0.4902079134940356,0.44266562214690564,-2.9520435755581254
clustered_2,3,4,0.5960949951655432,0.6875450299060516,-4.004402300914858
clustered_2,4,4,0.45506451033951795,0.4597672521282739,-2.354295149955529
clustered_2,5,4,0.5545378865634186,0.6336354033502716,-3.2775396174280074
clustered_2,1,5,0.6536755752502128,0.6943266967986339,-4.748588026821048
clustered_2,2,5,0.6102228924652007,0.5772586691653612,-3.9617229099957623
clustered_2,3,5,0.6550927114966535,0.6702283806706761,-4.447419410668963
clustered_2,4,5,0.5267335659218068,0.589010805917498,-2.734912318544397
clustered_2,5,5,0.6280500740209172,0.6994810397429148,-3.9179819321066622
clustered_2,1,6,0.8156822626977123,0.9727513630369315,-7.390018240968436
clustered_2,2,6,0.3850942256534575,0.23665134850376723,-1.900800299428032
clustered_2,3,6,0.4545396827472309,0.4895946496806356,-2.1313808795795928
clustered_2,4,6,0.43740083529308715,0.5236967414065721,-1.8596179853474264
clustered_2,5,6,0.535296620556936,0.5684450605831938,-2.8338344909755535
clustered_2,1,7,0.873164511971982,0.9848935365647872,-7.977092631929647
clustered_2,2,7,0.873164511971982,0.9848935365647872,-7.977092631929647
clustered_2,3,7,0.5130338804314799,0.5181672003033324,-2.771853231052371
clustered_2,4,7,0.27888037728335463,0.289784066512766,-0.7760444036332577
clustered_2,5,7,0.41523303821788765,0.48341626733415355,-1.4195097709099382
clustered_2,1,8,0.8364326167401329,0.9917330643084042,-7.557315444098597
clustered_2,2,8,0.8364326167401329,0.9917330643084042,-7.557315444098597
clustered_2,3,8,0.8364326167401329,0.9917330643084042,-7.557315444098597
clustered_2,4,8,0.8364326167401329,0.9917330643084042,-7.557315444098597
clustered_2,5,8,0.45889267379865095,0.5681712156705023,-2.0570165960407643
clustered_3,1,0,0.5249443017393663,0.39421152617786537,-3.7772318716534956
clustered_3,2,0,0.5588373611849413,0.5261338988758597,-3.4818166269905424
clustered_3,3,0,0.5654879287643783,0.5621668895875299,-3.257262229362923
clustered_3,4,0,0.5035266065925774,0.48354635356563447,-2.551311357654057
clustered_3,5,0,0.6408739577453475,0.7407383181589584,-4.240614890321466
clustered_3,1,1,0.4747217013250128,0.39421152617786537,-3.2913725538303407
clustered_3,2,1,0.566241667634348,0.6293678948461057,-3.4692890880887495
clustered_3,3,1,0.5691139892586405,0.6364317698537674,-3.2792566923754114
clustered_3,4,1,0.533691361772745,0.6173650426177487,-2.8161270485922567
clustered_3,5,1,0.6442175104107245,0.7638179323015641,-4.460483886986598
clustered_3,1,2,0.5480788439844434,0.5546756438022346,-4.145120782720294
clustered_3,2,2,0.5693938873586623,0.5399932160173183,-3.51863135597387
clustered_3,3,2,0.5253858897753332,0.5294655597686211,-2.7630366000734483
clustered_3,4,2,0.429101388534687,0.4089880444311338,-1.8052767046578917
clustered_3,5,2,0.625251519224833,0.6694380153942618,-3.923584218873545
clustered_3,1,3,0.8172598102405264,0.9560199276310736,-7.418756555302879
clustered_3,2,3,0.48251689961153205,0.508677722841635,-2.8110233399301423
clustered_3,3,3,0.4765348922807198,0.4829201470840594,-2.272052709626935
clustered_3,4,3,0.3827041893915138,0.34825040960744824,-1.521187517157987
clustered_3,5,3,0.5969824189809922,0.642705500619413,-3.526059349747557
clustered_3,1,4,0.5321997257647041,0.5546756438022346,-4.011623161581805
clustered_3,2,4,0.5556833216441333,0.5857828584085377,-3.4951036643432536
clustered_3,3,4,0.506285722739384,0.5294655597686211,-2.6905053541801474
clustered_3,4,4,0.4115401523295387,0.39576280330371627,-1.7640155413682264
clustered_3,5,4,0.5643564726039905,0.6280184197713434,-3.3658552493401057
clustered_3,1,5,0.43584864394274025,0.12744952507520435,-3.288881095623572
clustered_3,2,5,0.5366306544611353,0.5399932160173183,-3.119756074653422
clustered_3,3,5,0.5757816113389721,0.5594716788967793,-3.283832379205487
clustered_3,4,5,0.5111843102827511,0.5002334634085639,-2.5239836631993313
clustered_3,5,5,0.6694745739615091,0.7722390128455185,-4.543008404978673
clustered_3,1,6,0.8211194009576099,0.9770853152604156,-7.4762112293811835
clustered_3,2,6,0.4087320210825837,0.37081554421140606,-1.9497504888463242
clustered_3,3,6,0.4217401460737268,0.4680192140651743,-1.6939226890183883
clustered_3,4,6,0.3833582226706807,0.4089880444311338,-1.3271945448067313
clustered_3,5,6,0.6027978250467483,0.6280184197713434,-3.67877008308633
clustered_3,1,7,0.8671267799735176,0.9752238511415584,-7.981339307484744
clustered_3,2,7,0.8671267799735176,0.9752238511415584,-7.981339307484744
clustered_3,3,7,0.40530320238001305,0.36713587864786035,-1.6607702875348167
clustered_3,4,7,0.2971831710231098,0.1671358786478604,-1.0023408335842259
clustered_3,5,7,0.5195214797198379,0.588645786856868,-2.721013185928336
clustered_3,1,8,0.8372486502440921,0.9752238511415584,-7.654901507287201
clustered_3,2,8,0.8372486502440921,0.9752238511415584,-7.654901507287201
clustered_3,3,8,0.8372486502440921,0.9752238511415584,-7.654901507287201
clustered_3,4,8,0.8372486502440921,0.9752238511415584,-7.654901507287201
clustered_3,5,8,0.47045463746836663,0.5454143592835212,-2.202152175552796
clustered_4,1,0,0.5618027307422717,0.5843369425456462,-3.4700113187709745
clustered_4,2,0,0.5018902127047536,0.5557655139742177,-2.2998673551328443
clustered_4,3,0,0.5114637757158167,0.542267184454277,-2.3914783612286987
clustered_4,4,0,0.5497269175336876,0.6112836838756079,-2.871298803886045
clustered_4,5,0,0.4311213322634909,0.4383792690480741,-1.4249801232345352
clustered_4,1,1,0.5477852558282277,0.5864855411534687,-3.128007330603096
clustered_4,2,1,0.42663315336874674,0.48648554115346876,-1.4433357731742236
clustered_4,3,1,0.45675499458179963,0.4830903790087463,-1.803123104720898
clustered_4,4,1,0.49059014582355864,0.5936863543788188,-2.1724315676566643
clustered_4,5,1,0.39998611039449383,0.45561997015266176,-1.1372462302918436
clustered_4,1,2,0.45666018803667985,0.46558984396547365,-3.104071081689618
clustered_4,2,2,0.30840832135577384,0.41688427438943554,-0.40623782087079907
clustered_4,3,2,0.4324599731071278,0.49058984396547367,-1.4424352526153874
clustered_4,4,2,0.4995225787114001,0.5597014676263271,-2.15460839372802
clustered_4,5,2,0.39053816844988254,0.45561997015266176,-0.9962726993224318
clustered_4,1,3,0.4440113154613949,0.33287641105976296,-2.375274766890021
clustered_4,2,3,0.5339918750252878,0.6183594809783213,-2.6502599135331004
clustered_4,3,3,0.5706396177146972,0.6654631800378514,-3.1591494700423857
clustered_4,4,3,0.5743433629653947,0.6654631800378514,-3.1946209884140417
clustered_4,5,3,0.4450329742228952,0.49832763990975726,-1.7005896256878223
clustered_4,1,4,0.7959795183845719,0.9104391203365052,-7.601379653822185
clustered_4,2,4,0.37248633348483595,0.41746330669407655,-1.113112025662157
clustered_4,3,4,0.4589171659363776,0.44685685214900506,-1.9971459322341891
clustered_4,4,4,0.4683177681208472,0.44786188854447445,-2.1741797756899714
clustered_4,5,4,0.4062708842924102,0.4601468877091035,-1.3185502147249162
clustered_4,1,5,0.44499831879452045,0.3643449083654038,-3.0032234075616095
clustered_4,2,5,0.3933970866606561,0.4474699083654038,-1.0596870730899437
clustered_4,3,5,0.5420269419401713,0.62376405011243,-2.781748443096776
clustered_4,4,5,0.5751179639368263,0.6512364624518285,-3.2390939317125724
clustered_4,5,5,0.49249188570366087,0.5489637351791012,-2.143776527204418
clustered_4,1,6,0.4328346297546744,0.33287641105976296,-2.470763290137823
clustered_4,2,6,0.3332917394814698,0.30056473058589983,-0.8543798524691373
clustered_4,3,6,0.4598410114234695,0.42970712663971256,-1.9165758472419938
clustered_4,4,6,0.47754699180193705,0.48929744813274356,-2.078735978024709
clustered_4,5,6,0.4350550556813145,0.4712845651586405,-1.4805319349953776
clustered_4,1,7,0.8729163162645315,0.9825523888374544,-7.975988200484256
clustered_4,2,7,0.22002238694462767,0.19305874549396562,-0.01085815953306879
clustered_4,3,7,0.31077640023760733,0.3243087454939656,-0.42119063062980167
clustered_4,4,7,0.3527606091411603,0.38238917891283886,-0.8363951212851419
clustered_4,5,7,0.3453609924705439,0.36271767809365285,-0.7143094821655931
clustered_4,1,8,0.43745409352583664,0.3487315889189913,-2.5333145690891987
clustered_4,2,8,0.30148364312326953,0.3104391203365052,-0.40742677161951324
clustered_4,3,8,0.366428088191874,0.3992974481327436,-1.003549072464475
clustered_4,4,8,0.3985898678058198,0.48929744813274356,-1.3034101237531335
clustered_4,5,8,0.3069579364965283,0.2854391203365052,-0.5389256453446678
clustered_5,1,0,0.669523272574184,0.7047564971728572,-4.901403438657644
clustered_5,2,0,0.6715010887730146,0.7029876860314308,-4.808509117715234
clustered_5,3,0,0.6118377491040727,0.6571374495538096,-3.972045134022758
clustered_5,4,0,0.6898605952841605,0.7689724185968476,-5.02080539976739
clustered_5,5,0,0.7021682420123074,0.782573366619363,-5.225306028266909
clustered_5,1,1,0.4733125231076099,0.4452021352515131,-2.160998719087676
clustered_5,2,1,0.5562967997519928,0.6570621489212991,-2.718100508943776
clustered_5,3,1,0.4550622318507582,0.4452021352515131,-1.775930607036785
clustered_5,4,1,0.48555291644240917,0.6540257098929512,-2.163900717995681
clustered_5,5,1,0.5002931145159406,0.6540257098929512,-2.3212299740833178
clustered_5,1,2,0.535073850245038,0.3498003833177168,-3.501399836668333
clustered_5,2,2,0.6364052650728296,0.6654418482270115,-4.350914354529232
clustered_5,3,2,0.5148978273399015,0.5549941538163357,-2.9569042478788563
clustered_5,4,2,0.6231606328614748,0.6654418482270115,-4.074941279984581
clustered_5,5,2,0.6451486962889492,0.7048994568466387,-4.373969141166041
clustered_5,1,3,0.5105116515307252,0.3498003833177168,-3.362917164308101
clustered_5,2,3,0.5699475658579439,0.5533260243433578,-3.4804555860145303
clustered_5,3,3,0.44674704959860406,0.3885874386655118,-2.365296356826941
clustered_5,4,3,0.5992993009982697,0.6540257098929512,-3.705958741917395
clustered_5,5,3,0.6052709320461837,0.6540257098929512,-3.794772146552412
clustered_5,1,4,0.5396921876763788,0.7133231442773499,-3.430975194247776
clustered_5,2,4,0.5728938795721997,0.6666666666666667,-3.522705526511106
clustered_5,3,4,0.4716593116709651,0.5,-2.4786511038939176
clustered_5,4,4,0.5479971052397711,0.6656431468799748,-3.13951704773861
clustered_5,5,4,0.5627373033133024,0.7130608958460591,-3.338958610559077
clustered_5,1,5,0.41361424294889715,0.2528384690636586,-2.7490368498410716
clustered_5,2,5,0.6427582868861047,0.6604751207943567,-4.242651377936949
clustered_5,3,5,0.5655811557383853,0.5,-3.2730684451898115
clustered_5,4,5,0.6660438679751709,0.7634736671988567,-4.510998996237063
clustered_5,5,5,0.6734603824130706,0.779242454570905,-4.6422424066949475
clustered_5,1,6,0.8032144950283387,0.9474321304758752,-7.195164224338248
clustered_5,2,6,0.47827195348020207,0.4969133457355276,-2.616605842086944
clustered_5,3,6,0.46700302840175323,0.5549941538163357,-2.479718457991227
clustered_5,4,6,0.5490796865730604,0.6862064862845594,-3.1430305107896945
clustered_5,5,6,0.5606770254493,0.6979470445768419,-3.249837671115703
clustered_5,1,7,0.8606680964643201,0.9704727158671252,-7.983975603281895
clustered_5,2,7,0.8606680964643201,0.9704727158671252,-7.983975603281895
clustered_5,3,7,0.8606680964643201,0.9704727158671252,-7.983975603281895
clustered_5,4,7,0.4335183260543562,0.4793059264906034,-2.2241399387688294
clustered_5,5,7,0.44607120330870526,0.5024135800025806,-2.3794447602059714
clustered_5,1,8,0.7655299034360533,0.9712958993306784,-5.586654507471091
clustered_5,2,8,0.7655299034360533,0.9712958993306784,-5.586654507471091
clustered_5,3,8,0.7655299034360533,0.9712958993306784,-5.586654507471091
clustered_5,4,8,0.7655299034360533,0.9712958993306784,-5.586654507471091
clustered_5,5,8,0.7655299034360533,0.9712958993306784,-5.586654507471091
clustered_6,1,0,0.5662184923707716,0.5412643400356143,-3.7261067363115163
clustered_6,2,0,0.5906206172114931,0.6495285530008857,-3.874262982476419
clustered_6,3,0,0.6286155625576969,0.700602284699646,-4.444295082796408
clustered_6,4,0,0.631522173562331,0.7078986568058007,-4.476839284691027
clustered_6,5,0,0.6000787804794968,0.6344954438507691,-4.004869428154585
clustered_6,1,1,0.8422455114287852,0.9809072552539164,-7.607717908587782
clustered_6,2,1,0.8422455114287852,0.9809072552539164,-7.607717908587782
clustered_6,3,1,0.8422455114287852,0.9809072552539164,-7.607717908587782
clustered_6,4,1,0.8422455114287852,0.9809072552539164,-7.607717908587782
clustered_6,5,1,0.8422455114287852,0.9809072552539164,-7.607717908587782
clustered_6,1,2,0.3560601119122755,0.1303589149482206,-2.060791328352491
clustered_6,2,2,0.5137398348695981,0.4933960561285863,-2.794100931101172
clustered_6,3,2,0.5908100512876406,0.5807906053320036,-3.777691518191582
clustered_6,4,2,0.6293119539743258,0.7109840925273011,-4.330578803240777
clustered_6,5,2,0.6097310812994409,0.6725198589567658,-4.031935880941337
clustered_6,1,3,0.36179143985216183,0.1066039438714137,-2.1722618385381245
clustered_6,2,3,0.45830388109135367,0.4933960561285863,-2.180307235450703
clustered_6,3,3,0.4876907320571519,0.4843669982770452,-2.4913094618739224
clustered_6,4,3,0.560801639699717,0.5982678794957255,-3.2592361386706576
clustered_6,5,3,0.5275635065763911,0.566088719998767,-2.9090444736331293
clustered_6,1,4,0.34815174277071353,0.19645270129838155,-1.929166438343196
clustered_6,2,4,0.34102907320747966,0.2804733912165823,-1.3913722081254112
clustered_6,3,4,0.44014544483840534,0.46760979870161845,-2.3325266102090083
clustered_6,4,4,0.4805502225984525,0.5057908413114971,-2.6756909066485575
clustered_6,5,4,0.48318972645440955,0.5057706660747384,-2.7009129187758893
clustered_6,1,5,0.4397889223307565,0.30328991730394295,-2.332523457827856
clustered_6,2,5,0.4430099378324737,0.42737777469618654,-1.9917011742204904
clustered_6,3,5,0.5279961150307029,0.4843669982770452,-2.8438430169518174
clustered_6,4,5,0.6006294575226391,0.6115578207265283,-3.8355283488127307
clustered_6,5,5,0.5823424822288139,0.5723322597618368,-3.569434671153542
clustered_6,1,6,0.3124501553240582,0.19645270129838155,-1.539504984193492
clustered_6,2,6,0.5281621705843311,0.5676790838720032,-3.1383423038573053
clustered_6,3,6,0.5960403224720654,0.6819647981577175,-4.169013459163922
clustered_6,4,6,0.5951797826980266,0.6702117419353395,-4.159400225386429
clustered_6,5,6,0.56109058901608,0.6491065958685565,-3.7033069286069544
clustered_6,1,7,0.34615739134956186,0.06430854961316723,-1.9606934428476928
clustered_6,2,7,0.3780654985547358,0.30328991730394295,-1.6679753861583926
clustered_6,3,7,0.44978023347695945,0.4699565839706096,-2.2896769724933783
clustered_6,4,7,0.6120247048863541,0.7109840925273011,-3.8479237729837212
clustered_6,5,7,0.6338262053188878,0.7055665886830237,-4.103348135858464
clustered_6,1,8,0.8336674965910886,0.9714056015950616,-7.683865465301178
clustered_6,2,8,0.35221211566642247,0.33333333333333337,-1.1423021489372607
clustered_6,3,8,0.39492472448315025,0.4738766613062384,-1.6832866093166898
clustered_6,4,8,0.47631169820691216,0.5628236519466314,-2.2342947538737445
clustered_6,5,8,0.423759889021075,0.4694750996645596,-1.6624977088979591
