filename,r,type_id,ae
random_1,1,0,0.00816771691711102
random_1,1,1,0.03104234151809632
random_1,1,2,0.020747375272377397
random_1,1,3,0.0018876735642680712
random_1,1,4,0.01665777540677514
random_1,1,5,0.02999599919983997
random_1,1,6,0.015916837082481258
random_1,1,7,0.01150061500615006
random_1,1,8,0.05000000000000001
random_1,2,0,0.006171058313256493
random_1,2,1,0.03510016808278473
random_1,2,2,0.012040006008084803
random_1,2,3,0.006893317346608068
random_1,2,4,0.026916921435459717
random_1,2,5,0.008966152204799937
random_1,2,6,0.03689109118556971
random_1,2,7,0.026345917305326906
random_1,2,8,0.05000000000000001
random_1,3,0,0.005790971494691423
random_1,3,1,0.032690833560000986
random_1,3,2,0.01197470073860259
random_1,3,3,0.010980469479670418
random_1,3,4,0.03132835422779408
random_1,3,5,0.0020104020804160797
random_1,3,6,0.0363667348329925
random_1,3,7,0.025399753997539982
random_1,3,8,0.006408020924149966
random_1,4,0,0.006787129877772295
random_1,4,1,0.03130368781742267
random_1,4,2,0.01004899169460325
random_1,4,3,0.009249192956843127
random_1,4,4,0.03129582522819093
random_1,4,5,0.006901949495590177
random_1,4,6,0.033374066869503054
random_1,4,7,0.004999549995499956
random_1,4,8,0.023419524953749982
random_1,5,0,0.0075217507324154475
random_1,5,1,0.03047482786432586
random_1,5,2,0.009729341418482551
random_1,5,3,0.007639243549171318
random_1,5,4,0.02758965232258657
random_1,5,5,0.010647867278373723
random_1,5,6,0.027650384972118865
random_1,5,7,0.00041034016897543383
random_1,5,8,0.017841982648963098
random_2,1,0,0.021844468845904783
random_2,1,1,0.028923280741900512
random_2,1,2,0.01385810908044324
random_2,1,3,0.021294824236000712
random_2,1,4,0.012101114227241722
random_2,1,5,0.006806565402058885
random_2,1,6,0.0035639656373345715
random_2,1,7,0.06848341232227488
random_2,1,8,0.05
random_2,2,0,0.020355474409870903
random_2,2,1,0.0320500467856845
random_2,2,2,0.01088313758482128
random_2,2,3,0.024522033345562765
random_2,2,4,0.025219959302427278
random_2,2,5,0.00016142161776026132
random_2,2,6,0.003580039649229343
random_2,2,7,0.041141086401749904
random_2,2,8,0.05
random_2,3,0,0.01818424979587241
random_2,3,1,0.028923280741900512
random_2,3,2,0.007922003165923154
random_2,3,3,0.019528351881293066
random_2,3,4,0.028018646251800203
random_2,3,5,0.002487221942264782
random_2,3,6,0.015010448107731595
random_2,3,7,0.02109004739336492
random_2,3,8,0.013391442155309036
random_2,4,0,0.016908666890537483
random_2,4,1,0.025031064293540673
random_2,4,2,0.008351965013390243
random_2,4,3,0.01660936402686762
random_2,4,4,0.023655652572594856
random_2,4,5,0.009615894481599769
random_2,4,6,0.01512370672812835
random_2,4,7,0.04391977806033983
random_2,4,8,0.0016833520157705517
random_2,5,0,0.01480558605738097
random_2,5,1,0.022173300979499797
random_2,5,2,0.007798149987378776
random_2,5,3,0.01669765232928204
random_2,5,4,0.021731158972778664
random_2,5,5,0.018135990870371318
random_2,5,6,0.01089971719693825
random_2,5,7,0.01312640820449068
random_2,5,8,0.008455223298952994
random_3,1,0,0.009135886151281549
random_3,1,1,0.014486761720568404
random_3,1,2,0.003409620345223353
random_3,1,3,0.008701577599735688
random_3,1,4,0.019372128637059723
random_3,1,5,0.04356043531457274
random_3,1,6,0.04999999999999999
random_3,1,7,0.05
random_3,1,8,0.05
random_3,2,0,0.004595429056979498
random_3,2,1,0.014745174057321023
random_3,2,2,0.008916550773461488
random_3,2,3,0.015849381476704505
random_3,2,4,0.02172811874190128
random_3,2,5,0.022755687869346192
random_3,2,6,0.035659381632535986
random_3,2,7,0.05
random_3,2,8,0.027325167795614117
random_3,3,0,0.0028441098920344277
random_3,3,1,0.013047035844375237
random_3,3,2,0.005000511357825473
random_3,3,3,0.01117948294375155
random_3,3,4,0.023047473200612557
random_3,3,5,0.006668169231759927
random_3,3,6,0.04254287844891871
random_3,3,7,0.05
random_3,3,8,0.03041817450743868
random_3,4,0,0.0022619188778521485
random_3,4,1,0.012602242484250506
random_3,4,2,0.0032987568600245983
random_3,4,3,0.010212495492428284
random_3,4,4,0.020866171142569005
random_3,4,5,0.003401268123055368
random_3,4,6,0.036358923991924474
random_3,4,7,0.018909822941441654
random_3,4,8,0.013746113938823344
random_3,5,0,0.00018959598385403733
random_3,5,1,0.013180780871125416
random_3,5,2,0.0036145360494226797
random_3,5,3,0.010224880065319204
random_3,5,4,0.01585745487409937
random_3,5,5,0.006717679983193807
random_3,5,6,0.03471901321499736
random_3,5,7,0.023879154520473525
random_3,5,8,0.019212363305582455
random_4,1,0,0.015057309160966188
random_4,1,1,0.03477987900003806
random_4,1,2,0.01487576427735137
random_4,1,3,0.009200326397388827
random_4,1,4,0.021414278567855355
random_4,1,5,0.01638655462184874
random_4,1,6,0.04999999999999999
random_4,1,7,0.05000000000000002
random_4,1,8,0.05
random_4,2,0,0.008833974756509015
random_4,2,1,0.035121356073755154
random_4,2,2,0.005969619037135618
random_4,2,3,0.006410605125415414
random_4,2,4,0.030759610574518023
random_4,2,5,0.013800904977375553
random_4,2,6,0.00848727635020133
random_4,2,7,0.05000000000000002
random_4,2,8,0.05
random_4,3,0,0.006494775910320056
random_4,3,1,0.03160902045837932
random_4,3,2,0.004208403798621045
random_4,3,3,0.0010403916768665885
random_4,3,4,0.03570713928392768
random_4,3,5,0.005630252100840326
random_4,3,6,0.028413383702104687
random_4,3,7,0.05000000000000002
random_4,3,8,0.0037037037037037047
random_4,4,0,0.005390675944894203
random_4,4,1,0.031206862789681135
random_4,4,2,0.006848274089609633
random_4,4,3,0.0019028238017998395
random_4,4,4,0.036055745642856275
random_4,4,5,0.0032691125230580034
random_4,4,6,0.0368374290866492
random_4,4,7,0.00022013157674472228
random_4,4,8,0.021770551038843726
random_4,5,0,0.005979744076656554
random_4,5,1,0.031286736475456635
random_4,5,2,0.003615535703241804
random_4,5,3,0.004667029330432032
random_4,5,4,0.03301258357515995
random_4,5,5,0.007018873123019696
random_4,5,6,0.03672953916112993
random_4,5,7,0.004993980444884536
random_4,5,8,0.012052216150576816
random_5,1,0,0.010957090890622707
random_5,1,1,0.01169526242079871
random_5,1,2,0.015017426802101878
random_5,1,3,0.01848474661736279
random_5,1,4,0.003952417498081337
random_5,1,5,0.019270953368671743
random_5,1,6,0.018091895341416718
random_5,1,7,0.05
random_5,1,8,0.013556851311953345
random_5,2,0,6.707371564943698e-05
random_5,2,1,0.00837320982890955
random_5,2,2,0.006162594400302389
random_5,2,3,0.012828162676889441
random_5,2,4,0.0008038648483774993
random_5,2,5,0.003184888400375835
random_5,2,6,0.0009106082175641851
random_5,2,7,0.024444160490672117
random_5,2,8,0.035983404350751286
random_5,3,0,0.0011170081069585287
random_5,3,1,0.015396978166046635
random_5,3,2,0.0013744257682182202
random_5,3,3,0.012181695940835346
random_5,3,4,0.0019058582757738494
random_5,3,5,0.009921640931090107
random_5,3,6,0.018091895341416718
random_5,3,7,0.023421926910299002
random_5,3,8,0.0010204081632653116
random_5,4,0,0.0010318461001762203
random_5,4,1,0.019896218035270738
random_5,4,2,0.0006933155794077146
random_5,4,3,0.012847872028598408
random_5,4,4,0.0017879315400982196
random_5,4,5,0.007148531844848285
random_5,4,6,0.007196444970193154
random_5,4,7,0.0013815736164006103
random_5,4,8,0.010001422171656114
random_5,5,0,0.0007354876471316147
random_5,5,1,0.02014043358823589
random_5,5,2,0.0004099103262735634
random_5,5,3,0.01107952314493985
random_5,5,4,0.0036802418965900534
random_5,5,5,0.0028942605949092972
random_5,5,6,0.005537886951154451
random_5,5,7,0.011875714830346943
random_5,5,8,0.015717153371887397
random_6,1,0,0.0014186816601951106
random_6,1,1,0.0159711435297132
random_6,1,2,0.00594158520786716
random_6,1,3,0.015268130036121144
random_6,1,4,0.018893382067034756
random_6,1,5,0.028390837715191245
random_6,1,6,0.028411053540587226
random_6,1,7,0.05000000000000002
random_6,1,8,0.05
random_6,2,0,0.004406680041184203
random_6,2,1,0.011813771924746037
random_6,2,2,0.0020913546470018142
random_6,2,3,0.015268130036121135
random_6,2,4,0.038035916179628745
random_6,2,5,0.008178513843715892
random_6,2,6,0.016786236216288036
random_6,2,7,0.05000000000000002
random_6,2,8,0.05
random_6,3,0,0.0006328073929335577
random_6,3,1,0.007483946386535784
random_6,3,2,0.0018195736662348356
random_6,3,3,0.015268130036121144
random_6,3,4,0.04222334551675869
random_6,3,5,0.0024598429734207328
random_6,3,6,0.019775474956822112
random_6,3,7,0.03697068403908796
random_6,3,8,0.0019519519519519562
random_6,4,0,0.002472903238228889
random_6,4,1,0.004986218557238988
random_6,4,2,0.0013456141509948932
random_6,4,3,0.013573892476907537
random_6,4,4,0.04051627502043742
random_6,4,5,0.006957359676600441
random_6,4,6,0.028937613210329
random_6,4,7,0.021502343687931996
random_6,4,8,0.020702409726799976
random_6,5,0,0.0018930170972158696
random_6,5,1,0.004814141408307692
random_6,5,2,0.0006066532677158063
random_6,5,3,0.013180422005505475
random_6,5,4,0.03470166331165644
random_6,5,5,0.013394315255242007
random_6,5,6,0.03053455647102127
random_6,5,7,0.030098253858065853
random_6,5,8,0.010616354058977023
random_7,1,0,0.002934382444235899
random_7,1,1,0.0384022113117099
random_7,1,2,0.00035135960892147795
random_7,1,3,0.013527140098691257
random_7,1,4,0.02468514650971458
random_7,1,5,0.003774560496380556
random_7,1,6,0.05
random_7,1,7,0.04999999999999999
random_7,1,8,0.007482993197278911
random_7,2,0,0.0016411329953523142
random_7,2,1,0.03513104014321783
random_7,2,2,0.003876706855625269
random_7,2,3,0.0046152195798194505
random_7,2,4,0.03782939736043971
random_7,2,5,0.00704399013602737
random_7,2,6,0.03357748144255403
random_7,2,7,0.00032948110864596176
random_7,2,8,0.03364730507587651
random_7,3,0,0.004861762795062449
random_7,3,1,0.03202342753315035
random_7,3,2,0.002551176290864654
random_7,3,3,0.0032289208324393906
random_7,3,4,0.04240554395291438
random_7,3,5,0.0004653567735263714
random_7,3,6,0.01584116140051238
random_7,3,7,0.0155617735686612
random_7,3,8,0.007482993197278911
random_7,4,0,0.007890075760643569
random_7,4,1,0.031848989248001267
random_7,4,2,0.002815720641166087
random_7,4,3,0.0012817829315388224
random_7,4,4,0.037651290980348584
random_7,4,5,0.005103790955179465
random_7,4,6,0.008342879756722418
random_7,4,7,0.03924540386170115
random_7,4,8,0.02407499585199933
random_7,5,0,0.007749223994802583
random_7,5,1,0.03225474954797143
random_7,5,2,0.000525161154603238
random_7,5,3,0.003812416247832563
random_7,5,4,0.034437590067447496
random_7,5,5,0.008974011222811813
random_7,5,6,0.018501070963587236
random_7,5,7,0.017041629323302956
random_7,5,8,0.018634994981599203
random_8,1,0,0.0062142603301780005
random_8,1,1,0.021442528087776653
random_8,1,2,0.0013241634161363155
random_8,1,3,0.025295333063827852
random_8,1,4,0.0018330034869475237
random_8,1,5,0.011318605750633953
random_8,1,6,0.05
random_8,1,7,0.07366034624896949
random_8,1,8,0.049999999999999996
random_8,2,0,0.0028095946956800556
random_8,2,1,0.01618194115657761
random_8,2,2,0.00632497933873422
random_8,2,3,0.024086013703315933
random_8,2,4,0.017056682832764257
random_8,2,5,0.013632877201450726
random_8,2,6,0.05
random_8,2,7,0.013415562178958715
random_8,2,8,0.049999999999999996
random_8,3,0,0.004857364391173703
random_8,3,1,0.013927403900349447
random_8,3,2,0.006388147539861779
random_8,3,3,0.01721016933926243
random_8,3,4,0.015026858919988697
random_8,3,5,0.0027227403618859366
random_8,3,6,0.04317639031047424
random_8,3,7,0.0005358615004122044
random_8,3,8,0.010475161987041029
random_8,4,0,0.005079573830662223
random_8,4,1,0.013799096902027522
random_8,4,2,0.005163043931814818
random_8,4,3,0.01220350291361691
random_8,4,4,0.010337753504761522
random_8,4,5,0.0023034298551177497
random_8,4,6,0.03751778715330654
random_8,4,7,0.010322120121448541
random_8,4,8,0.007946583785492296
random_8,5,0,0.0028564460236646452
random_8,5,1,0.011377189626911038
random_8,5,2,0.0020533591805185786
random_8,5,3,0.010420988142496205
random_8,5,4,0.02879234509193213
random_8,5,5,0.00490693566558421
random_8,5,6,0.04161031595550112
random_8,5,7,0.024331355668779475
random_8,5,8,0.0066512056084693455
random_9,1,0,0.005781636696442653
random_9,1,1,0.01864985369931726
random_9,1,2,0.0018992848583836463
random_9,1,3,0.02139354311401717
random_9,1,4,0.023101407692997396
random_9,1,5,0.015132496513249645
random_9,1,6,0.02675499767549977
random_9,1,7,0.05
random_9,1,8,0.05
random_9,2,0,0.0039886440282006054
random_9,2,1,0.014831566649875135
random_9,2,2,0.003132186421761533
random_9,2,3,0.027209141491936754
random_9,2,4,0.03965438757422977
random_9,2,5,0.01647355433966312
random_9,2,6,0.041059614490576844
random_9,2,7,0.03177178271965002
random_9,2,8,0.05
random_9,3,0,0.004616191462085315
random_9,3,1,0.01586317402814547
random_9,3,2,0.0014413499919861384
random_9,3,3,0.02180220678381693
random_9,3,4,0.04282704205146597
random_9,3,5,0.002928870292887019
random_9,3,6,0.02675499767549977
random_9,3,7,0.03104265402843602
random_9,3,8,0.01065200909780137
random_9,4,0,0.003599562046749231
random_9,4,1,0.01081231712414657
random_9,4,2,0.001191905796468805
random_9,4,3,0.01959940992953044
random_9,4,4,0.04070577095083243
random_9,4,5,3.7418784229672805e-05
random_9,4,6,0.02448719257067048
random_9,4,7,0.009542249450930532
random_9,4,8,0.01301706762329185
random_9,5,0,0.0036687755194014043
random_9,5,1,0.009313334719059282
random_9,5,2,0.0009233580939299418
random_9,5,3,0.014995611890102978
random_9,5,4,0.03750611832734852
random_9,5,5,0.0021286325079452177
random_9,5,6,0.025230735227991564
random_9,5,7,0.011152979566467266
random_9,5,8,0.0002852384444251185
random_10,1,0,0.0088107936843217
random_10,1,1,0.013673989175421846
random_10,1,2,0.0028428985564505366
random_10,1,3,0.0016528925619834652
random_10,1,4,0.002066384640416527
random_10,1,5,0.010682992585935752
random_10,1,6,0.03865248226950354
random_10,1,7,0.010768928991761477
random_10,1,8,0.05000000000000001
random_10,2,0,0.009244079220844286
random_10,2,1,0.010787668237524983
random_10,2,2,0.003754637999552496
random_10,2,3,0.0009618839658365316
random_10,2,4,0.007445743322736498
random_10,2,5,0.008954772479823033
random_10,2,6,0.01590289143480634
random_10,2,7,0.019822253070585754
random_10,2,8,0.013635900829812152
random_10,3,0,0.008458749185897096
random_10,3,1,0.010035475508254886
random_10,3,2,0.0022502679184342703
random_10,3,3,0.002389507725476103
random_10,3,4,0.022665148063781324
random_10,3,5,0.008436306447989214
random_10,3,6,0.023404255319148946
random_10,3,7,0.03430757159670459
random_10,3,8,0.016181336863004627
random_10,4,0,0.01011593426384705
random_10,4,1,0.013230267996499045
random_10,4,2,0.002156314280699993
random_10,4,3,0.0006669412723591879
random_10,4,4,0.02063328915098458
random_10,4,5,0.0020524299828484655
random_10,4,6,0.022971804186126977
random_10,4,7,0.006941507429982112
random_10,4,8,0.022638052654517272
random_10,5,0,0.01014971702259231
random_10,5,1,0.013096151451640205
random_10,5,2,0.002138542470283672
random_10,5,3,0.0002538833550302465
random_10,5,4,0.014791174321029813
random_10,5,5,0.006263282150631106
random_10,5,6,0.024566910824322767
random_10,5,7,0.014627722861424292
random_10,5,8,0.03137049614303846
random_11,1,0,0.009187600994097133
random_11,1,1,0.027075111758830178
random_11,1,2,0.00011659067970627059
random_11,1,3,0.02866393565042992
random_11,1,4,0.009457894127186376
random_11,1,5,0.018025011546523608
random_11,1,6,0.017226890756302526
random_11,1,7,0.06556240369799693
random_11,1,8,0.05000000000000001
random_11,2,0,0.006226851597796489
random_11,2,1,0.02606742436361392
random_11,2,2,0.0014016314663654176
random_11,2,3,0.01799590347564487
random_11,2,4,0.029951705887070183
random_11,2,5,0.010372877557657463
random_11,2,6,0.014641241111829352
random_11,2,7,0.024078463908972385
random_11,2,8,0.013112335235097377
random_11,3,0,0.0052722651545064544
random_11,3,1,0.02347262932093206
random_11,3,2,2.262207218181502e-05
random_11,3,3,0.009034756448825449
random_11,3,4,0.037258195297115715
random_11,3,5,0.008787792659963763
random_11,3,6,0.003781512605042018
random_11,3,7,0.01163328197226502
random_11,3,8,0.0011508951406649576
random_11,4,0,0.004113364591816539
random_11,4,1,0.02114419555009547
random_11,4,2,0.0011012662418414146
random_11,4,3,0.008889046741072283
random_11,4,4,0.03728644763570304
random_11,4,5,0.009273049937306491
random_11,4,6,0.0008095921295347436
random_11,4,7,0.025162538990567095
random_11,4,8,0.007114340964381509
random_11,5,0,0.0030029151791282527
random_11,5,1,0.021746551669986833
random_11,5,2,0.001463074673377788
random_11,5,3,0.006278556660717054
random_11,5,4,0.03338438283901081
random_11,5,5,0.007483166537271838
random_11,5,6,0.011427193828351015
random_11,5,7,0.009991411755790724
random_11,5,8,0.0024087040375665404
random_12,1,0,0.00937332414004443
random_12,1,1,0.03019219956039462
random_12,1,2,0.002312003736571683
random_12,1,3,0.01906833835113623
random_12,1,4,0.014019069892956731
random_12,1,5,0.0022308206745008143
random_12,1,6,0.04999999999999999
random_12,1,7,0.013289280469897203
random_12,1,8,0.022885032537960957
random_12,2,0,0.007605383967139892
random_12,2,1,0.029356634777582477
random_12,2,2,0.0018557108468364853
random_12,2,3,0.007171545409265526
random_12,2,4,0.02751191868309796
random_12,2,5,0.010630112220825898
random_12,2,6,0.025273842197660896
random_12,2,7,0.021760984976844002
random_12,2,8,0.02914233272150843
random_12,3,0,0.005389565617099529
random_12,3,1,0.029169861473189174
random_12,3,2,0.0037910633660283386
random_12,3,3,0.0007279251041365945
random_12,3,4,0.021215255914365388
random_12,3,5,0.004456864431069072
random_12,3,6,0.0307135969141755
random_12,3,7,0.02063142437591776
random_12,3,8,0.0042299349240780895
random_12,4,0,0.006523778292253158
random_12,4,1,0.029428562879402743
random_12,4,2,0.002989067489927592
random_12,4,3,0.00020756905304855178
random_12,4,4,0.022575510589143855
random_12,4,5,0.008837647705797782
random_12,4,6,0.03431999749119959
random_12,4,7,0.0007539128254718543
random_12,4,8,0.00039944976456272044
random_12,5,0,0.009122141383238311
random_12,5,1,0.029783683316531785
random_12,5,2,0.0019146101484674729
random_12,5,3,0.0005386165738265986
random_12,5,4,0.018664148984644698
random_12,5,5,0.004817091029261353
random_12,5,6,0.028921963840628964
random_12,5,7,0.013891095544161194
random_12,5,8,0.0077717719853490335
random_13,1,0,0.0031337864464566346
random_13,1,1,0.047260649226133405
random_13,1,2,0.01145455243801733
random_13,1,3,0.01831934104229369
random_13,1,4,0.021371314056684795
random_13,1,5,0.009869036482694105
random_13,1,6,0.02004194128220491
random_13,1,7,0.005869373345101512
random_13,1,8,0.049999999999999996
random_13,2,0,0.00461783451112414
random_13,2,1,0.046839210645538545
random_13,2,2,0.00502841534413811
random_13,2,3,0.013445393510338867
random_13,2,4,0.03348345041731814
random_13,2,5,0.016201338418363673
random_13,2,6,0.03847766972392496
random_13,2,7,0.03302668205580828
random_13,2,8,0.049999999999999996
random_13,3,0,0.0031970409541309933
random_13,3,1,0.04561703876181345
random_13,3,2,0.004732960765109186
random_13,3,3,0.002479011563440534
random_13,3,4,0.034254222731176634
random_13,3,5,0.010617399438727788
random_13,3,6,0.03801677651288196
random_13,3,7,0.04117387466902031
random_13,3,8,0.016457023060796643
random_13,4,0,0.0012592931092776276
random_13,4,1,0.044320858151739986
random_13,4,2,0.004920322205468995
random_13,4,3,0.0022582404208781118
random_13,4,4,0.0334163099718601
random_13,4,5,0.00026124255629833126
random_13,4,6,0.042693156410293885
random_13,4,7,0.023091081307988728
random_13,4,8,0.029546965280973562
random_13,5,0,0.001329477539024263
random_13,5,1,0.043937502385705075
random_13,5,2,0.006354328311501537
random_13,5,3,0.001959656498560084
random_13,5,4,0.0300537843837558
random_13,5,5,0.0018471376650462353
random_13,5,6,0.03772210708287087
random_13,5,7,0.017444619680812602
random_13,5,8,0.022505756607210367
random_14,1,0,0.0004713720260126348
random_14,1,1,0.020905493770138853
random_14,1,2,0.0014345565406052442
random_14,1,3,0.0025872949095498672
random_14,1,4,0.042300218605780884
random_14,1,5,0.02936507936507937
random_14,1,6,0.05
random_14,1,7,0.049999999999999996
random_14,1,8,0.05000000000000001
random_14,2,0,0.008589145149077606
random_14,2,1,0.018667454829380294
random_14,2,2,0.003960676662954743
random_14,2,3,0.006312093459758574
random_14,2,4,0.030342295547542086
random_14,2,5,0.02783882783882785
random_14,2,6,0.05
random_14,2,7,0.0012939572036237224
random_14,2,8,0.05000000000000001
random_14,3,0,0.008302081867624295
random_14,3,1,0.0169777354291076
random_14,3,2,0.0021191037294729246
random_14,3,3,0.004985275557425314
random_14,3,4,0.02286859363614281
random_14,3,5,0.027777777777777776
random_14,3,6,0.03537477148080439
random_14,3,7,0.007788096243140561
random_14,3,8,0.013048498845265597
random_14,4,0,0.008678099184713878
random_14,4,1,0.01522851694480009
random_14,4,2,0.0028991754960754536
random_14,4,3,0.005364930174333285
random_14,4,4,0.021091310864529582
random_14,4,5,0.019202477739063112
random_14,4,6,0.032164355464395604
random_14,4,7,0.0036698617302762184
random_14,4,8,0.016202895285303897
random_14,5,0,0.008168695032463634
random_14,5,1,0.01333376776359712
random_14,5,2,0.00454442320629074
random_14,5,3,0.006550825189486668
random_14,5,4,0.024461349781195112
random_14,5,5,0.012451209992193589
random_14,5,6,0.02602421554230229
random_14,5,7,0.005359873779487762
random_14,5,8,0.01213985537424755
random_15,1,0,0.019183448327443394
random_15,1,1,0.020503361206755222
random_15,1,2,0.010327726296910245
random_15,1,3,0.025281685789029187
random_15,1,4,0.014191076416242931
random_15,1,5,0.011012812690665041
random_15,1,6,0.011627014581734455
random_15,1,7,0.005849889624724055
random_15,1,8,0.05
random_15,2,0,0.014149309675758323
random_15,2,1,0.01747638326585695
random_15,2,2,0.0017127346687932467
random_15,2,3,0.012764077951422176
random_15,2,4,0.030718271916438496
random_15,2,5,0.013178948052463802
random_15,2,6,0.020482318909026506
random_15,2,7,0.01603837663440312
random_15,2,8,0.05
random_15,3,0,0.01207812120192219
random_15,3,1,0.012961141170683714
random_15,3,2,0.001085627326829531
random_15,3,3,0.01086266916596289
random_15,3,4,0.038541144453197736
random_15,3,5,0.009135495377106114
random_15,3,6,0.026976208749040675
random_15,3,7,0.014679911699779245
random_15,3,8,0.0007085643869377708
random_15,4,0,0.011020075057428653
random_15,4,1,0.010985607396654398
random_15,4,2,0.0006879495002183848
random_15,4,3,0.007295595367225225
random_15,4,4,0.036899174298625464
random_15,4,5,0.0009394027154708085
random_15,4,6,0.03128147052767535
random_15,4,7,0.019994077424217962
random_15,4,8,0.019944246577401084
random_15,5,0,0.010723265900161892
random_15,5,1,0.009536768994648405
random_15,5,2,0.0007292384548938675
random_15,5,3,0.00610135454335786
random_15,5,4,0.03062795937272159
random_15,5,5,0.004990548015083171
random_15,5,6,0.037418693305486715
random_15,5,7,0.022377230123403164
random_15,5,8,0.009597183923719494
random_16,1,0,0.018397414665422825
random_16,1,1,0.045848253671700666
random_16,1,2,0.018178354575569683
random_16,1,3,0.02394589430717791
random_16,1,4,0.006505530011184297
random_16,1,5,0.006555319559760573
random_16,1,6,0.022444199503995593
random_16,1,7,0.049999999999999996
random_16,1,8,0.007870370370370371
random_16,2,0,0.01528858045721368
random_16,2,1,0.04520952346734692
random_16,2,2,0.011082869710238901
random_16,2,3,0.013257030433199615
random_16,2,4,0.016542715393218672
random_16,2,5,0.0017281328441784173
random_16,2,6,0.03940161519384447
random_16,2,7,0.008864664747017689
random_16,2,8,0.06128917378917379
random_16,3,0,0.016209543373029014
random_16,3,1,0.04335720587472106
random_16,3,2,0.00871359476390237
random_16,3,3,0.011353076555647235
random_16,3,4,0.026388716291785755
random_16,3,5,0.0030990538714037287
random_16,3,6,0.04448883990079912
random_16,3,7,0.0179144385026738
random_16,3,8,0.05416666666666668
random_16,4,0,0.015054833524265615
random_16,4,1,0.04139272102669649
random_16,4,2,0.009668287361689407
random_16,4,3,0.01346070543079829
random_16,4,4,0.026509955232521133
random_16,4,5,0.000550770230621794
random_16,4,6,0.03655814609951005
random_16,4,7,0.02825746706664928
random_16,4,8,0.020573622402890696
random_16,5,0,0.01435742464235502
random_16,5,1,0.040811708945567036
random_16,5,2,0.00811925308081351
random_16,5,3,0.012805272610656991
random_16,5,4,0.019441824363829716
random_16,5,5,0.0022285775784299045
random_16,5,6,0.04096531131278545
random_16,5,7,0.011365828000350641
random_16,5,8,0.021152094717668473
random_17,1,0,0.005455598550760367
random_17,1,1,0.0223995477087173
random_17,1,2,0.0057406071733001095
random_17,1,3,0.015600275197798429
random_17,1,4,0.014892571268080324
random_17,1,5,0.0034450651769087452
random_17,1,6,0.05
random_17,1,7,0.04999999999999999
random_17,1,8,0.05000000000000001
random_17,2,0,0.0037966703889854704
random_17,2,1,0.020207948519335047
random_17,2,2,0.0052362266282664945
random_17,2,3,0.017364363649193373
random_17,2,4,0.03379657135449861
random_17,2,5,0.01093292182677657
random_17,2,6,0.03298162014976174
random_17,2,7,0.04999999999999999
random_17,2,8,0.007336063825248523
random_17,3,0,0.004100017252852896
random_17,3,1,0.021331143103893446
random_17,3,2,0.001150744213494195
random_17,3,3,0.009637656232083484
random_17,3,4,0.0387656228057857
random_17,3,5,0.007677331979007955
random_17,3,6,0.02787610619469027
random_17,3,7,0.04069767441860464
random_17,3,8,0.016555740432612306
random_17,4,0,0.0031637343830121433
random_17,4,1,0.020575442285847314
random_17,4,2,0.0024221522459142953
random_17,4,3,0.012523877044756004
random_17,4,4,0.038868376255732785
random_17,4,5,0.0066450717833740035
random_17,4,6,0.03650982085042089
random_17,4,7,0.015967101531480423
random_17,4,8,0.004110358075294555
random_17,5,0,0.0029555510751113224
random_17,5,1,0.01956798359210764
random_17,5,2,0.001830624382598941
random_17,5,3,0.01635218175085202
random_17,5,4,0.032734051443318195
random_17,5,5,0.011840217358121938
random_17,5,6,0.03549252865225592
random_17,5,7,0.01950057186427755
random_17,5,8,0.009100042733877042
random_18,1,0,0.011634726053674837
random_18,1,1,0.01588917440864466
random_18,1,2,0.004044179213543013
random_18,1,3,0.0017959689224186504
random_18,1,4,0.0215801439939371
random_18,1,5,0.0009524182801599094
random_18,1,6,0.049999999999999996
random_18,1,7,0.0971129091577786
random_18,1,8,0.05
random_18,2,0,0.012407652818161237
random_18,2,1,0.01588917440864466
random_18,2,2,0.00035535658033260503
random_18,2,3,0.017086173594449694
random_18,2,4,0.03360392922727141
random_18,2,5,0.006283428102821378
random_18,2,6,0.049999999999999996
random_18,2,7,0.034872832206410735
random_18,2,8,0.05
random_18,3,0,0.00840717126136494
random_18,3,1,0.010453317519931466
random_18,3,2,0.000675171647357919
random_18,3,3,0.016670419997747998
random_18,3,4,0.033895414929897685
random_18,3,5,0.0013992317943090132
random_18,3,6,0.04393571861734384
random_18,3,7,0.023556454578889302
random_18,3,8,0.0010403916768665813
random_18,4,0,0.006629268322388894
random_18,4,1,0.007853909236858737
random_18,4,2,0.0034934150017433036
random_18,4,3,0.012924412489254947
random_18,4,4,0.037869573655948764
random_18,4,5,0.0017242566013494357
random_18,4,6,0.04260453489919981
random_18,4,7,0.017277245041667038
random_18,4,8,0.02014658029077231
random_18,5,0,0.0052005810996268095
random_18,5,1,0.006910424207466646
random_18,5,2,0.00401690131565319
random_18,5,3,0.011236088832117196
random_18,5,4,0.032528777045453136
random_18,5,5,0.0018104492936697066
random_18,5,6,0.03757319388799968
random_18,5,7,0.004780868086748397
random_18,5,8,0.009869173505628355
random_19,1,0,0.011383390930987546
random_19,1,1,0.04767416168065077
random_19,1,2,0.0004956547160283938
random_19,1,3,0.01502502896364789
random_19,1,4,0.002367991290146987
random_19,1,5,0.015552876334826044
random_19,1,6,0.020887918486171764
random_19,1,7,0.049999999999999996
random_19,1,8,0.05
random_19,2,0,0.011232348131499884
random_19,2,1,0.04731634040075089
random_19,2,2,0.0005978726405547706
random_19,2,3,0.018892453645552205
random_19,2,4,0.02644570997864412
random_19,2,5,0.004953761360926359
random_19,2,6,0.01640913671481357
random_19,2,7,0.02691384246006094
random_19,2,8,0.05
random_19,3,0,0.00667085558697247
random_19,3,1,0.045697199109203925
random_19,3,2,0.00022988811225982037
random_19,3,3,0.016336590377511097
random_19,3,4,0.03639085465432772
random_19,3,5,0.0003961419221494996
random_19,3,6,0.020887918486171764
random_19,3,7,0.037995198079231685
random_19,3,8,0.0029964747356051743
random_19,4,0,0.007097090999185205
random_19,4,1,0.043121758628753795
random_19,4,2,0.0018568982963064367
random_19,4,3,0.011079681621132558
random_19,4,4,0.036722785028612405
random_19,4,5,0.0020907723717264767
random_19,4,6,0.025148223097951512
random_19,4,7,0.006079992972798865
random_19,4,8,0.021339313863173892
random_19,5,0,0.005766332068073399
random_19,5,1,0.04185003375801806
random_19,5,2,0.002717637796716435
random_19,5,3,0.0043103605826342924
random_19,5,4,0.031036436813407477
random_19,5,5,0.001435202701558036
random_19,5,6,0.028523874293077532
random_19,5,7,0.015559994489599122
random_19,5,8,0.01147252027508622
random_20,1,0,0.011228107964807044
random_20,1,1,0.004194132636943763
random_20,1,2,0.011019526248399483
random_20,1,3,0.03188610890977018
random_20,1,4,0.012961819809253356
random_20,1,5,0.015993334693599943
random_20,1,6,0.049999999999999996
random_20,1,7,0.01770480704129993
random_20,1,8,0.05
random_20,2,0,0.011508509550860377
random_20,2,1,0.003257927128575559
random_20,2,2,0.005017605633802816
random_20,2,3,0.021261615097231536
random_20,2,4,0.02032197100100429
random_20,2,5,0.0023179466252308627
random_20,2,6,0.049999999999999996
random_20,2,7,0.002080620800999945
random_20,2,8,0.05
random_20,3,0,0.008179377992808963
random_20,3,1,0.004335235768590862
random_20,3,2,0.0007842509603072935
random_20,3,3,0.012866523265028872
random_20,3,4,0.022221364856940016
random_20,3,5,0.005770931102496086
random_20,3,6,0.03974358974358974
random_20,3,7,0.004163845633039944
random_20,3,8,0.011776061776061778
random_20,4,0,0.010638083341382174
random_20,4,1,0.0046408650490059825
random_20,4,2,0.0019358389806689211
random_20,4,3,0.008028788937272375
random_20,4,4,0.019887658381506794
random_20,4,5,0.004742436834692779
random_20,4,6,0.043746091307066914
random_20,4,7,0.024310154069719436
random_20,4,8,0.012331669648742822
random_20,5,0,0.009201778172299412
random_20,5,1,0.002218861418219374
random_20,5,2,0.0011319031926281932
random_20,5,3,0.00527205171367431
random_20,5,4,0.015339954329697475
random_20,5,5,0.0014986904646425412
random_20,5,6,0.04159310634720471
random_20,5,7,0.011045317824122875
random_20,5,8,0.0006361162098866906
clustered_1,1,0,0.0016072413620179665
clustered_1,1,1,0.023604864826451993
clustered_1,1,2,0.004488098652136496
clustered_1,1,3,0.03752509910930342
clustered_1,1,4,0.025422594827821623
clustered_1,1,5,0.00041411595246668246
clustered_1,1,6,0.032241164979577346
clustered_1,1,7,0.05
clustered_1,1,8,0.05
clustered_1,2,0,0.0032274054614960432
clustered_1,2,1,0.021105917117713723
clustered_1,2,2,0.016179876905428957
clustered_1,2,3,0.02821813155695668
clustered_1,2,4,0.026893037872310933
clustered_1,2,5,0.00955513697681506
clustered_1,2,6,0.009018073029793851
clustered_1,2,7,0.05
clustered_1,2,8,0.041382133439045836
clustered_1,3,0,0.006872774685321696
clustered_1,3,1,0.018833436545079855
clustered_1,3,2,0.017106395182104946
clustered_1,3,3,0.02259434690830459
clustered_1,3,4,0.01941478467462247
clustered_1,3,5,0.009776737486496224
clustered_1,3,6,0.01093056295507015
clustered_1,3,7,0.05
clustered_1,3,8,0.041037418776607666
clustered_1,4,0,0.006456913749218742
clustered_1,4,1,0.01781081076396585
clustered_1,4,2,0.01714836290892304
clustered_1,4,3,0.020007521884414136
clustered_1,4,4,0.01736333730523739
clustered_1,4,5,0.0009410927742694699
clustered_1,4,6,0.015348614594297254
clustered_1,4,7,0.026733351603178947
clustered_1,4,8,0.025407551521179562
clustered_1,5,0,0.006058898340267737
clustered_1,5,1,0.0177966036817053
clustered_1,5,2,0.015113042824166575
clustered_1,5,3,0.01794378474733776
clustered_1,5,4,0.018215013347456017
clustered_1,5,5,0.00011718035148202694
clustered_1,5,6,0.0223427979190139
clustered_1,5,7,0.012626634739362678
clustered_1,5,8,0.020614487792156282
clustered_2,1,0,0.003880351792790168
clustered_2,1,1,0.00782215620472759
clustered_2,1,2,0.014672594987873891
clustered_2,1,3,0.01464244674268541
clustered_2,1,4,0.04691310387405464
clustered_2,1,5,0.012764141868619478
clustered_2,1,6,0.04468416069254701
clustered_2,1,7,0.05
clustered_2,1,8,0.01445375443119562
clustered_2,2,0,0.0042706544446179115
clustered_2,2,1,0.011912983863800826
clustered_2,2,2,0.019647409986941134
clustered_2,2,3,0.012602587900917252
clustered_2,2,4,0.0357527871110214
clustered_2,2,5,0.00012519363839686478
clustered_2,2,6,0.012429116940140896
clustered_2,2,7,0.05
clustered_2,2,8,0.011974763876149635
clustered_2,3,0,0.0030105344544312284
clustered_2,3,1,0.011123030936531525
clustered_2,3,2,0.014025869037995157
clustered_2,3,3,0.016410324405551135
clustered_2,3,4,0.03456551937027319
clustered_2,3,5,0.007715580103639811
clustered_2,3,6,0.02574732855403761
clustered_2,3,7,0.02823721436343852
clustered_2,3,8,0.0015630035449564943
clustered_2,4,0,0.0021536818731481026
clustered_2,4,1,0.010267248598656428
clustered_2,4,2,0.01112348916536863
clustered_2,4,3,0.011192929351727884
clustered_2,4,4,0.03230681488787414
clustered_2,4,5,0.006005152474027608
clustered_2,4,6,0.015981993513970047
clustered_2,4,7,0.05615992993444624
clustered_2,4,8,0.016811818617702777
clustered_2,5,0,0.002204883968902045
clustered_2,5,1,0.008964535437956646
clustered_2,5,2,0.0053957883297772215
clustered_2,5,3,0.014256025395610937
clustered_2,5,4,0.032035276644088465
clustered_2,5,5,0.010025017206323783
clustered_2,5,6,0.018740257177258957
clustered_2,5,7,0.030272569970923483
clustered_2,5,8,0.02396332475710972
clustered_3,1,0,0.0018839538529422772
clustered_3,1,1,0.00749865412404725
clustered_3,1,2,0.033548943510133676
clustered_3,1,3,0.02953867568104993
clustered_3,1,4,0.009832443908877036
clustered_3,1,5,0.03336936637285882
clustered_3,1,6,0.01425379803395888
clustered_3,1,7,0.049999999999999996
clustered_3,1,8,0.04658103148541627
clustered_3,2,0,6.047339298632381e-05
clustered_3,2,1,0.013819367100470983
clustered_3,2,2,0.030853816300129358
clustered_3,2,3,0.008634280149491929
clustered_3,2,4,0.0025493156066404474
clustered_3,2,5,0.01034233519681715
clustered_3,2,6,0.022502921564583753
clustered_3,2,7,0.049999999999999996
clustered_3,2,8,0.005424139314423257
clustered_3,3,0,0.0004664152215222881
clustered_3,3,1,0.012145467939818072
clustered_3,3,2,0.02708063820612334
clustered_3,3,3,0.000951149996685874
clustered_3,3,4,0.005815688299764733
clustered_3,3,5,0.013412606020289373
clustered_3,3,6,0.0035299374441465476
clustered_3,3,7,0.049999999999999996
clustered_3,3,8,0.022957311184083444
clustered_3,4,0,0.0006779430301038138
clustered_3,4,1,0.012750852964002378
clustered_3,4,2,0.02592370555012147
clustered_3,4,3,0.01160480594664764
clustered_3,4,4,0.004863983138023837
clustered_3,4,5,0.01471060669362723
clustered_3,4,6,0.0129460101571525
clustered_3,4,7,0.022160484918458647
clustered_3,4,8,0.005242936628709541
clustered_3,5,0,0.002272895224683245
clustered_3,5,1,0.011168169232462841
clustered_3,5,2,0.02047094917962094
clustered_3,5,3,0.01115426700003367
clustered_3,5,4,0.004611602309211162
clustered_3,5,5,0.015920832731268056
clustered_3,5,6,0.010444776512987296
clustered_3,5,7,0.0019656887878829834
clustered_3,5,8,0.002501132056352663
clustered_4,1,0,0.000898451020534109
clustered_4,1,1,0.0018530170881909042
clustered_4,1,2,0.0575128689646185
clustered_4,1,3,0.023640277655742024
clustered_4,1,4,0.04091542258425946
clustered_4,1,5,0.010402684563758388
clustered_4,1,6,0.009656972408650261
clustered_4,1,7,0.049999999999999996
clustered_4,1,8,0.03787346221441125
clustered_4,2,0,0.00015542631970989973
clustered_4,2,1,0.0010911317895744672
clustered_4,2,2,0.032702206895860376
clustered_4,2,3,0.022964387339222583
clustered_4,2,4,0.03602372705270686
clustered_4,2,5,0.00291688177594218
clustered_4,2,6,0.03030746285779845
clustered_4,2,7,0.049999999999999996
clustered_4,2,8,0.042943085034473444
clustered_4,3,0,0.0014090534670254866
clustered_4,3,1,0.0003382098474123131
clustered_4,3,2,0.025584804847853006
clustered_4,3,3,0.020125648009840964
clustered_4,3,4,0.03728159161796324
clustered_4,3,5,0.007046979865771813
clustered_4,3,6,0.033519761372110345
clustered_4,3,7,0.03967475477542591
clustered_4,3,8,0.0686291739894552
clustered_4,4,0,0.0002926034795675489
clustered_4,4,1,0.002435635257721155
clustered_4,4,2,0.026284075540305814
clustered_4,4,3,0.017853997141148808
clustered_4,4,4,0.03264328705122742
clustered_4,4,5,0.0029382877721394743
clustered_4,4,6,0.024571215510812823
clustered_4,4,7,0.031846456048453105
clustered_4,4,8,0.07591624158772342
clustered_4,5,0,0.0008917783474353064
clustered_4,5,1,0.0048711702287081915
clustered_4,5,2,0.022102520170012404
clustered_4,5,3,0.014709661342386864
clustered_4,5,4,0.03312155015654762
clustered_4,5,5,0.0002145450544614458
clustered_4,5,6,0.013568905025610931
clustered_4,5,7,0.026169841820628488
clustered_4,5,8,0.05984182776801406
clustered_5,1,0,0.011487776953971327
clustered_5,1,1,0.013341683283252142
clustered_5,1,2,0.02259325441143625
clustered_5,1,3,0.01683909215076574
clustered_5,1,4,0.03314412714655752
clustered_5,1,5,0.00920032639738882
clustered_5,1,6,0.036742675328118785
clustered_5,1,7,0.04999999999999999
clustered_5,1,8,0.10534842432312472
clustered_5,2,0,0.008384227844034947
clustered_5,2,1,0.008556448467079928
clustered_5,2,2,0.03913077094895279
clustered_5,2,3,0.0025323968409028427
clustered_5,2,4,0.028716333393190532
clustered_5,2,5,0.0057765775636032645
clustered_5,2,6,0.01430720280647364
clustered_5,2,7,0.011051606621226869
clustered_5,2,8,0.12071255420123599
clustered_5,3,0,0.007400765528678486
clustered_5,3,1,0.006454363172832859
clustered_5,3,2,0.03096939915121735
clustered_5,3,3,0.0005971927581296616
clustered_5,3,4,0.024190144223082095
clustered_5,3,5,0.0047494529134675945
clustered_5,3,6,0.010983693490653581
clustered_5,3,7,0.019620253164556956
clustered_5,3,8,0.0520861074123391
clustered_5,4,0,0.008529230534473855
clustered_5,4,1,0.0068526464364959735
clustered_5,4,2,0.02797305469145826
clustered_5,4,3,0.001802139276224065
clustered_5,4,4,0.021756657574890162
clustered_5,4,5,0.004767545895109567
clustered_5,4,6,0.004969394980970892
clustered_5,4,7,0.061145415251620865
clustered_5,4,8,0.044724648977515095
clustered_5,5,0,0.007459175948375819
clustered_5,5,1,0.004381975471707207
clustered_5,5,2,0.02300519595601564
clustered_5,5,3,0.006885688954780473
clustered_5,5,4,0.022869064775356218
clustered_5,5,5,0.00561287372592227
clustered_5,5,6,0.006506629749001899
clustered_5,5,7,0.03715501141315625
clustered_5,5,8,0.03367713722322877
clustered_6,1,0,0.009080766572946285
clustered_6,1,1,0.006170527227785833
clustered_6,1,2,0.017885782171496462
clustered_6,1,3,0.004296160877513705
clustered_6,1,4,0.027080866343252234
clustered_6,1,5,0.009966371752271908
clustered_6,1,6,0.0033582089552238762
clustered_6,1,7,0.05
clustered_6,1,8,0.0008044030482641853
clustered_6,2,0,0.002243466320513975
clustered_6,2,1,0.006484154939930498
clustered_6,2,2,0.021802269604467416
clustered_6,2,3,0.007605036108100941
clustered_6,2,4,0.023554845780675654
clustered_6,2,5,0.008426616819666983
clustered_6,2,6,0.008141982395713718
clustered_6,2,7,0.03207756828446484
clustered_6,2,8,0.028160620074252594
clustered_6,3,0,0.003858448813373366
clustered_6,3,1,0.005049308156868738
clustered_6,3,2,0.02128007128007129
clustered_6,3,3,0.008060006452306694
clustered_6,3,4,0.020969097368119492
clustered_6,3,5,0.008365026622362782
clustered_6,3,6,0.000248756218905464
clustered_6,3,7,0.012721342031686862
clustered_6,3,8,0.02112616426756986
clustered_6,4,0,0.00554904391957658
clustered_6,4,1,0.005623591095631156
clustered_6,4,2,0.016488742446930615
clustered_6,4,3,0.0060666108865626706
clustered_6,4,4,0.014130624155089875
clustered_6,4,5,0.012407446645426059
clustered_6,4,6,0.00828782914694817
clustered_6,4,7,0.05797172277407768
clustered_6,4,8,0.024347906899898804
clustered_6,5,0,0.0046964064071846265
clustered_6,5,1,0.006345978796260204
clustered_6,5,2,0.011904043168680177
clustered_6,5,3,0.00835088913138906
clustered_6,5,4,0.01336695849946053
clustered_6,5,5,0.007341215801601218
clustered_6,5,6,0.007945926107169068
clustered_6,5,7,0.030210227185919654
clustered_6,5,8,0.020793020641023844
clustered_7,1,0,0.005525362761532848
clustered_7,1,1,0.017192677405596934
clustered_7,1,2,0.025398196726461635
clustered_7,1,3,0.009570095347191806
clustered_7,1,4,0.022036576158384828
clustered_7,1,5,0.009125281013693032
clustered_7,1,6,0.03591747641177299
clustered_7,1,7,0.000994390617032126
clustered_7,1,8,0.02480473670949861
clustered_7,2,0,0.0010349281920702961
clustered_7,2,1,0.017613284105525172
clustered_7,2,2,0.026123179387292996
clustered_7,2,3,0.008533431125324932
clustered_7,2,4,0.013432445745580158
clustered_7,2,5,0.003959794548390495
clustered_7,2,6,0.017501868642553046
clustered_7,2,7,0.010773545679206058
clustered_7,2,8,0.020928542357113774
clustered_7,3,0,0.0021966072205306633
clustered_7,3,1,0.013146440952287217
clustered_7,3,2,0.02539819672646162
clustered_7,3,3,0.006200936626124458
clustered_7,3,4,0.011410475098571064
clustered_7,3,5,0.01262882835537648
clustered_7,3,6,0.009146599070553454
clustered_7,3,7,0.021392146863844972
clustered_7,3,8,0.00039052658100277164
clustered_7,4,0,0.0014658928644014782
clustered_7,4,1,0.012725013556359115
clustered_7,4,2,0.02432545815515019
clustered_7,4,3,0.008501825508804604
clustered_7,4,4,0.010441985785032203
clustered_7,4,5,0.010122225379212714
clustered_7,4,6,0.00534809593976801
clustered_7,4,7,0.07437656248056615
clustered_7,4,8,0.005306675515734753
clustered_7,5,0,0.00039550859844321776
clustered_7,5,1,0.01221779652038007
clustered_7,5,2,0.020814563182298313
clustered_7,5,3,0.010232880669368992
clustered_7,5,4,0.009659322982587952
clustered_7,5,5,0.006684284914979157
clustered_7,5,6,0.002673486301860043
clustered_7,5,7,0.033597361667265756
clustered_7,5,8,0.0036948234059865637
clustered_8,1,0,0.0051347323978641465
clustered_8,1,1,0.021749877763894167
clustered_8,1,2,0.044013363328073055
clustered_8,1,3,0.003966107546681245
clustered_8,1,4,0.0015699410767616333
clustered_8,1,5,0.004748206089598561
clustered_8,1,6,0.003278305559881649
clustered_8,1,7,0.00034756703078450105
clustered_8,1,8,0.00870328308899442
clustered_8,2,0,0.0024410396507751593
clustered_8,2,1,0.020329013627758668
clustered_8,2,2,0.04814581885897738
clustered_8,2,3,0.0009028618474197823
clustered_8,2,4,0.0007066856247581132
clustered_8,2,5,0.017677290063998968
clustered_8,2,6,0.02005019587171901
clustered_8,2,7,0.030902910396455575
clustered_8,2,8,0.026174971012881392
clustered_8,3,0,0.0001800571215695901
clustered_8,3,1,0.015773890367794852
clustered_8,3,2,0.046027935399388945
clustered_8,3,3,0.00639151825531546
clustered_8,3,4,0.0004937175451341235
clustered_8,3,5,0.007334022884478641
clustered_8,3,6,0.0001635259305404282
clustered_8,3,7,0.0301390268123138
clustered_8,3,8,0.02433409043981004
clustered_8,4,0,0.0001252373755576646
clustered_8,4,1,0.013826062990352283
clustered_8,4,2,0.04499608141164179
clustered_8,4,3,0.009647574062989238
clustered_8,4,4,0.0005300072776335139
clustered_8,4,5,0.007822805327413286
clustered_8,4,6,0.001279908531837205
clustered_8,4,7,0.03477244653280693
clustered_8,4,8,0.05072369978294043
clustered_8,5,0,0.0007294908933235303
clustered_8,5,1,0.013885798969921448
clustered_8,5,2,0.03669265060990344
clustered_8,5,3,0.004948242528807734
clustered_8,5,4,0.0022674133187955002
clustered_8,5,5,0.0054900387766543095
clustered_8,5,6,0.004891608221996957
clustered_8,5,7,0.019187816432513386
clustered_8,5,8,0.04816432708353785
clustered_9,1,0,0.010875191862039918
clustered_9,1,1,0.02450943947319508
clustered_9,1,2,0.03065135571088409
clustered_9,1,3,0.012613597147129884
clustered_9,1,4,0.026014151650526195
clustered_9,1,5,0.0044567338972023515
clustered_9,1,6,0.020260223048327135
clustered_9,1,7,0.049999999999999996
clustered_9,1,8,0.022744617061869716
clustered_9,2,0,0.004952452168571597
clustered_9,2,1,0.02283457892576078
clustered_9,2,2,0.035673601304602155
clustered_9,2,3,0.016816802201594566
clustered_9,2,4,0.01771135799109294
clustered_9,2,5,0.00996196386567239
clustered_9,2,6,0.03284243637403489
clustered_9,2,7,0.028785693071407353
clustered_9,2,8,0.039517160408411425
clustered_9,3,0,0.005809030808278414
clustered_9,3,1,0.01951753803669578
clustered_9,3,2,0.029115139411629166
clustered_9,3,3,0.015489474289658347
clustered_9,3,4,0.015220519893262983
clustered_9,3,5,0.005757970071567981
clustered_9,3,6,0.014312267657992565
clustered_9,3,7,0.0058742415885272995
clustered_9,3,8,0.028195693649495774
clustered_9,4,0,0.006232332359739769
clustered_9,4,1,0.017294885502956086
clustered_9,4,2,0.03570962889135767
clustered_9,4,3,0.019838361675920912
clustered_9,4,4,0.014533120580808542
clustered_9,4,5,0.013501912182426962
clustered_9,4,6,0.008291776226312442
clustered_9,4,7,0.07780326369176542
clustered_9,4,8,0.009828889376383546
clustered_9,5,0,0.004670974178120016
clustered_9,5,1,0.01574270639584106
clustered_9,5,2,0.03310678340231615
clustered_9,5,3,0.023127049651783138
clustered_9,5,4,0.01805163641975825
clustered_9,5,5,0.012136160500016006
clustered_9,5,6,0.008559327198488637
clustered_9,5,7,0.04042163608908339
clustered_9,5,8,0.014787385672604776
clustered_10,1,0,0.004324864401941191
clustered_10,1,1,0.009845640383813093
clustered_10,1,2,0.04043635541487677
clustered_10,1,3,0.019914513617440496
clustered_10,1,4,0.016499162479061975
clustered_10,1,5,0.016283421558380248
clustered_10,1,6,0.021110790119890217
clustered_10,1,7,0.0005684626791893239
clustered_10,1,8,0.049999999999999996
clustered_10,2,0,0.0063810440202104555
clustered_10,2,1,0.0181091749302012
clustered_10,2,2,0.04130593575540445
clustered_10,2,3,0.007447240210134667
clustered_10,2,4,0.008768199974230126
clustered_10,2,5,0.0033155067731418823
clustered_10,2,6,0.03888876543072701
clustered_10,2,7,0.0070363892163200145
clustered_10,2,8,0.028084593469208847
clustered_10,3,0,0.00510341784963538
clustered_10,3,1,0.019753858990404667
clustered_10,3,2,0.03365362875876103
clustered_10,3,3,0.010380716305971321
clustered_10,3,4,0.014489112227805691
clustered_10,3,5,0.0021224586128999606
clustered_10,3,6,0.026888632095912173
clustered_10,3,7,0.0005684626791893239
clustered_10,3,8,0.03100664767331434
clustered_10,4,0,0.005881971297329569
clustered_10,4,1,0.01966482493360603
clustered_10,4,2,0.031797110080528795
clustered_10,4,3,0.009683121380741884
clustered_10,4,4,0.014047881684846993
clustered_10,4,5,0.002630756591796679
clustered_10,4,6,0.02181540499501485
clustered_10,4,7,0.07056472517270897
clustered_10,4,8,0.02220485025363074
clustered_10,5,0,0.005562892015487693
clustered_10,5,1,0.017385803292366823
clustered_10,5,2,0.024128160176128496
clustered_10,5,3,0.0033996843948409065
clustered_10,5,4,0.015126177334761235
clustered_10,5,5,0.0002985022653671695
clustered_10,5,6,0.023952351747442
clustered_10,5,7,0.03508707243746099
clustered_10,5,8,0.018863356841498924
clustered_11,1,0,0.0004589482225265019
clustered_11,1,1,0.021756968715799456
clustered_11,1,2,0.014890921451084628
clustered_11,1,3,0.014945080626314547
clustered_11,1,4,0.00217027382518235
clustered_11,1,5,0.022092374241261425
clustered_11,1,6,0.02244040237012539
clustered_11,1,7,0.001597289448209106
clustered_11,1,8,0.02722614438624459
clustered_11,2,0,0.001687751368262568
clustered_11,2,1,0.016442002663690284
clustered_11,2,2,0.027251096965576916
clustered_11,2,3,0.01854045697233356
clustered_11,2,4,0.010908396876350951
clustered_11,2,5,0.000985085520772394
clustered_11,2,6,0.028800309515481067
clustered_11,2,7,0.03138357286469581
clustered_11,2,8,0.006204123819701133
clustered_11,3,0,0.0011638521223185656
clustered_11,3,1,0.015503154645726479
clustered_11,3,2,0.022925035535504606
clustered_11,3,3,0.017866323907455
clustered_11,3,4,0.0075511180198493365
clustered_11,3,5,0.003952417498081343
clustered_11,3,6,0.0003927242662257074
clustered_11,3,7,0.04031945788964182
clustered_11,3,8,0.013561831017991343
clustered_11,4,0,0.0009882136703612513
clustered_11,4,1,0.016110822653322084
clustered_11,4,2,0.022352246914101308
clustered_11,4,3,0.015087580298565308
clustered_11,4,4,0.008440634268832221
clustered_11,4,5,0.0010765706973332927
clustered_11,4,6,0.00630795497702806
clustered_11,4,7,0.03263877411281371
clustered_11,4,8,0.008340508023618149
clustered_11,5,0,0.0004721667294337866
clustered_11,5,1,0.014406835574214473
clustered_11,5,2,0.021678886692650043
clustered_11,5,3,0.010730828024013563
clustered_11,5,4,0.006874837055492276
clustered_11,5,5,0.0005325895874818365
clustered_11,5,6,0.010467790285015937
clustered_11,5,7,0.009511529366956007
clustered_11,5,8,0.008932391516178766
clustered_12,1,0,0.004122041391927423
clustered_12,1,1,0.02920696629638264
clustered_12,1,2,0.01446123301446511
clustered_12,1,3,0.033851693957303884
clustered_12,1,4,0.00030256964948694695
clustered_12,1,5,0.001485508343680925
clustered_12,1,6,0.034779299847793
clustered_12,1,7,0.05000000000000001
clustered_12,1,8,0.049999999999999996
clustered_12,2,0,0.0016983746773738043
clustered_12,2,1,0.029400840736509608
clustered_12,2,2,0.021403211954484407
clustered_12,2,3,0.03136733918150448
clustered_12,2,4,0.0005274448999417651
clustered_12,2,5,0.011736016792196569
clustered_12,2,6,0.038291769113686924
clustered_12,2,7,0.023190368147551776
clustered_12,2,8,0.049999999999999996
clustered_12,3,0,0.00010735475346521511
clustered_12,3,1,0.02756872727730976
clustered_12,3,2,0.019618131655622303
clustered_12,3,3,0.020933049123146984
clustered_12,3,4,0.004395299207764498
clustered_12,3,5,0.020262576092552772
clustered_12,3,6,0.016514459665144598
clustered_12,3,7,0.02611798287345385
clustered_12,3,8,0.04472712892169786
clustered_12,4,0,0.0006065876681940225
clustered_12,4,1,0.025872089493954732
clustered_12,4,2,0.020750133796364142
clustered_12,4,3,0.010220026577748582
clustered_12,4,4,0.0011581925536564741
clustered_12,4,5,0.018696589325140973
clustered_12,4,6,0.024013438764524633
clustered_12,4,7,0.08343853704949991
clustered_12,4,8,0.017848347083523553
clustered_12,5,0,0.0017846048555714628
clustered_12,5,1,0.024331500867615933
clustered_12,5,2,0.019744940638601584
clustered_12,5,3,0.011349956028956837
clustered_12,5,4,0.0013569027909636061
clustered_12,5,5,0.009826458586437336
clustered_12,5,6,0.022552835791102132
clustered_12,5,7,0.03968819703327041
clustered_12,5,8,0.011101770733836709
clustered_13,1,0,0.004383769595660736
clustered_13,1,1,0.013922794780830975
clustered_13,1,2,0.01809117732888039
clustered_13,1,3,0.01899609350778198
clustered_13,1,4,0.03728705822527333
clustered_13,1,5,0.01817876462892904
clustered_13,1,6,0.003981106612685554
clustered_13,1,7,0.0013145082765335882
clustered_13,1,8,0.014836827317916565
clustered_13,2,0,0.007911884935887051
clustered_13,2,1,0.013383178463450248
clustered_13,2,2,0.03480219887113308
clustered_13,2,3,0.013033803797740044
clustered_13,2,4,0.018217645563183324
clustered_13,2,5,0.009203544396062868
clustered_13,2,6,0.007095401224955877
clustered_13,2,7,0.006175567373230478
clustered_13,2,8,0.008186896310950787
clustered_13,3,0,0.00812280487470493
clustered_13,3,1,0.011417433307277574
clustered_13,3,2,0.027170000972731097
clustered_13,3,3,0.018376015377937618
clustered_13,3,4,0.011225527587083645
clustered_13,3,5,0.0005003005338896229
clustered_13,3,6,0.006680161943319836
clustered_13,3,7,0.01105160662122687
clustered_13,3,8,0.010514372163388788
clustered_13,4,0,0.00780665880233045
clustered_13,4,1,0.011075237593816623
clustered_13,4,2,0.0239433807230002
clustered_13,4,3,0.01823990066650837
clustered_13,4,4,0.00891549304509063
clustered_13,4,5,0.0008452461747684407
clustered_13,4,6,0.007601790592804711
clustered_13,4,7,0.04499608141164176
clustered_13,4,8,0.015891084672679436
clustered_13,5,0,0.007133901555001429
clustered_13,5,1,0.00847671393831981
clustered_13,5,2,0.023353493141182628
clustered_13,5,3,0.016454789696944434
clustered_13,5,4,0.007276179281656264
clustered_13,5,5,0.0027455813983143385
clustered_13,5,6,0.0019900002212340346
clustered_13,5,7,0.025821667438185373
clustered_13,5,8,0.02794591262263194
clustered_14,1,0,0.003931646079871012
clustered_14,1,1,0.021385863762545372
clustered_14,1,2,0.04217761673182671
clustered_14,1,3,0.018503937007874005
clustered_14,1,4,0.034481688392302916
clustered_14,1,5,0.005408884977673485
clustered_14,1,6,0.002356020942408388
clustered_14,1,7,0.049999999999999996
clustered_14,1,8,0.010738123282292903
clustered_14,2,0,0.002350402181964755
clustered_14,2,1,0.019940373527817468
clustered_14,2,2,0.03924358118598607
clustered_14,2,3,0.004848301304994212
clustered_14,2,4,0.02254452561715131
clustered_14,2,5,0.0101725447721341
clustered_14,2,6,0.009726137736608933
clustered_14,2,7,0.031118537819568744
clustered_14,2,8,0.019798556370994546
clustered_14,3,0,0.0003610868990500884
clustered_14,3,1,0.020190049113815924
clustered_14,3,2,0.04408473983662312
clustered_14,3,3,0.012777380100214739
clustered_14,3,4,0.015859714463066412
clustered_14,3,5,0.00019393109742185587
clustered_14,3,6,0.010732984293193706
clustered_14,3,7,0.01072655866470299
clustered_14,3,8,0.018590498625834326
clustered_14,4,0,0.00045864378877482405
clustered_14,4,1,0.021042119133555203
clustered_14,4,2,0.03915412888275923
clustered_14,4,3,0.009844265586535603
clustered_14,4,4,0.009879487063027045
clustered_14,4,5,8.263634997745899e-05
clustered_14,4,6,0.005305835780870889
clustered_14,4,7,0.05776249146880275
clustered_14,4,8,0.006907696285443431
clustered_14,5,0,0.0009322254958387697
clustered_14,5,1,0.020384684050787114
clustered_14,5,2,0.03311096590574538
clustered_14,5,3,0.008928382834410975
clustered_14,5,4,0.009296231848663386
clustered_14,5,5,0.002445604985410417
clustered_14,5,6,0.003866620890910645
clustered_14,5,7,0.034502281561602156
clustered_14,5,8,0.004709172475493494
clustered_15,1,0,0.0028033178939166
clustered_15,1,1,0.01664164790259362
clustered_15,1,2,0.05010427528675704
clustered_15,1,3,0.0014419056354366103
clustered_15,1,4,0.029173175049463707
clustered_15,1,5,0.004965097950911959
clustered_15,1,6,0.04209314563873174
clustered_15,1,7,0.04999999999999999
clustered_15,1,8,0.016489361702127666
clustered_15,2,0,1.6276750904192502e-05
clustered_15,2,1,0.019421510577377486
clustered_15,2,2,0.03983717012914097
clustered_15,2,3,0.006028570420650059
clustered_15,2,4,0.03397936542266439
clustered_15,2,5,0.007934432151950728
clustered_15,2,6,0.005660692419013689
clustered_15,2,7,0.029757085020242907
clustered_15,2,8,0.06081560283687944
clustered_15,3,0,0.0014517067519038587
clustered_15,3,1,0.01786478747949852
clustered_15,3,2,0.03258602711157457
clustered_15,3,3,0.004492972564676706
clustered_15,3,4,0.025007810059356445
clustered_15,3,5,0.007538520925145565
clustered_15,3,6,0.02367451651098539
clustered_15,3,7,0.02894736842105262
clustered_15,3,8,0.025354609929078033
clustered_15,4,0,0.0018918385989002777
clustered_15,4,1,0.01867569376219157
clustered_15,4,2,0.030876929728629952
clustered_15,4,3,0.0009925787703748425
clustered_15,4,4,0.020791647935223485
clustered_15,4,5,0.009986411071367766
clustered_15,4,6,0.014176408110614465
clustered_15,4,7,0.059114249037227236
clustered_15,4,8,0.02297612869745719
clustered_15,5,0,0.0016550873492352073
clustered_15,5,1,0.01773536436480367
clustered_15,5,2,0.025556847125591906
clustered_15,5,3,0.00152111105165422
clustered_15,5,4,0.022117092279336656
clustered_15,5,5,0.008867419674135048
clustered_15,5,6,0.008232199818401795
clustered_15,5,7,0.0319672131147541
clustered_15,5,8,0.02811591675386583
clustered_16,1,0,0.0028244150227462878
clustered_16,1,1,0.0013397603107351953
clustered_16,1,2,0.020614344799757878
clustered_16,1,3,0.023133526373921617
clustered_16,1,4,0.019221298861188053
clustered_16,1,5,0.004218443427076525
clustered_16,1,6,0.01653279785809906
clustered_16,1,7,0.0026066350710900496
clustered_16,1,8,0.05
clustered_16,2,0,0.002235946187271189
clustered_16,2,1,0.0047236768044410056
clustered_16,2,2,0.015958453933839784
clustered_16,2,3,0.019000222739140326
clustered_16,2,4,0.01330231787295498
clustered_16,2,5,0.002206067313980981
clustered_16,2,6,0.024255998352383894
clustered_16,2,7,0.0046846518410499464
clustered_16,2,8,0.0341819706101014
clustered_16,3,0,0.005017442216283485
clustered_16,3,1,0.005090674314043766
clustered_16,3,2,0.012544133965499842
clustered_16,3,3,0.01955132989044449
clustered_16,3,4,0.016759002770083093
clustered_16,3,5,0.0010137344669718742
clustered_16,3,6,0.009839357429718875
clustered_16,3,7,0.0026066350710900496
clustered_16,3,8,0.037661937075879094
clustered_16,4,0,0.005281152803367926
clustered_16,4,1,0.003896667570182365
clustered_16,4,2,0.013663629675739902
clustered_16,4,3,0.016507919056921245
clustered_16,4,4,0.010963598555653141
clustered_16,4,5,0.0017459203369012094
clustered_16,4,6,0.007145655793907334
clustered_16,4,7,0.06559357299734135
clustered_16,4,8,0.027430372699778823
clustered_16,5,0,0.005520759932832997
clustered_16,5,1,0.0006495597609177374
clustered_16,5,2,0.008294043423687725
clustered_16,5,3,0.01500996604253907
clustered_16,5,4,0.01442789458547143
clustered_16,5,5,0.0009483322432962711
clustered_16,5,6,0.019824653806482757
clustered_16,5,7,0.03934814699712529
clustered_16,5,8,0.017974973284385617
clustered_17,1,0,0.0008862908752441992
clustered_17,1,1,0.017432544658123147
clustered_17,1,2,0.015026181594168176
clustered_17,1,3,0.01852988498897563
clustered_17,1,4,0.015678380019536923
clustered_17,1,5,0.003008216273522402
clustered_17,1,6,0.021834952823545976
clustered_17,1,7,0.05
clustered_17,1,8,0.05000000000000001
clustered_17,2,0,0.001732100889792131
clustered_17,2,1,0.017223778918752146
clustered_17,2,2,0.019764931669856548
clustered_17,2,3,0.008744550842757158
clustered_17,2,4,0.010398130791773375
clustered_17,2,5,0.009707056791604912
clustered_17,2,6,0.017501868642553046
clustered_17,2,7,0.01003996003996004
clustered_17,2,8,0.002068869758400443
clustered_17,3,0,0.0003922591467468471
clustered_17,3,1,0.015804171891029315
clustered_17,3,2,0.015026181594168176
clustered_17,3,3,0.0047106847029378535
clustered_17,3,4,0.011982205560102438
clustered_17,3,5,0.0007364355760857322
clustered_17,3,6,0.004935924517673562
clustered_17,3,7,0.01883116883116883
clustered_17,3,8,0.013176895306859199
clustered_17,4,0,0.0007366069702306118
clustered_17,4,1,0.0124679935389346
clustered_17,4,2,0.01218806840520578
clustered_17,4,3,0.00239970872982075
clustered_17,4,4,0.014583694204024968
clustered_17,4,5,0.003825595580555387
clustered_17,4,6,0.0015214277618061374
clustered_17,4,7,0.05769718086791259
clustered_17,4,8,0.01879017346130139
clustered_17,5,0,0.0007228041511207445
clustered_17,5,1,0.009958046710807144
clustered_17,5,2,0.01059385342683489
clustered_17,5,3,0.0038412392625930473
clustered_17,5,4,0.011696552733026711
clustered_17,5,5,0.0003435913128595813
clustered_17,5,6,0.004252344971038486
clustered_17,5,7,0.039418777943368094
clustered_17,5,8,0.020278747706693485
clustered_18,1,0,0.005868354274483446
clustered_18,1,1,2.577332872894397e-07
clustered_18,1,2,0.024156470152020767
clustered_18,1,3,0.023068406248129756
clustered_18,1,4,0.008350687213660977
clustered_18,1,5,0.00038121788197360574
clustered_18,1,6,0.0354524294442828
clustered_18,1,7,0.05
clustered_18,1,8,0.0032928538066324176
clustered_18,2,0,0.006480197305561716
clustered_18,2,1,0.002418470039694886
clustered_18,2,2,0.023341563886613948
clustered_18,2,3,0.02583062099191132
clustered_18,2,4,0.010568697953761867
clustered_18,2,5,0.0029648700810491787
clustered_18,2,6,0.03880956111098676
clustered_18,2,7,0.05
clustered_18,2,8,0.0038928609923472145
clustered_18,3,0,0.006073617742974214
clustered_18,3,1,0.00020644436311527238
clustered_18,3,2,0.024686159224535206
clustered_18,3,3,0.031447124304267174
clustered_18,3,4,0.013476756479671928
clustered_18,3,5,0.004992778692103579
clustered_18,3,6,0.015085830666278726
clustered_18,3,7,0.05
clustered_18,3,8,0.017304997664642698
clustered_18,4,0,0.004285072032771058
clustered_18,4,1,0.001030675415852658
clustered_18,4,2,0.023639700325177416
clustered_18,4,3,0.03029395579131446
clustered_18,4,4,0.0038966331258160863
clustered_18,4,5,0.0024860058999273222
clustered_18,4,6,0.019840402506439956
clustered_18,4,7,0.0290706161425704
clustered_18,4,8,0.010128045932491097
clustered_18,5,0,0.004404590195901689
clustered_18,5,1,0.00036361941700054887
clustered_18,5,2,0.01881616228978508
clustered_18,5,3,0.02694380862772493
clustered_18,5,4,0.009033462833109155
clustered_18,5,5,0.009191048331280467
clustered_18,5,6,0.024959099863109745
clustered_18,5,7,0.011322104574628986
clustered_18,5,8,0.005512591787199168
clustered_19,1,0,0.00485314653939553
clustered_19,1,1,0.02118788914662434
clustered_19,1,2,0.028371953290315836
clustered_19,1,3,0.013612105039723453
clustered_19,1,4,0.00992107534837835
clustered_19,1,5,0.009761700220371278
clustered_19,1,6,0.010629921259842516
clustered_19,1,7,0.049999999999999996
clustered_19,1,8,0.03656135035706557
clustered_19,2,0,0.0009273331949951508
clustered_19,2,1,0.017506550341369043
clustered_19,2,2,0.023348110130680205
clustered_19,2,3,0.006847688668902804
clustered_19,2,4,0.017984290958763766
clustered_19,2,5,0.00259288203672471
clustered_19,2,6,0.015616797900262465
clustered_19,2,7,0.049999999999999996
clustered_19,2,8,0.008262447355717226
clustered_19,3,0,0.0009834162427722864
clustered_19,3,1,0.015913807837870827
clustered_19,3,2,0.01426500169805899
clustered_19,3,3,0.0014828067196312653
clustered_19,3,4,0.019786656801085215
clustered_19,3,5,0.010407873604004024
clustered_19,3,6,0.01824146981627297
clustered_19,3,7,0.029497693490517684
clustered_19,3,8,0.0019368102142393367
clustered_19,4,0,0.001953242605552745
clustered_19,4,1,0.017185876229413012
clustered_19,4,2,0.01339845001940183
clustered_19,4,3,0.0014015995881955388
clustered_19,4,4,0.01766615834859791
clustered_19,4,5,0.009915932779019258
clustered_19,4,6,0.00601433967095577
clustered_19,4,7,0.050011251265767394
clustered_19,4,8,0.015976638991665845
clustered_19,5,0,0.0019156819877891608
clustered_19,5,1,0.01797764839858221
clustered_19,5,2,0.009314292517534118
clustered_19,5,3,0.005924018893867651
clustered_19,5,4,0.018159240188497298
clustered_19,5,5,0.009893531102107389
clustered_19,5,6,0.0005184802719332287
clustered_19,5,7,0.021421969397786754
clustered_19,5,8,0.013856733869966402
clustered_20,1,0,0.01369559482347588
clustered_20,1,1,0.010911478261827041
clustered_20,1,2,0.026122811469170257
clustered_20,1,3,0.022747112848958806
clustered_20,1,4,0.026790739505062524
clustered_20,1,5,0.010103118094770436
clustered_20,1,6,0.010645415190869728
clustered_20,1,7,0.05000000000000001
clustered_20,1,8,0.027100984657659734
clustered_20,2,0,0.007551772408987178
clustered_20,2,1,0.016332205003415496
clustered_20,2,2,0.045424606969900035
clustered_20,2,3,0.031607338131844825
clustered_20,2,4,0.02210425421281553
clustered_20,2,5,0.012227804113392129
clustered_20,2,6,0.019727242454515174
clustered_20,2,7,0.014054636951833227
clustered_20,2,8,0.029265822338870175
clustered_20,3,0,0.009823124937979976
clustered_20,3,1,0.017407880466199444
clustered_20,3,2,0.04247511911810312
clustered_20,3,3,0.01486617562365493
clustered_20,3,4,0.024469813455568777
clustered_20,3,5,0.009489319911613057
clustered_20,3,6,0.0001508592417683297
clustered_20,3,7,0.012616822429906555
clustered_20,3,8,0.004957636821616657
clustered_20,4,0,0.010035638529257195
clustered_20,4,1,0.017437421774280506
clustered_20,4,2,0.03354942722226006
clustered_20,4,3,0.012470843859116043
clustered_20,4,4,0.020988424381328145
clustered_20,4,5,0.01219901432994198
clustered_20,4,6,0.010005503242753783
clustered_20,4,7,0.041178481878276704
clustered_20,4,8,0.011436382625790992
clustered_20,5,0,0.009668384850342333
clustered_20,5,1,0.017418710811636023
clustered_20,5,2,0.03019008979903485
clustered_20,5,3,0.007889608243877733
clustered_20,5,4,0.020750624581175107
clustered_20,5,5,0.013272731663533951
clustered_20,5,6,0.015591619839011795
clustered_20,5,7,0.015114141259384076
clustered_20,5,8,0.011939959532559757
