filename,sample_time,r,mser
random_1,0,1,-0.0297643097643097
random_1,0,2,-0.0326728826728826
random_1,0,3,-0.0182626262626262
random_1,0,4,-0.0090293175659029
random_1,0,5,-0.0097091129878015
random_1,100,1,-0.0113720951885314
random_1,100,2,-0.016077331645749
random_1,100,3,-0.0182751152664472
random_1,100,4,-0.0156496746663987
random_1,100,5,-0.0148633470201579
random_1,200,1,-0.0299249208211785
random_1,200,2,-0.0312399007760881
random_1,200,3,-0.0262320431228744
random_1,200,4,-0.0282644051961548
random_1,200,5,-0.0206102557936615
random_1,300,1,0.0683409132259167
random_1,300,2,0.0112971559551032
random_1,300,3,0.0128077715542435
random_1,300,4,0.0016550707603798
random_1,300,5,-0.007600770934488
random_1,400,1,-0.0405353154584238
random_1,400,2,-0.0358839386981851
random_1,400,3,-0.0338695997482587
random_1,400,4,-0.03516095765987
random_1,400,5,-0.0320435632818448
random_1,500,1,-0.0008969881802628
random_1,500,2,-0.0116958017088188
random_1,500,3,-0.0120148641876397
random_1,500,4,-0.0122090562438833
random_1,500,5,-0.0116633377405315
random_1,600,1,-0.016659414849065
random_1,600,2,-0.0089723036591062
random_1,600,3,-0.0106508413148224
random_1,600,4,-0.0104175463974525
random_1,600,5,0.0015884214666412
random_2,0,1,-0.0297643097643097
random_2,0,2,-0.0326728826728826
random_2,0,3,-0.0182626262626262
random_2,0,4,-0.0090293175659029
random_2,0,5,-0.0097091129878015
random_2,100,1,-0.0121105008605093
random_2,100,2,-0.0029795691298707
random_2,100,3,-0.0029281043750925
random_2,100,4,-0.0033063730411066
random_2,100,5,-0.0159466012942379
random_2,200,1,-0.0217642877976209
random_2,200,2,-0.017761577860676
random_2,200,3,-0.013574999455506
random_2,200,4,-0.0011212030145435
random_2,200,5,-0.0138502066232433
random_2,300,1,0.0063089410965956
random_2,300,2,-0.001751433210656
random_2,300,3,-0.0027740600365879
random_2,300,4,0.0017522067934117
random_2,300,5,-0.0015860892039655
random_2,400,1,-0.0168073008367478
random_2,400,2,-0.0138737267804501
random_2,400,3,-0.0095325219369114
random_2,400,4,-0.0146373625417903
random_2,400,5,-0.0140820320315075
random_2,500,1,-0.005890055516219
random_2,500,2,-0.0127572693173647
random_2,500,3,-0.0140012043249803
random_2,500,4,-0.0128683273745757
random_2,500,5,-0.0141579243849742
random_2,600,1,0.0971682799026808
random_2,600,2,0.0340247314209907
random_2,600,3,0.0104792782812319
random_2,600,4,0.0072328284740258
random_2,600,5,0.0008389530050377
random_3,0,1,-0.0297643097643097
random_3,0,2,-0.0326728826728826
random_3,0,3,-0.0182626262626262
random_3,0,4,-0.0090293175659029
random_3,0,5,-0.0097091129878015
random_3,100,1,-0.0431578893387022
random_3,100,2,-0.0391359284023349
random_3,100,3,-0.0237973941157988
random_3,100,4,-0.0286294827132333
random_3,100,5,-0.0237510297917794
random_3,200,1,-0.0351822649076095
random_3,200,2,-0.0223992722758199
random_3,200,3,-0.0262339229495047
random_3,200,4,-0.0217007803610956
random_3,200,5,-0.0232706852242575
random_3,300,1,-0.0285432375364005
random_3,300,2,0.0238393785044591
random_3,300,3,0.0140929033358129
random_3,300,4,0.0219576310060716
random_3,300,5,0.0161011901539444
random_3,400,1,-0.0290781027517963
random_3,400,2,-0.0311822845099569
random_3,400,3,-0.0280510833020996
random_3,400,4,-0.0298359943149775
random_3,400,5,-0.0296390400623526
random_3,500,1,-0.0050863030184568
random_3,500,2,-0.0116204556194497
random_3,500,3,-0.0085277034625249
random_3,500,4,-0.0122468458320675
random_3,500,5,-0.0137693683321673
random_3,600,1,-0.0163657751266103
random_3,600,2,-0.0149797483484532
random_3,600,3,-0.0080437670273744
random_3,600,4,-0.0088085016310127
random_3,600,5,-0.0099312822547493
random_4,0,1,-0.0297643097643097
random_4,0,2,-0.0326728826728826
random_4,0,3,-0.0182626262626262
random_4,0,4,-0.0090293175659029
random_4,0,5,-0.0097091129878015
random_4,100,1,-0.0373873606103904
random_4,100,2,0.0199789581244704
random_4,100,3,-0.0049725833371094
random_4,100,4,-0.0170662582646062
random_4,100,5,-0.0127347444507328
random_4,200,1,-0.0396538723278545
random_4,200,2,-0.0081395867085521
random_4,200,3,-0.0145996401636799
random_4,200,4,-0.0128546256609654
random_4,200,5,-0.0137683186756697
random_4,300,1,-0.0148996946873076
random_4,300,2,-0.0241488690388348
random_4,300,3,-0.0261304779140976
random_4,300,4,-0.0260688446332987
random_4,300,5,-0.0305502581374315
random_4,400,1,-0.0164474657371548
random_4,400,2,-0.0159133338381333
random_4,400,3,-0.0222636915209726
random_4,400,4,-0.020960304348115
random_4,400,5,-0.0205857853164629
random_4,500,1,-0.0150930873369742
random_4,500,2,-0.0112614137820462
random_4,500,3,-0.0052825608127282
random_4,500,4,0.0435845551782576
random_4,500,5,0.0263790353200396
random_4,600,1,-0.0073744414028061
random_4,600,2,-0.0122538020825767
random_4,600,3,-0.0117200620362462
random_4,600,4,-0.0081972735385357
random_4,600,5,-0.0075056656281242
random_5,0,1,-0.0297643097643097
random_5,0,2,-0.0326728826728826
random_5,0,3,-0.0182626262626262
random_5,0,4,-0.0090293175659029
random_5,0,5,-0.0097091129878015
random_5,100,1,-0.0335155405450904
random_5,100,2,-0.0071234816593955
random_5,100,3,-0.0138464600480163
random_5,100,4,-0.0150839156931978
random_5,100,5,-0.017857361689556
random_5,200,1,-0.0241421063839578
random_5,200,2,0.0092906057498289
random_5,200,3,-0.009401295528602
random_5,200,4,-0.0102855572615826
random_5,200,5,-0.0019395788124043
random_5,300,1,0.0256524733840413
random_5,300,2,0.0110616104952222
random_5,300,3,0.0116218064389841
random_5,300,4,0.0014099438366093
random_5,300,5,0.0155061279666647
random_5,400,1,-0.0146511278933537
random_5,400,2,-0.0211478552340046
random_5,400,3,-0.0231533256066801
random_5,400,4,-0.0218605971934513
random_5,400,5,-0.0219093039270197
random_5,500,1,-0.0159660430953226
random_5,500,2,0.0139855833486057
random_5,500,3,0.0874638699918664
random_5,500,4,0.0635532156639368
random_5,500,5,0.0470226579606509
random_5,600,1,-0.0155231098844342
random_5,600,2,-0.0128421093266406
random_5,600,3,-0.0163122198866446
random_5,600,4,-0.01162395503158
random_5,600,5,-0.0087074635524339
random_6,0,1,-0.0297643097643097
random_6,0,2,-0.0326728826728826
random_6,0,3,-0.0182626262626262
random_6,0,4,-0.0090293175659029
random_6,0,5,-0.0097091129878015
random_6,100,1,-0.0206237113294784
random_6,100,2,-0.0211144745263059
random_6,100,3,-0.0211842709741541
random_6,100,4,-0.0176301304342863
random_6,100,5,-0.0166723772555514
random_6,200,1,-0.0113477480760284
random_6,200,2,-0.0178737305786215
random_6,200,3,-0.0233674624277776
random_6,200,4,-0.0123742829210942
random_6,200,5,-0.0194462757490818
random_6,300,1,-0.0216241137718178
random_6,300,2,-0.0254028487048988
random_6,300,3,-0.0299863768216518
random_6,300,4,-0.0259001971099841
random_6,300,5,-0.0200750403480489
random_6,400,1,-0.0173368845061333
random_6,400,2,-0.020154986853014
random_6,400,3,-0.0215152612028281
random_6,400,4,-0.022700856208431
random_6,400,5,-0.0015926580319631
random_6,500,1,-0.0210315080580075
random_6,500,2,-0.0175431834134783
random_6,500,3,0.0362473394098823
random_6,500,4,0.0162516448529913
random_6,500,5,0.0265397474678686
random_6,600,1,-0.0223423220329054
random_6,600,2,-0.0079506663257663
random_6,600,3,-0.0098237829503487
random_6,600,4,-0.0116645804024211
random_6,600,5,-0.0102927619230812
random_7,0,1,-0.0297643097643097
random_7,0,2,-0.0326728826728826
random_7,0,3,-0.0182626262626262
random_7,0,4,-0.0090293175659029
random_7,0,5,-0.0097091129878015
random_7,100,1,-0.0372677867158311
random_7,100,2,-0.0275667226036496
random_7,100,3,-0.0274795320439035
random_7,100,4,-0.0285730030623644
random_7,100,5,-0.0272820633571021
random_7,200,1,-0.0012995909706963
random_7,200,2,-0.0023003071409294
random_7,200,3,-0.0132055388308834
random_7,200,4,-0.0100084908470719
random_7,200,5,-0.0165530874485346
random_7,300,1,-0.0360622070799396
random_7,300,2,-0.0283736256933263
random_7,300,3,-0.0179058392021775
random_7,300,4,-0.0085946482536327
random_7,300,5,-0.0170380629251573
random_7,400,1,-0.0190244154833208
random_7,400,2,-0.0201152244277113
random_7,400,3,-0.0228007384585157
random_7,400,4,0.0018337795090464
random_7,400,5,-0.0044005212609896
random_7,500,1,-0.0165384141859694
random_7,500,2,-0.0082217259541275
random_7,500,3,-0.0070870765126988
random_7,500,4,0.0077978029996268
random_7,500,5,0.0055993528539061
random_7,600,1,-0.0072936181942973
random_7,600,2,-0.0013671231733795
random_7,600,3,-0.0029925928331962
random_7,600,4,0.0028482276546797
random_7,600,5,0.000784780524951
random_8,0,1,-0.0297643097643097
random_8,0,2,-0.0326728826728826
random_8,0,3,-0.0182626262626262
random_8,0,4,-0.0090293175659029
random_8,0,5,-0.0097091129878015
random_8,100,1,-0.0267555582580105
random_8,100,2,-0.0139178896454876
random_8,100,3,-0.0152905702220628
random_8,100,4,-0.011579166268039
random_8,100,5,-0.0102250622286648
random_8,200,1,-0.0183144686696693
random_8,200,2,-0.0118146415337802
random_8,200,3,-0.0069895553889813
random_8,200,4,-0.0070877677396501
random_8,200,5,-0.0067101352492581
random_8,300,1,0.1360841018715945
random_8,300,2,0.0467213214402363
random_8,300,3,0.023828795822413
random_8,300,4,0.015982833584425
random_8,300,5,0.0168738207082023
random_8,400,1,-0.0061072826949419
random_8,400,2,-0.0027562658806044
random_8,400,3,0.0081981722751489
random_8,400,4,0.0071572616838867
random_8,400,5,0.0133903131731645
random_8,500,1,-0.0229541624716041
random_8,500,2,-0.0239566394033832
random_8,500,3,-0.0205613797045853
random_8,500,4,-0.0174458611027093
random_8,500,5,-0.0169255188517725
random_8,600,1,0.0092639815305018
random_8,600,2,0.0016873715590552
random_8,600,3,0.0085348913870183
random_8,600,4,0.0103318859641316
random_8,600,5,0.0105760418184841
random_9,0,1,-0.0297643097643097
random_9,0,2,-0.0326728826728826
random_9,0,3,-0.0182626262626262
random_9,0,4,-0.0090293175659029
random_9,0,5,-0.0097091129878015
random_9,100,1,-0.043203922461432
random_9,100,2,-0.0276905264527279
random_9,100,3,-0.0311941340760131
random_9,100,4,-0.0256851705917961
random_9,100,5,-0.0234225726155856
random_9,200,1,-0.0438231198791219
random_9,200,2,-0.0246664288779313
random_9,200,3,-0.0212701563352776
random_9,200,4,-0.0231720420857615
random_9,200,5,-0.020195004619782
random_9,300,1,-0.0065953716584807
random_9,300,2,-0.011187799096173
random_9,300,3,-0.0114229565982305
random_9,300,4,-0.0159552045430391
random_9,300,5,-0.0087615269240533
random_9,400,1,-0.019273745833961
random_9,400,2,-0.0258732206068906
random_9,400,3,-0.0253645978436159
random_9,400,4,-0.021947989504688
random_9,400,5,-0.0204708214946605
random_9,500,1,-0.0199874755409892
random_9,500,2,0.0134380994698649
random_9,500,3,0.0639978500324194
random_9,500,4,0.0313628030905063
random_9,500,5,0.0165921074213162
random_9,600,1,-0.0074119104800202
random_9,600,2,-0.014066844945276
random_9,600,3,-0.0100457527492156
random_9,600,4,-0.0085525617934121
random_9,600,5,-0.0084705147086145
random_10,0,1,-0.0297643097643097
random_10,0,2,-0.0326728826728826
random_10,0,3,-0.0182626262626262
random_10,0,4,-0.0090293175659029
random_10,0,5,-0.0097091129878015
random_10,100,1,0.0224505340964241
random_10,100,2,0.1594974155918177
random_10,100,3,0.1041424198351472
random_10,100,4,0.070851786419276
random_10,100,5,0.0714882270597676
random_10,200,1,-0.0043729816613856
random_10,200,2,0.0223140523607377
random_10,200,3,0.0032213046603054
random_10,200,4,0.0224853380008816
random_10,200,5,0.0211096029214428
random_10,300,1,0.011713899220315
random_10,300,2,-0.015547202005279
random_10,300,3,-0.0145384301265302
random_10,300,4,-0.0098762462977139
random_10,300,5,-0.0122697895868751
random_10,400,1,-0.0100785871043364
random_10,400,2,-0.0010776631611888
random_10,400,3,-0.0090116446111846
random_10,400,4,0.0026980345532519
random_10,400,5,0.0071375433129203
random_10,500,1,-0.0040606695496631
random_10,500,2,-0.0052056618130146
random_10,500,3,-0.0026178781269475
random_10,500,4,0.0016871531240044
random_10,500,5,0.0033652292002905
random_10,600,1,-0.0139219588544555
random_10,600,2,-0.0144720476900705
random_10,600,3,-0.0153563055424132
random_10,600,4,-0.0152717881885856
random_10,600,5,-0.0157804025292392
random_11,0,1,-0.0297643097643097
random_11,0,2,-0.0326728826728826
random_11,0,3,-0.0182626262626262
random_11,0,4,-0.0090293175659029
random_11,0,5,-0.0097091129878015
random_11,100,1,-0.0303645679872175
random_11,100,2,-0.0166225381600463
random_11,100,3,-0.0224890727264654
random_11,100,4,-0.0240708134445947
random_11,100,5,-0.0225475296939524
random_11,200,1,0.0330094367273472
random_11,200,2,0.0094161530314627
random_11,200,3,-0.0104073186385049
random_11,200,4,-0.0108407149669229
random_11,200,5,-0.0080818142395303
random_11,300,1,-0.0054885897139885
random_11,300,2,0.0036233843683975
random_11,300,3,0.0087682035624212
random_11,300,4,0.008844717773042
random_11,300,5,0.0041490831419022
random_11,400,1,-0.0330917606309425
random_11,400,2,-0.0288738874069273
random_11,400,3,0.0021964532851735
random_11,400,4,-0.0116029990981455
random_11,400,5,0.0085680786428462
random_11,500,1,0.0086040306377659
random_11,500,2,0.0067831147022687
random_11,500,3,0.009527966787545
random_11,500,4,0.0097144489683873
random_11,500,5,0.0129482259887781
random_11,600,1,0.0366855383776799
random_11,600,2,0.0193086568697647
random_11,600,3,0.0182166356665517
random_11,600,4,0.0117147587847289
random_11,600,5,0.0037460152859688
random_12,0,1,-0.0297643097643097
random_12,0,2,-0.0326728826728826
random_12,0,3,-0.0182626262626262
random_12,0,4,-0.0090293175659029
random_12,0,5,-0.0097091129878015
random_12,100,1,-0.0234585917343024
random_12,100,2,-0.031845688223866
random_12,100,3,-0.0341479295587244
random_12,100,4,-0.0310261325866664
random_12,100,5,-0.0302279404623776
random_12,200,1,-0.0326998947784873
random_12,200,2,-0.0261255785887738
random_12,200,3,-0.0300835042152127
random_12,200,4,-0.0253733593553051
random_12,200,5,-0.0219746579429298
random_12,300,1,0.0565076012306612
random_12,300,2,0.0474637878984137
random_12,300,3,0.0345615979420184
random_12,300,4,0.0272277566632955
random_12,300,5,0.0172820698921563
random_12,400,1,-0.0078534856905311
random_12,400,2,-0.0078751855229409
random_12,400,3,-0.0048198214198325
random_12,400,4,-0.0071199633098
random_12,400,5,-0.0065023221173557
random_12,500,1,-0.0109750856591922
random_12,500,2,-0.0130198022999726
random_12,500,3,-0.0134203369311898
random_12,500,4,-0.004227944967947
random_12,500,5,-0.0067885289797812
random_12,600,1,-0.0069996093942318
random_12,600,2,0.000131921521521
random_12,600,3,-0.0019038699898555
random_12,600,4,-0.0031864703679467
random_12,600,5,-0.0041409660638966
random_13,0,1,-0.0297643097643097
random_13,0,2,-0.0326728826728826
random_13,0,3,-0.0182626262626262
random_13,0,4,-0.0090293175659029
random_13,0,5,-0.0097091129878015
random_13,100,1,-0.0271895294827535
random_13,100,2,-0.0265869702314692
random_13,100,3,-0.0106319584048095
random_13,100,4,-0.0166421806992374
random_13,100,5,-0.0096485902875339
random_13,200,1,0.0341535337172698
random_13,200,2,-0.0070884083131255
random_13,200,3,-0.0156135708220757
random_13,200,4,-0.0159143130800015
random_13,200,5,-0.0102684496442617
random_13,300,1,-0.0251758326142142
random_13,300,2,-0.0244745141539233
random_13,300,3,-0.0272644991183736
random_13,300,4,-0.0307230099183825
random_13,300,5,-0.0282809605823071
random_13,400,1,-0.0367529321537992
random_13,400,2,-0.0297877247983027
random_13,400,3,-0.0196960765567491
random_13,400,4,-0.0207229997992655
random_13,400,5,-0.0156624300010968
random_13,500,1,-0.0201593984001952
random_13,500,2,-0.0090363743821664
random_13,500,3,-0.0177227921567663
random_13,500,4,-0.0200245198440684
random_13,500,5,-0.0207416665878022
random_13,600,1,-0.0018956076968599
random_13,600,2,-0.0053700928313981
random_13,600,3,-0.0063670239296696
random_13,600,4,-0.0092502945410778
random_13,600,5,-0.0059797362497962
random_14,0,1,-0.0297643097643097
random_14,0,2,-0.0326728826728826
random_14,0,3,-0.0182626262626262
random_14,0,4,-0.0090293175659029
random_14,0,5,-0.0097091129878015
random_14,100,1,-0.014049849177806
random_14,100,2,-0.0048933443726241
random_14,100,3,0.014561815650251
random_14,100,4,0.0214579249648252
random_14,100,5,0.022060359929952
random_14,200,1,-0.0134790276844396
random_14,200,2,-0.0230624375704078
random_14,200,3,-0.0195242552237803
random_14,200,4,-0.0236725281399533
random_14,200,5,-0.0211103697195848
random_14,300,1,-0.02523255736685
random_14,300,2,-0.0006907345082375
random_14,300,3,-0.0123326388185847
random_14,300,4,-0.0133607992498553
random_14,300,5,-0.0092029229549913
random_14,400,1,-0.0174438257890106
random_14,400,2,-0.0100896561718874
random_14,400,3,-0.0106544198860082
random_14,400,4,-0.0042101731183892
random_14,400,5,-0.0039260615818068
random_14,500,1,0.0225436462975509
random_14,500,2,0.011909824687071
random_14,500,3,0.0182869477506845
random_14,500,4,0.013133523728897
random_14,500,5,0.0195285332934352
random_14,600,1,0.0157330833183487
random_14,600,2,0.0073206463329259
random_14,600,3,0.0025563685570293
random_14,600,4,0.0010013480495143
random_14,600,5,0.0019551156706372
random_15,0,1,-0.0297643097643097
random_15,0,2,-0.0326728826728826
random_15,0,3,-0.0182626262626262
random_15,0,4,-0.0090293175659029
random_15,0,5,-0.0097091129878015
random_15,100,1,-0.034672815795001
random_15,100,2,-0.0257467414422972
random_15,100,3,-0.0221420057188319
random_15,100,4,-0.0191279065955118
random_15,100,5,-0.0128968731972271
random_15,200,1,-0.0175799044967491
random_15,200,2,-0.0069050885928184
random_15,200,3,-0.0045762502456039
random_15,200,4,-0.0044881414885554
random_15,200,5,-0.0097696420663614
random_15,300,1,0.0375186021403173
random_15,300,2,0.001278454940123
random_15,300,3,0.0013698879761543
random_15,300,4,0.0026524865967021
random_15,300,5,0.0125412899669097
random_15,400,1,-0.026834166743936
random_15,400,2,-0.0259308647044547
random_15,400,3,-0.0255695353767391
random_15,400,4,-0.0229884454625708
random_15,400,5,-0.0253948311259941
random_15,500,1,0.0081033406886841
random_15,500,2,0.0009239497584219
random_15,500,3,0.0073470893678076
random_15,500,4,0.0008258014038146
random_15,500,5,-0.0011016109102746
random_15,600,1,0.0387764177900229
random_15,600,2,0.0178380114047592
random_15,600,3,0.003152311449064
random_15,600,4,-0.0025202969524444
random_15,600,5,-0.0024560990416025
random_16,0,1,-0.0297643097643097
random_16,0,2,-0.0326728826728826
random_16,0,3,-0.0182626262626262
random_16,0,4,-0.0090293175659029
random_16,0,5,-0.0097091129878015
random_16,100,1,-0.0362138403657589
random_16,100,2,-0.0388376766721843
random_16,100,3,-0.0359624231453175
random_16,100,4,-0.0310774007770053
random_16,100,5,-0.0274172322636032
random_16,200,1,-0.019902716107997
random_16,200,2,-0.028323601820831
random_16,200,3,-0.0222309337937061
random_16,200,4,-0.0236617335110254
random_16,200,5,-0.0271447979616221
random_16,300,1,0.0888917607654777
random_16,300,2,0.1167982033546127
random_16,300,3,0.0552710491421456
random_16,300,4,0.0632834633829659
random_16,300,5,0.0420323474545923
random_16,400,1,-0.0394639713227953
random_16,400,2,-0.0330466729930964
random_16,400,3,-0.0292239664796258
random_16,400,4,-0.0287796765204532
random_16,400,5,-0.017888275762514
random_16,500,1,-0.0199360167940506
random_16,500,2,0.0330963984421715
random_16,500,3,0.0119206311197274
random_16,500,4,0.0001164972912717
random_16,500,5,-0.0045749882104657
random_16,600,1,-0.0031817465548585
random_16,600,2,0.0011254911042157
random_16,600,3,-9.150907079047112e-05
random_16,600,4,0.0058935744925036
random_16,600,5,0.0041890810478633
random_17,0,1,-0.0297643097643097
random_17,0,2,-0.0326728826728826
random_17,0,3,-0.0182626262626262
random_17,0,4,-0.0090293175659029
random_17,0,5,-0.0097091129878015
random_17,100,1,0.0014706868382859
random_17,100,2,0.0073072295183809
random_17,100,3,0.0083480909253587
random_17,100,4,-0.0046036226768249
random_17,100,5,-0.0108006389547024
random_17,200,1,-0.0104094721269029
random_17,200,2,0.0012221077416836
random_17,200,3,-0.0114117551427908
random_17,200,4,-0.0080899917018985
random_17,200,5,-0.0093536196342593
random_17,300,1,-0.0299402672634506
random_17,300,2,-0.0259473580309698
random_17,300,3,-0.0130787612562571
random_17,300,4,-0.0172353648583827
random_17,300,5,-0.0201967178199244
random_17,400,1,-0.0353389494126046
random_17,400,2,-0.0181931174414083
random_17,400,3,-0.0230207084744161
random_17,400,4,-0.0172945539197087
random_17,400,5,-0.020879609059398
random_17,500,1,-0.0213558291717146
random_17,500,2,-0.0141699954574291
random_17,500,3,-0.01858522888839
random_17,500,4,-0.0210532356454876
random_17,500,5,-0.0188125664587579
random_17,600,1,-0.012258166442957
random_17,600,2,-0.0161500695171019
random_17,600,3,-0.0036890372148299
random_17,600,4,-0.0053442035730473
random_17,600,5,-0.0035175401680986
random_18,0,1,-0.0297643097643097
random_18,0,2,-0.0326728826728826
random_18,0,3,-0.0182626262626262
random_18,0,4,-0.0090293175659029
random_18,0,5,-0.0097091129878015
random_18,100,1,-0.0063847949016736
random_18,100,2,-0.0275861272450931
random_18,100,3,-0.0222089669260968
random_18,100,4,-0.029258577164036
random_18,100,5,-0.029845750413161
random_18,200,1,-0.0123113526031365
random_18,200,2,-0.0041444983167553
random_18,200,3,-0.0019123543236482
random_18,200,4,-0.0039081521160111
random_18,200,5,-0.0069427376940524
random_18,300,1,-0.0277892611017466
random_18,300,2,-0.0207037796940734
random_18,300,3,-0.0147813557976286
random_18,300,4,-0.0173268366351656
random_18,300,5,-0.0195367803909962
random_18,400,1,-0.0053055646775089
random_18,400,2,-0.0098373620647878
random_18,400,3,0.0022140891826885
random_18,400,4,-0.0013321213129732
random_18,400,5,-0.0027151987169573
random_18,500,1,0.0396339728353038
random_18,500,2,0.001782008956477
random_18,500,3,0.0055511635586361
random_18,500,4,0.0001545400118264
random_18,500,5,0.0004967152797179
random_18,600,1,0.0520342812188587
random_18,600,2,0.0189815026201708
random_18,600,3,0.0069852172030883
random_18,600,4,-0.0006435241532738
random_18,600,5,-0.000734853253052
random_19,0,1,-0.0297643097643097
random_19,0,2,-0.0326728826728826
random_19,0,3,-0.0182626262626262
random_19,0,4,-0.0090293175659029
random_19,0,5,-0.0097091129878015
random_19,100,1,0.0207193095570465
random_19,100,2,-0.0118324735952146
random_19,100,3,-0.0112888334923457
random_19,100,4,-0.0103349797902904
random_19,100,5,-0.0151938493542782
random_19,200,1,-0.0250409658035345
random_19,200,2,-0.0377319794651092
random_19,200,3,-0.0369568495004867
random_19,200,4,-0.0316027310221888
random_19,200,5,-0.0281401225460399
random_19,300,1,-0.0133309986015398
random_19,300,2,-0.0222841853579829
random_19,300,3,-0.0175922626386044
random_19,300,4,-0.0150898481545784
random_19,300,5,-0.0131871229946302
random_19,400,1,-0.0129347773757122
random_19,400,2,-0.0162643328618061
random_19,400,3,-0.0199146373326957
random_19,400,4,-0.0168216898824941
random_19,400,5,-0.0161372295769284
random_19,500,1,-0.0178343712854454
random_19,500,2,0.0973489698565544
random_19,500,3,0.0432457397999555
random_19,500,4,0.0181614946487762
random_19,500,5,0.0083311247049371
random_19,600,1,-0.0265840334112087
random_19,600,2,-0.0159010739472926
random_19,600,3,-0.0168650203445391
random_19,600,4,-0.0132216742158374
random_19,600,5,-0.0128496110771038
random_20,0,1,-0.0297643097643097
random_20,0,2,-0.0326728826728826
random_20,0,3,-0.0182626262626262
random_20,0,4,-0.0090293175659029
random_20,0,5,-0.0097091129878015
random_20,100,1,0.0047195308022488
random_20,100,2,0.014611850555124
random_20,100,3,0.0023921961507778
random_20,100,4,0.0022427878900549
random_20,100,5,-0.0027645808646618
random_20,200,1,0.0289275826641045
random_20,200,2,-0.0084938859399746
random_20,200,3,-0.0107450686108611
random_20,200,4,-0.0180513578564416
random_20,200,5,-0.0207427906029062
random_20,300,1,-0.0161942768220278
random_20,300,2,0.0083153539416754
random_20,300,3,0.0039680600937394
random_20,300,4,0.0163041782998858
random_20,300,5,0.0143297963170673
random_20,400,1,-0.013279418938888
random_20,400,2,-0.014609085875397
random_20,400,3,0.0483831304482493
random_20,400,4,0.0258253631452003
random_20,400,5,0.0192660395680105
random_20,500,1,-0.0133401833401396
random_20,500,2,-0.0158542831641605
random_20,500,3,-0.0151341235225359
random_20,500,4,-0.0138621698508924
random_20,500,5,-0.0128917800654663
random_20,600,1,-0.0387065726396061
random_20,600,2,-0.0364046844181198
random_20,600,3,-0.036870464535802
random_20,600,4,-0.0364368001738172
random_20,600,5,-0.0345851849234086
clustered_1,0,1,-0.0153872053872053
clustered_1,0,2,-0.0127428127428127
clustered_1,0,3,-0.0099528619528619
clustered_1,0,4,0.0229982754372998
clustered_1,0,5,0.0098139868631671
clustered_1,100,1,-0.0148756277758074
clustered_1,100,2,-0.0219158485753746
clustered_1,100,3,-0.0221037383614789
clustered_1,100,4,-0.0169191490150645
clustered_1,100,5,-0.0168160150720916
clustered_1,200,1,-0.0183223584189529
clustered_1,200,2,-0.0047872760859723
clustered_1,200,3,-0.0018697233927479
clustered_1,200,4,0.0035104517056264
clustered_1,200,5,0.0018585133680157
clustered_1,300,1,0.0057533634562974
clustered_1,300,2,0.0037897962502399
clustered_1,300,3,-0.0087326825290516
clustered_1,300,4,-0.0068663724148614
clustered_1,300,5,-0.0104637957080881
clustered_1,400,1,-0.0260406312292335
clustered_1,400,2,-0.024566807472219
clustered_1,400,3,-0.0219111219305481
clustered_1,400,4,-0.0251041507083536
clustered_1,400,5,-0.0190848449728405
clustered_1,500,1,-0.0327172783104489
clustered_1,500,2,-0.0306889973364925
clustered_1,500,3,-0.0266897443859431
clustered_1,500,4,-0.0298081820435322
clustered_1,500,5,-0.021992166314424
clustered_1,600,1,0.0050243573964581
clustered_1,600,2,0.0010703242705622
clustered_1,600,3,0.0204460308561886
clustered_1,600,4,0.0324641358726704
clustered_1,600,5,0.0189567555185648
clustered_2,0,1,-0.0153872053872053
clustered_2,0,2,-0.0127428127428127
clustered_2,0,3,-0.0099528619528619
clustered_2,0,4,0.0229982754372998
clustered_2,0,5,0.0098139868631671
clustered_2,100,1,-0.0309711861597353
clustered_2,100,2,-0.0229242846957106
clustered_2,100,3,-0.0120662508774529
clustered_2,100,4,-0.0136321603260351
clustered_2,100,5,-0.0096064227077342
clustered_2,200,1,0.0250290630032128
clustered_2,200,2,0.0156137514024996
clustered_2,200,3,0.0106884084543966
clustered_2,200,4,0.0171076829352023
clustered_2,200,5,0.0150740602565453
clustered_2,300,1,-0.0282969626318495
clustered_2,300,2,-0.021710684190803
clustered_2,300,3,-0.0244320656471829
clustered_2,300,4,-0.0253613730707955
clustered_2,300,5,-0.0231543607167582
clustered_2,400,1,-0.0240325447500063
clustered_2,400,2,-0.0205653711245642
clustered_2,400,3,0.0067496367931198
clustered_2,400,4,0.0026288876806846
clustered_2,400,5,-0.0024141319265685
clustered_2,500,1,-0.0003897168258444
clustered_2,500,2,-0.0004038287987263
clustered_2,500,3,-0.0034805599422847
clustered_2,500,4,-0.0047873588728591
clustered_2,500,5,-0.0049260144399626
clustered_2,600,1,4.2649699719453214e-05
clustered_2,600,2,0.0020093194575592
clustered_2,600,3,0.0009940634765399
clustered_2,600,4,0.0082726450791815
clustered_2,600,5,0.0047465926216282
clustered_3,0,1,-0.0153872053872053
clustered_3,0,2,-0.0127428127428127
clustered_3,0,3,-0.0099528619528619
clustered_3,0,4,0.0229982754372998
clustered_3,0,5,0.0098139868631671
clustered_3,100,1,-0.0080797625845734
clustered_3,100,2,-0.0102073960586629
clustered_3,100,3,-0.009079647815286
clustered_3,100,4,-0.0102030351734264
clustered_3,100,5,-0.014890529074039
clustered_3,200,1,0.0201828051197537
clustered_3,200,2,-0.0031960851364221
clustered_3,200,3,-0.0041022083246284
clustered_3,200,4,-0.0069064530267052
clustered_3,200,5,-0.0060062186709264
clustered_3,300,1,-0.0326817939751066
clustered_3,300,2,-0.0326364375931561
clustered_3,300,3,0.0020159435186976
clustered_3,300,4,-0.0105856708983904
clustered_3,300,5,-0.010777060222522
clustered_3,400,1,0.0070839767694359
clustered_3,400,2,0.0014615263223387
clustered_3,400,3,-0.0027193433248969
clustered_3,400,4,-0.0055580222387868
clustered_3,400,5,-0.0062936152801906
clustered_3,500,1,-0.0120847846547716
clustered_3,500,2,-0.0100677462803795
clustered_3,500,3,-0.0069811910879198
clustered_3,500,4,-0.0005698447971563
clustered_3,500,5,-0.0041749480819512
clustered_3,600,1,-0.0140911385503133
clustered_3,600,2,-0.0049447924333339
clustered_3,600,3,-0.0055402812353813
clustered_3,600,4,-0.0067895979834161
clustered_3,600,5,-0.0075608547272219
clustered_4,0,1,-0.0153872053872053
clustered_4,0,2,-0.0127428127428127
clustered_4,0,3,-0.0099528619528619
clustered_4,0,4,0.0229982754372998
clustered_4,0,5,0.0098139868631671
clustered_4,100,1,-0.0302480487724831
clustered_4,100,2,-0.024567128245702
clustered_4,100,3,-0.0241286207397001
clustered_4,100,4,-0.0208956261851674
clustered_4,100,5,-0.0210021665593056
clustered_4,200,1,0.0241633339152406
clustered_4,200,2,0.0203723033167746
clustered_4,200,3,0.0173493137573062
clustered_4,200,4,0.0149671261456389
clustered_4,200,5,0.0152456685265649
clustered_4,300,1,-0.0103939064089809
clustered_4,300,2,-0.0093121441072262
clustered_4,300,3,-0.0082637208399129
clustered_4,300,4,-0.009904935603003
clustered_4,300,5,0.0029660488918582
clustered_4,400,1,-0.0084378293653224
clustered_4,400,2,-0.0147840954859323
clustered_4,400,3,-0.0095167846952242
clustered_4,400,4,-0.0101188015112835
clustered_4,400,5,-0.0081208952544894
clustered_4,500,1,0.007756760485776
clustered_4,500,2,-0.0015561237373642
clustered_4,500,3,0.0167951136870338
clustered_4,500,4,0.0142608457254477
clustered_4,500,5,0.0086232555940486
clustered_4,600,1,-0.0050533936847315
clustered_4,600,2,-0.0036515871817226
clustered_4,600,3,-0.0052746079676827
clustered_4,600,4,-0.0045926576896511
clustered_4,600,5,-0.002206159367631
clustered_5,0,1,-0.0153872053872053
clustered_5,0,2,-0.0127428127428127
clustered_5,0,3,-0.0099528619528619
clustered_5,0,4,0.0229982754372998
clustered_5,0,5,0.0098139868631671
clustered_5,100,1,-0.0240762865338664
clustered_5,100,2,-0.0212128260256673
clustered_5,100,3,-0.0149656061523603
clustered_5,100,4,-0.0143932354362169
clustered_5,100,5,-0.0133216120323848
clustered_5,200,1,0.0295633534445154
clustered_5,200,2,0.0533128583927004
clustered_5,200,3,0.0364115058662237
clustered_5,200,4,0.0328131991815935
clustered_5,200,5,0.0293602004073996
clustered_5,300,1,0.0120259816801132
clustered_5,300,2,0.0488569433419815
clustered_5,300,3,0.02453702411314
clustered_5,300,4,0.0164680783088007
clustered_5,300,5,0.0200910713358426
clustered_5,400,1,-0.0231026025871004
clustered_5,400,2,0.0254787995995073
clustered_5,400,3,0.0113153394644584
clustered_5,400,4,-0.0021693822459441
clustered_5,400,5,0.0017414313380648
clustered_5,500,1,-0.0058354996317358
clustered_5,500,2,0.0314154474467402
clustered_5,500,3,0.0153973041224955
clustered_5,500,4,0.0316291139822579
clustered_5,500,5,0.0190024361154499
clustered_5,600,1,0.010369947563378
clustered_5,600,2,0.0040721211515711
clustered_5,600,3,0.0030292241601689
clustered_5,600,4,0.0006013258779266
clustered_5,600,5,-0.0014419952739212
clustered_6,0,1,-0.0153872053872053
clustered_6,0,2,-0.0127428127428127
clustered_6,0,3,-0.0099528619528619
clustered_6,0,4,0.0229982754372998
clustered_6,0,5,0.0098139868631671
clustered_6,100,1,-0.0094934244648
clustered_6,100,2,-0.0214304764455644
clustered_6,100,3,-0.0192669856119991
clustered_6,100,4,-0.0123111656440304
clustered_6,100,5,-0.0153335472558183
clustered_6,200,1,-0.0109080111467208
clustered_6,200,2,-0.0028394070597914
clustered_6,200,3,0.0004340336957534
clustered_6,200,4,-0.0034703689149822
clustered_6,200,5,-0.004755679079688
clustered_6,300,1,-0.0184402616965086
clustered_6,300,2,-0.0047945183341274
clustered_6,300,3,-0.0013018050147489
clustered_6,300,4,0.0171046935540388
clustered_6,300,5,0.007374022117549
clustered_6,400,1,0.0023861748470008
clustered_6,400,2,-0.0011118688372222
clustered_6,400,3,-0.0021436919318776
clustered_6,400,4,-0.0053088882017597
clustered_6,400,5,-0.0075229644833097
clustered_6,500,1,-0.0063525800578091
clustered_6,500,2,-0.0060760673938693
clustered_6,500,3,0.0131391872148713
clustered_6,500,4,0.0140440977958168
clustered_6,500,5,0.0146280485918417
clustered_6,600,1,-0.0022406392096696
clustered_6,600,2,0.0005736513153558
clustered_6,600,3,-0.0033721036961395
clustered_6,600,4,0.00035490487892
clustered_6,600,5,-0.0010208565281202
clustered_7,0,1,-0.0153872053872053
clustered_7,0,2,-0.0127428127428127
clustered_7,0,3,-0.0099528619528619
clustered_7,0,4,0.0229982754372998
clustered_7,0,5,0.0098139868631671
clustered_7,100,1,-0.0288977824063596
clustered_7,100,2,-0.0149577066189488
clustered_7,100,3,-0.0137399646720687
clustered_7,100,4,-0.0191431645704756
clustered_7,100,5,-0.0202390526394385
clustered_7,200,1,-0.0242382299671708
clustered_7,200,2,-0.0001068451040055
clustered_7,200,3,0.0240654343116832
clustered_7,200,4,0.0221949285647974
clustered_7,200,5,0.014446434181079
clustered_7,300,1,0.0201771137739597
clustered_7,300,2,-0.0101461081574658
clustered_7,300,3,0.0081217846597148
clustered_7,300,4,-0.0077300256665121
clustered_7,300,5,-0.0106562473963913
clustered_7,400,1,-0.0161809037049344
clustered_7,400,2,-0.0169758032559076
clustered_7,400,3,-0.0156941224644455
clustered_7,400,4,-0.0133031953543115
clustered_7,400,5,-0.00998770596361
clustered_7,500,1,-0.0078445288865766
clustered_7,500,2,-0.0073328999837415
clustered_7,500,3,-0.0085252396719566
clustered_7,500,4,-0.0062726660762155
clustered_7,500,5,-0.0074371403897272
clustered_7,600,1,0.0477442726390206
clustered_7,600,2,0.0286695684316087
clustered_7,600,3,0.0360430835347303
clustered_7,600,4,0.0194516874400939
clustered_7,600,5,0.0145768449641575
clustered_8,0,1,-0.0153872053872053
clustered_8,0,2,-0.0127428127428127
clustered_8,0,3,-0.0099528619528619
clustered_8,0,4,0.0229982754372998
clustered_8,0,5,0.0098139868631671
clustered_8,100,1,-0.0247886751073729
clustered_8,100,2,-0.0199228682737533
clustered_8,100,3,0.0030520949051945
clustered_8,100,4,0.0010079927818086
clustered_8,100,5,-0.003578523488195
clustered_8,200,1,0.0326438282193429
clustered_8,200,2,0.0122355659143309
clustered_8,200,3,0.0223335434596871
clustered_8,200,4,0.0258405846683397
clustered_8,200,5,0.0272139567912564
clustered_8,300,1,-0.0119963635325
clustered_8,300,2,-0.0224748280541711
clustered_8,300,3,-0.0150101520438487
clustered_8,300,4,-0.0135555649840636
clustered_8,300,5,-0.0149497509320031
clustered_8,400,1,-0.0120078734804465
clustered_8,400,2,-0.0146409601950976
clustered_8,400,3,-0.0134366714933746
clustered_8,400,4,-0.0116731245834606
clustered_8,400,5,-0.0052745953860171
clustered_8,500,1,-0.0071535926044885
clustered_8,500,2,-0.0005399583068092
clustered_8,500,3,-0.0020696960297558
clustered_8,500,4,-0.0015575745517728
clustered_8,500,5,-0.0019867879288882
clustered_8,600,1,0.0916335388071559
clustered_8,600,2,0.0375014329430337
clustered_8,600,3,0.0185302915988646
clustered_8,600,4,0.0080534692747192
clustered_8,600,5,0.0041688860818914
clustered_9,0,1,-0.0153872053872053
clustered_9,0,2,-0.0127428127428127
clustered_9,0,3,-0.0099528619528619
clustered_9,0,4,0.0229982754372998
clustered_9,0,5,0.0098139868631671
clustered_9,100,1,-0.0189114117539504
clustered_9,100,2,-0.0241738372841907
clustered_9,100,3,-0.0152349253028919
clustered_9,100,4,-0.0102597426763673
clustered_9,100,5,-0.0071942021736148
clustered_9,200,1,-0.0163398464421729
clustered_9,200,2,-0.023915138477964
clustered_9,200,3,-0.0147129865116965
clustered_9,200,4,-0.0034633056672689
clustered_9,200,5,-0.0026877406233445
clustered_9,300,1,-0.0285674929578483
clustered_9,300,2,0.0316233152331531
clustered_9,300,3,0.0264919571147323
clustered_9,300,4,0.0285469740506768
clustered_9,300,5,0.0127558760690942
clustered_9,400,1,-0.0054140106501746
clustered_9,400,2,-0.0066875378065412
clustered_9,400,3,-0.0061663429423052
clustered_9,400,4,0.0056101415804187
clustered_9,400,5,0.003440802015428
clustered_9,500,1,-0.0112473979260301
clustered_9,500,2,-0.0052651291158678
clustered_9,500,3,-0.0058445142266564
clustered_9,500,4,-0.0081178800868658
clustered_9,500,5,-0.0069086650798497
clustered_9,600,1,-0.0141002498682989
clustered_9,600,2,-0.0179513743827131
clustered_9,600,3,-0.0134957456788741
clustered_9,600,4,-0.014783126676679
clustered_9,600,5,-0.0153069386316757
clustered_10,0,1,-0.0153872053872053
clustered_10,0,2,-0.0127428127428127
clustered_10,0,3,-0.0099528619528619
clustered_10,0,4,0.0229982754372998
clustered_10,0,5,0.0098139868631671
clustered_10,100,1,-0.0127950678725164
clustered_10,100,2,-0.0158784416808446
clustered_10,100,3,-0.0005872193793497
clustered_10,100,4,-0.0018212239571795
clustered_10,100,5,-0.0080649469481358
clustered_10,200,1,0.0271912535882556
clustered_10,200,2,0.0059516850249641
clustered_10,200,3,-0.0063573252647588
clustered_10,200,4,-0.0001882432618719
clustered_10,200,5,-0.001127511149931
clustered_10,300,1,-0.0149285120180636
clustered_10,300,2,0.0012469944636683
clustered_10,300,3,-0.0025771048010142
clustered_10,300,4,0.0085064417689815
clustered_10,300,5,0.0032697807970286
clustered_10,400,1,0.0160338434754661
clustered_10,400,2,0.0420644492490101
clustered_10,400,3,0.0283677142919017
clustered_10,400,4,0.0179155974268465
clustered_10,400,5,0.0146839746346717
clustered_10,500,1,-0.010854439800033
clustered_10,500,2,-0.0101637336747197
clustered_10,500,3,-0.0089766903837258
clustered_10,500,4,-0.0065685551217811
clustered_10,500,5,-0.0065760132893981
clustered_10,600,1,-0.0193020301525174
clustered_10,600,2,-0.0219046228554248
clustered_10,600,3,-0.0196378506761681
clustered_10,600,4,-0.000825748773386
clustered_10,600,5,-0.0058781174397531
clustered_11,0,1,-0.0153872053872053
clustered_11,0,2,-0.0127428127428127
clustered_11,0,3,-0.0099528619528619
clustered_11,0,4,0.0229982754372998
clustered_11,0,5,0.0098139868631671
clustered_11,100,1,-0.0053581984556621
clustered_11,100,2,-0.0068278762949486
clustered_11,100,3,-0.0115649978262575
clustered_11,100,4,-0.0068993335197689
clustered_11,100,5,-0.004288023757997
clustered_11,200,1,0.0047324214186398
clustered_11,200,2,-0.0005332301789537
clustered_11,200,3,-0.0048018805659211
clustered_11,200,4,-0.0045239648516698
clustered_11,200,5,-0.000450061022731
clustered_11,300,1,0.0277649722473431
clustered_11,300,2,0.0126222270527614
clustered_11,300,3,0.004114538026787
clustered_11,300,4,0.0017517402688562
clustered_11,300,5,-0.0012151193801121
clustered_11,400,1,-0.0242750390548696
clustered_11,400,2,-0.0177004422630682
clustered_11,400,3,-0.0154627822206871
clustered_11,400,4,-0.0141742382463936
clustered_11,400,5,-0.0121903498544713
clustered_11,500,1,-0.0083189282190046
clustered_11,500,2,-0.0094876931639208
clustered_11,500,3,-0.0067415478253954
clustered_11,500,4,-0.0065127223253448
clustered_11,500,5,-0.0073484510285011
clustered_11,600,1,-0.0090010130838615
clustered_11,600,2,-0.0047359493414398
clustered_11,600,3,-0.0041475798856561
clustered_11,600,4,-0.0042646055356922
clustered_11,600,5,-0.0019881327347799
clustered_12,0,1,-0.0153872053872053
clustered_12,0,2,-0.0127428127428127
clustered_12,0,3,-0.0099528619528619
clustered_12,0,4,0.0229982754372998
clustered_12,0,5,0.0098139868631671
clustered_12,100,1,-0.029160801131323
clustered_12,100,2,-0.0264188079888439
clustered_12,100,3,-0.0257029970505081
clustered_12,100,4,-0.0216869730091203
clustered_12,100,5,-0.0210761929305991
clustered_12,200,1,-0.019146888408555
clustered_12,200,2,-0.0036643917759787
clustered_12,200,3,-0.0043118620686412
clustered_12,200,4,0.0088582313846776
clustered_12,200,5,0.0060188970570824
clustered_12,300,1,-0.0371827460134189
clustered_12,300,2,-0.0104739390771574
clustered_12,300,3,-0.0028421884342583
clustered_12,300,4,-0.011001729296167
clustered_12,300,5,-0.0157372368523009
clustered_12,400,1,-0.0210587456305381
clustered_12,400,2,-0.0182770864758889
clustered_12,400,3,-0.0181258207058803
clustered_12,400,4,-0.0185388649329116
clustered_12,400,5,-0.0188486911104944
clustered_12,500,1,-0.0122275968411947
clustered_12,500,2,-0.0056648026090751
clustered_12,500,3,-0.004216498608197
clustered_12,500,4,-0.0040636557993243
clustered_12,500,5,-0.0053653888509824
clustered_12,600,1,-0.0032397885217124
clustered_12,600,2,0.0209865144042146
clustered_12,600,3,0.0415572986557728
clustered_12,600,4,0.0398188884140554
clustered_12,600,5,0.0255770547608877
clustered_13,0,1,-0.0153872053872053
clustered_13,0,2,-0.0127428127428127
clustered_13,0,3,-0.0099528619528619
clustered_13,0,4,0.0229982754372998
clustered_13,0,5,0.0098139868631671
clustered_13,100,1,-0.0388967630125459
clustered_13,100,2,-0.0126129878103922
clustered_13,100,3,-0.0079882935786406
clustered_13,100,4,-0.0102514257739607
clustered_13,100,5,-0.0077830533569925
clustered_13,200,1,0.0308891225994695
clustered_13,200,2,0.0276690330857242
clustered_13,200,3,0.0180807936787173
clustered_13,200,4,0.0122809689210393
clustered_13,200,5,0.0178910748765856
clustered_13,300,1,-0.0305312642269649
clustered_13,300,2,-0.0171384680137599
clustered_13,300,3,-0.01705721223778
clustered_13,300,4,-0.0229167887763777
clustered_13,300,5,-0.0206622976650997
clustered_13,400,1,-0.0170127179070189
clustered_13,400,2,-0.0041991071664178
clustered_13,400,3,-0.0049721031947833
clustered_13,400,4,-0.0035250345549238
clustered_13,400,5,0.0051393296266848
clustered_13,500,1,0.0877517718776913
clustered_13,500,2,0.0235953622311798
clustered_13,500,3,0.0072000435430828
clustered_13,500,4,0.0013654294013118
clustered_13,500,5,0.0072171980996248
clustered_13,600,1,-0.0223255130411099
clustered_13,600,2,-0.019810625083821
clustered_13,600,3,-0.017741698238982
clustered_13,600,4,-0.0174700006112861
clustered_13,600,5,-0.0166428584277282
clustered_14,0,1,-0.0153872053872053
clustered_14,0,2,-0.0127428127428127
clustered_14,0,3,-0.0099528619528619
clustered_14,0,4,0.0229982754372998
clustered_14,0,5,0.0098139868631671
clustered_14,100,1,-0.032716136412139
clustered_14,100,2,-0.0258845778028751
clustered_14,100,3,-0.0220441537966911
clustered_14,100,4,-0.0192787061921087
clustered_14,100,5,-0.0137827932264262
clustered_14,200,1,-0.0079251891064984
clustered_14,200,2,0.000377053402056
clustered_14,200,3,0.0036404791477929
clustered_14,200,4,0.0066832047998926
clustered_14,200,5,0.0070045420639755
clustered_14,300,1,-0.0118199293320232
clustered_14,300,2,-0.0075148998505551
clustered_14,300,3,0.0148533074334653
clustered_14,300,4,0.0153100332216656
clustered_14,300,5,0.0121150556392914
clustered_14,400,1,-0.0400365838653259
clustered_14,400,2,0.0044963522831625
clustered_14,400,3,-0.0133219037304061
clustered_14,400,4,-0.0198841450839591
clustered_14,400,5,-0.0191027634056694
clustered_14,500,1,0.0058696924992594
clustered_14,500,2,0.0068291657181109
clustered_14,500,3,0.0022333367254688
clustered_14,500,4,0.0007920675225476
clustered_14,500,5,0.009137535277572
clustered_14,600,1,-0.0071421021980676
clustered_14,600,2,-0.0105162366077938
clustered_14,600,3,-0.0092576829854461
clustered_14,600,4,-0.0103527593978103
clustered_14,600,5,-0.0095760738284915
clustered_15,0,1,-0.0153872053872053
clustered_15,0,2,-0.0127428127428127
clustered_15,0,3,-0.0099528619528619
clustered_15,0,4,0.0229982754372998
clustered_15,0,5,0.0098139868631671
clustered_15,100,1,-0.023232224642991
clustered_15,100,2,-0.0295158499287649
clustered_15,100,3,-0.0302816145338605
clustered_15,100,4,-0.0245676213278847
clustered_15,100,5,-0.0165676796921365
clustered_15,200,1,0.0027821442021461
clustered_15,200,2,0.0248662683257675
clustered_15,200,3,0.0139037031214442
clustered_15,200,4,0.0104963293595992
clustered_15,200,5,0.0137026880361985
clustered_15,300,1,-0.0214477682853548
clustered_15,300,2,-0.028509974042547
clustered_15,300,3,-0.0271666373743465
clustered_15,300,4,-0.0260649801319574
clustered_15,300,5,-0.0263261963624891
clustered_15,400,1,-0.0042537634682874
clustered_15,400,2,-0.0015153816161521
clustered_15,400,3,0.0152835415453277
clustered_15,400,4,0.0282179799344402
clustered_15,400,5,0.0253140903383987
clustered_15,500,1,-0.003345027191426
clustered_15,500,2,-0.0049781270610839
clustered_15,500,3,-0.0026601777892713
clustered_15,500,4,-0.0046509306621184
clustered_15,500,5,-0.0040196725940829
clustered_15,600,1,-0.0032062332524939
clustered_15,600,2,-0.0044290323205278
clustered_15,600,3,-0.0047467170163076
clustered_15,600,4,-0.0063104538547166
clustered_15,600,5,-0.0083146922170639
clustered_16,0,1,-0.0153872053872053
clustered_16,0,2,-0.0127428127428127
clustered_16,0,3,-0.0099528619528619
clustered_16,0,4,0.0229982754372998
clustered_16,0,5,0.0098139868631671
clustered_16,100,1,-0.0215728171303616
clustered_16,100,2,-0.0038259688097188
clustered_16,100,3,-0.0098685901215582
clustered_16,100,4,-0.0139131891968427
clustered_16,100,5,-0.0160571992363152
clustered_16,200,1,0.0033336484686047
clustered_16,200,2,-0.0007514356938917
clustered_16,200,3,0.0019959746694983
clustered_16,200,4,-0.0006766301258121
clustered_16,200,5,0.0020117716908926
clustered_16,300,1,-0.0030970656196118
clustered_16,300,2,-0.009460889004347
clustered_16,300,3,-0.0115021644110151
clustered_16,300,4,-0.0085407343281216
clustered_16,300,5,-0.0142869793016328
clustered_16,400,1,-0.0213119459469303
clustered_16,400,2,-0.0208279383051157
clustered_16,400,3,-0.0178961859949875
clustered_16,400,4,-0.0085593232705665
clustered_16,400,5,-0.0065611721129847
clustered_16,500,1,-0.0159991812509086
clustered_16,500,2,-0.014153450731731
clustered_16,500,3,-0.0106082259180965
clustered_16,500,4,-0.0078868414794863
clustered_16,500,5,-0.0079952090768487
clustered_16,600,1,-0.0207492053426508
clustered_16,600,2,0.0109544536593235
clustered_16,600,3,-0.0028778712515985
clustered_16,600,4,0.0015237703872322
clustered_16,600,5,0.002454066231973
clustered_17,0,1,-0.0153872053872053
clustered_17,0,2,-0.0127428127428127
clustered_17,0,3,-0.0099528619528619
clustered_17,0,4,0.0229982754372998
clustered_17,0,5,0.0098139868631671
clustered_17,100,1,-0.0162968042751627
clustered_17,100,2,-0.0187754864915614
clustered_17,100,3,-0.0142191349753614
clustered_17,100,4,-0.0147692706575797
clustered_17,100,5,-0.0090377922116555
clustered_17,200,1,-0.0224384202633849
clustered_17,200,2,0.0096671996879989
clustered_17,200,3,0.0020259683917161
clustered_17,200,4,-0.0016743195719232
clustered_17,200,5,0.0035583432373714
clustered_17,300,1,-0.0001176508357063
clustered_17,300,2,-0.0007643685283812
clustered_17,300,3,0.0246602632358149
clustered_17,300,4,0.0157863156790653
clustered_17,300,5,0.0123356405492903
clustered_17,400,1,-0.0075451135111048
clustered_17,400,2,-0.0177010298458457
clustered_17,400,3,0.0423372291265863
clustered_17,400,4,0.0341880062474253
clustered_17,400,5,0.0195343509869611
clustered_17,500,1,-0.0112266092317689
clustered_17,500,2,-0.0019672405203208
clustered_17,500,3,-0.0057732363376435
clustered_17,500,4,-0.0047970671064917
clustered_17,500,5,-0.0047905079097905
clustered_17,600,1,0.0188191500140703
clustered_17,600,2,0.0020505523457432
clustered_17,600,3,0.0025943540896401
clustered_17,600,4,1.515567092131514e-05
clustered_17,600,5,0.0005522520041621
clustered_18,0,1,-0.0153872053872053
clustered_18,0,2,-0.0127428127428127
clustered_18,0,3,-0.0099528619528619
clustered_18,0,4,0.0229982754372998
clustered_18,0,5,0.0098139868631671
clustered_18,100,1,-0.0230833000133449
clustered_18,100,2,-0.0260242291140404
clustered_18,100,3,-0.0226186025034902
clustered_18,100,4,-0.0120330761099476
clustered_18,100,5,-0.0086031734469679
clustered_18,200,1,0.0016510297127894
clustered_18,200,2,-0.0012262255052779
clustered_18,200,3,-0.0069529912119916
clustered_18,200,4,-0.0069645337894376
clustered_18,200,5,-0.0060731004492929
clustered_18,300,1,-0.023854855901278
clustered_18,300,2,-0.0241357503733673
clustered_18,300,3,-0.0189662029685207
clustered_18,300,4,-0.0152391663067481
clustered_18,300,5,-0.0096220150755693
clustered_18,400,1,-0.0206374797046894
clustered_18,400,2,-0.0168254407483952
clustered_18,400,3,-0.0044944572943978
clustered_18,400,4,-0.009400027475117
clustered_18,400,5,-0.0122988429557443
clustered_18,500,1,0.0019543064699659
clustered_18,500,2,-0.003560535392749
clustered_18,500,3,-0.0064742361586976
clustered_18,500,4,-0.0074992140214745
clustered_18,500,5,-0.0076303970128836
clustered_18,600,1,-0.0099673302817369
clustered_18,600,2,-0.0105542745533617
clustered_18,600,3,-0.0116694553559743
clustered_18,600,4,-0.0107454673845859
clustered_18,600,5,-0.0082258418427986
clustered_19,0,1,-0.0153872053872053
clustered_19,0,2,-0.0127428127428127
clustered_19,0,3,-0.0099528619528619
clustered_19,0,4,0.0229982754372998
clustered_19,0,5,0.0098139868631671
clustered_19,100,1,-0.0260659746422007
clustered_19,100,2,-0.0146073053485273
clustered_19,100,3,-0.0055199245466506
clustered_19,100,4,-0.0094539689025333
clustered_19,100,5,-0.0096641911665527
clustered_19,200,1,0.0008627950650008
clustered_19,200,2,0.0007488634772006
clustered_19,200,3,-0.002626527059614
clustered_19,200,4,-0.0014507447765296
clustered_19,200,5,-0.0034044801364347
clustered_19,300,1,-0.0150513560976579
clustered_19,300,2,-0.0234084578052856
clustered_19,300,3,-0.0271548855355707
clustered_19,300,4,-0.0176285028178951
clustered_19,300,5,-0.0147409677732467
clustered_19,400,1,-0.0047287087314999
clustered_19,400,2,-0.0063658710628476
clustered_19,400,3,-0.0052806907885059
clustered_19,400,4,-0.0043690221647833
clustered_19,400,5,-0.0016206040775564
clustered_19,500,1,0.007279731142635
clustered_19,500,2,0.0009011625410996
clustered_19,500,3,-0.0025870700654414
clustered_19,500,4,-0.005379889843585
clustered_19,500,5,-0.0057597643922754
clustered_19,600,1,0.0056825668059157
clustered_19,600,2,0.0152879311819512
clustered_19,600,3,0.0101453694757562
clustered_19,600,4,0.0271075135390797
clustered_19,600,5,0.0198578744736783
clustered_20,0,1,-0.0153872053872053
clustered_20,0,2,-0.0127428127428127
clustered_20,0,3,-0.0099528619528619
clustered_20,0,4,0.0229982754372998
clustered_20,0,5,0.0098139868631671
clustered_20,100,1,-0.0285083788903691
clustered_20,100,2,-0.0208498980712069
clustered_20,100,3,-0.0220495970466124
clustered_20,100,4,-0.0198126718357418
clustered_20,100,5,-0.018433568407114
clustered_20,200,1,0.0031975549657285
clustered_20,200,2,0.0115155468983294
clustered_20,200,3,0.0152219514781672
clustered_20,200,4,0.0058602345658039
clustered_20,200,5,0.0007457444261175
clustered_20,300,1,0.0232013094507857
clustered_20,300,2,0.02762249854026
clustered_20,300,3,0.0012210739060608
clustered_20,300,4,-0.009338434014849
clustered_20,300,5,-0.0108518694811662
clustered_20,400,1,-0.0051674371893585
clustered_20,400,2,-0.0118323062014721
clustered_20,400,3,-0.0093003144542478
clustered_20,400,4,-0.0091468016582764
clustered_20,400,5,-0.0071108135037957
clustered_20,500,1,-0.0040818662062881
clustered_20,500,2,0.0062728558463003
clustered_20,500,3,0.0002820139555701
clustered_20,500,4,-0.0022817400293481
clustered_20,500,5,-0.0045525505753259
clustered_20,600,1,0.0096467076004404
clustered_20,600,2,0.0010915018342321
clustered_20,600,3,0.0112474052555793
clustered_20,600,4,0.0037410975814226
clustered_20,600,5,0.0004240043578106
