filename,r,type_id,mae,mdae
random_1,1,0,0.626858521240814,0.7092816834721777
random_1,2,0,0.638291201898344,0.7092816834721777
random_1,3,0,0.5927188308121245,0.5999569926797076
random_1,4,0,0.49414003670275597,0.48764129007440105
random_1,5,0,0.5179406538679465,0.5157329530739226
random_1,1,1,0.596230296136042,0.6426209302681207
random_1,2,1,0.6626041744834777,0.7092816834721777
random_1,3,1,0.6152026519415461,0.6574652193276889
random_1,4,1,0.5362310804053666,0.5717790543939565
random_1,5,1,0.5407757552987386,0.6166408913429954
random_1,1,2,0.6312754185608086,0.6999708267484521
random_1,2,2,0.6505778761502156,0.7092816834721777
random_1,3,2,0.5992494419723556,0.5617446440385496
random_1,4,2,0.5177075850092554,0.39596354185070864
random_1,5,2,0.5386235073334744,0.4690122161358201
random_1,1,3,0.617304951910772,0.6844034053289448
random_1,2,3,0.6529704417071058,0.7092816834721777
random_1,3,3,0.5988613191664789,0.5734838111317522
random_1,4,3,0.5128182024988007,0.44437602811403687
random_1,5,3,0.5430669401156706,0.49864740191590506
random_1,1,4,0.5646002844097786,0.6420793430410254
random_1,2,4,0.6196709652807447,0.684049473045318
random_1,3,4,0.5628094232118133,0.5828620447245143
random_1,4,4,0.5125178933588104,0.5451948006763273
random_1,5,4,0.5590926435849872,0.6079020889523724
random_1,1,5,0.5316958137987525,0.4754126763743588
random_1,2,5,0.6277295594252076,0.7092816834721777
random_1,3,5,0.606390147172952,0.6011611350817531
random_1,4,5,0.5224878706563162,0.5104416740488094
random_1,5,5,0.5532830538456264,0.5526659122686648
random_1,1,6,0.47277333881093025,0.5705086975885585
random_1,2,6,0.5335390409733757,0.6394580062356316
random_1,3,6,0.4420256298730451,0.5150461813583812
random_1,4,6,0.4083490169482389,0.44215823989404174
random_1,5,6,0.47513843975707204,0.47886095223642766
random_1,1,7,0.49041274126463097,0.38662562755116714
random_1,2,7,0.5486723265854853,0.6394580062356316
random_1,3,7,0.46826100048986086,0.41603664789911754
random_1,4,7,0.3928746012266905,0.3429803051837506
random_1,5,7,0.4956234802653124,0.41409664458150114
random_1,1,8,0.7165914938591186,0.7933041600817854
random_1,2,8,0.7165914938591186,0.7933041600817854
random_1,3,8,0.5140155780677703,0.5468412478029302
random_1,4,8,0.41029895611454137,0.3242498856766841
random_1,5,8,0.42973938420072,0.5057398204946063
random_2,1,0,0.5808241660126732,0.656704147452972
random_2,2,0,0.45831771435492563,0.4590382120824978
random_2,3,0,0.4613267241799303,0.543931549475728
random_2,4,0,0.3769949535430143,0.4525124009970072
random_2,5,0,0.38619160406334074,0.4265654696441016
random_2,1,1,0.5482787328628662,0.5479940558627123
random_2,2,1,0.44033934065902414,0.39332976719306
random_2,3,1,0.43935528427922155,0.4122307208219085
random_2,4,1,0.3597218166509583,0.30675010333532493
random_2,5,1,0.3780891915304204,0.3141123858497815
random_2,1,2,0.6172958836095299,0.6865689983228975
random_2,2,2,0.5071850226800351,0.44617035319300935
random_2,3,2,0.48934797122475104,0.5129347375150839
random_2,4,2,0.43073039596195717,0.42102780477305335
random_2,5,2,0.43353342395013283,0.40227127730248546
random_2,1,3,0.5034585127647065,0.5052711254841309
random_2,2,3,0.4398135587846313,0.3535244856081193
random_2,3,3,0.4832833337581145,0.5216148766854534
random_2,4,3,0.4157810969713155,0.42954466603526065
random_2,5,3,0.4282275280090675,0.4768649302301096
random_2,1,4,0.5693031603942704,0.5448291474529721
random_2,2,4,0.4220269090646869,0.3782620128080072
random_2,3,4,0.4242416412976081,0.3995346353371987
random_2,4,4,0.37321449494679076,0.37199954771664234
random_2,5,4,0.3969104310232841,0.4129343810798123
random_2,1,5,0.5206625202856155,0.4134005760244006
random_2,2,5,0.46743866789829486,0.40273813628710814
random_2,3,5,0.48813139227658414,0.5718951526752459
random_2,4,5,0.43037151580128463,0.4541967363857783
random_2,5,5,0.45647716364605795,0.4812059590471748
random_2,1,6,0.42509750545668684,0.3469390740051922
random_2,2,6,0.369262341516025,0.39987375511083256
random_2,3,6,0.3935970578055221,0.3214358121537936
random_2,4,6,0.3142440265463397,0.28949261114954494
random_2,5,6,0.3138090148564922,0.1933806765865237
random_2,1,7,0.4317280073773657,0.3638447489726684
random_2,2,7,0.32975216761197257,0.1712671511319125
random_2,3,7,0.40055292562126893,0.4310409585601824
random_2,4,7,0.35793856980173183,0.3745045019383758
random_2,5,7,0.3644348740727325,0.4015137245997723
random_2,1,8,0.7532870172046515,0.8180916383046438
random_2,2,8,0.7532870172046515,0.8180916383046438
random_2,3,8,0.2583776537817313,0.2539242537546903
random_2,4,8,0.22945543270634192,0.10019091017181081
random_2,5,8,0.2452719274068369,0.12882759383464648
random_3,1,0,0.5930172048702106,0.680550890161761
random_3,2,0,0.5081251850639285,0.6213874928651552
random_3,3,0,0.5334834156131417,0.6270227108031019
random_3,4,0,0.5429096005997103,0.6830185444776415
random_3,5,0,0.48306006226692094,0.5823225601628447
random_3,1,1,0.5692635798360085,0.6106083589599474
random_3,2,1,0.54192545405001,0.46876443761820075
random_3,3,1,0.5719751199792493,0.5009344176862458
random_3,4,1,0.5734025131105079,0.5616962804358953
random_3,5,1,0.5139036014929449,0.47072446879943536
random_3,1,2,0.6353437550500061,0.6532657250352649
random_3,2,2,0.5214643204503822,0.6163426028816652
random_3,3,2,0.5454082281797599,0.6439831431496612
random_3,4,2,0.559732166179713,0.6812726266207079
random_3,5,2,0.508722962992328,0.6255919214598997
random_3,1,3,0.6085688375279591,0.7047975936868301
random_3,2,3,0.5354008934198863,0.6049541547028507
random_3,3,3,0.5604692643284963,0.6371241347708958
random_3,4,3,0.5588809731095113,0.6970039860351454
random_3,5,3,0.5161524598571118,0.6069141858840854
random_3,1,4,0.577976671178353,0.6764879932845199
random_3,2,4,0.5460998833576898,0.5687039529089724
random_3,3,4,0.5432225940080349,0.6247711180670465
random_3,4,4,0.5202051642346663,0.5668184527874459
random_3,5,4,0.4945675486819654,0.532254917517384
random_3,1,5,0.5697137178948704,0.5648054039785586
random_3,2,5,0.5060850972609025,0.5751426950270859
random_3,3,5,0.5586985364270788,0.6558010168081642
random_3,4,5,0.5614623289095002,0.6860186625253285
random_3,5,5,0.509073063072454,0.6338789378706775
random_3,1,6,0.7374405671320587,0.803318747304618
random_3,2,6,0.4971551167301085,0.5039063701484301
random_3,3,6,0.46252213537569475,0.3471334463066007
random_3,4,6,0.38926743440118255,0.4360592621472781
random_3,5,6,0.34703357983987887,0.30827752876140524
random_3,1,7,0.7374405671320587,0.803318747304618
random_3,2,7,0.7374405671320587,0.803318747304618
random_3,3,7,0.7374405671320587,0.803318747304618
random_3,4,7,0.469377176206202,0.5066415321147446
random_3,5,7,0.43602104748865655,0.46087598575678923
random_3,1,8,0.7374405671320587,0.803318747304618
random_3,2,8,0.4971551167301085,0.5039063701484301
random_3,3,8,0.5083577366279132,0.5724737078748994
random_3,4,8,0.5045397563857792,0.5327085558083506
random_3,5,8,0.454249279329398,0.46009010833129826
random_4,1,0,0.5788179653784722,0.5737467522468228
random_4,2,0,0.5089758334934129,0.567499658332976
random_4,3,0,0.5059618196190437,0.6379879892068208
random_4,4,0,0.4739073108963388,0.5978651764886651
random_4,5,0,0.42550885381571685,0.5933824671917861
random_4,1,1,0.5443437876291648,0.567499658332976
random_4,2,1,0.48249969503037005,0.46117851055851333
random_4,3,1,0.459781991075823,0.5292017562866769
random_4,4,1,0.4617316768484197,0.5536741761613957
random_4,5,1,0.4123880355146573,0.47772014375399485
random_4,1,2,0.6156120917336448,0.6294983517954795
random_4,2,2,0.5350739389006965,0.5178134294027086
random_4,3,2,0.5303829656998565,0.5796776683584491
random_4,4,2,0.5128885994927189,0.6213124703040848
random_4,5,2,0.4744991753035964,0.5376858488735137
random_4,1,3,0.5933653936722441,0.5856279460328371
random_4,2,3,0.5394117892163774,0.5737814971235907
random_4,3,3,0.5215282214758209,0.6418047428517544
random_4,4,3,0.5079385705097882,0.666277162726473
random_4,5,3,0.4790033835656515,0.5903231303190722
random_4,1,4,0.5454955804738607,0.567499658332976
random_4,2,4,0.5222791698066329,0.43648183387528444
random_4,3,4,0.48268324733270823,0.4780658938134498
random_4,4,4,0.4605613691675493,0.6015411665571218
random_4,5,4,0.4721627587175633,0.6265347209124715
random_4,1,5,0.49732063720482855,0.5324369475761812
random_4,2,5,0.5049124421894273,0.5344854636393499
random_4,3,5,0.5045408310690696,0.5902751944946197
random_4,4,5,0.4975766989585473,0.6327618600465885
random_4,5,5,0.46303980049924387,0.5653987334851454
random_4,1,6,0.7264880994726102,0.8296578774324532
random_4,2,6,0.43283951530753106,0.3797800205879618
random_4,3,6,0.47993770724927426,0.432500341667024
random_4,4,6,0.341568582336285,0.3919963137329804
random_4,5,6,0.327760625791129,0.2829810856041787
random_4,1,7,0.7264880994726102,0.8296578774324532
random_4,2,7,0.7264880994726102,0.8296578774324532
random_4,3,7,0.7264880994726102,0.8296578774324532
random_4,4,7,0.45410689817078786,0.5048710932744265
random_4,5,7,0.46360724810611553,0.4424896969494756
random_4,1,8,0.7264880994726102,0.8296578774324532
random_4,2,8,0.7264880994726102,0.8296578774324532
random_4,3,8,0.4529925145526152,0.3930560029211441
random_4,4,8,0.3985821568932766,0.3744854636393498
random_4,5,8,0.34495586279307466,0.3170412974050535
random_5,1,0,0.6079523149413175,0.6213989426159274
random_5,2,0,0.7098384101683738,0.8231979949504602
random_5,3,0,0.6111917126211184,0.6897972158828034
random_5,4,0,0.466347620136973,0.5223598888410605
random_5,5,0,0.39621530849654935,0.42994413146527155
random_5,1,1,0.49890012353415814,0.5039136465655906
random_5,2,1,0.7124160923646332,0.7953770611997368
random_5,3,1,0.6196527596542257,0.6534046560801849
random_5,4,1,0.518790598476624,0.5473915009806929
random_5,5,1,0.4290425928659304,0.447205106771129
random_5,1,2,0.5967295633093516,0.5995472758458691
random_5,2,2,0.7023964157708799,0.7859984718228984
random_5,3,2,0.6038972905825664,0.5856051367376706
random_5,4,2,0.4788634710627191,0.5336173035643295
random_5,5,2,0.40293436249828674,0.4100238786879751
random_5,1,3,0.5684400029558678,0.4998732425251865
random_5,2,3,0.7072544044970304,0.7966244164600039
random_5,3,3,0.6211024017742317,0.6584119126619601
random_5,4,3,0.4953003988528441,0.5425077694462124
random_5,5,3,0.41817246667041436,0.4046241145840006
random_5,1,4,0.5068360620988328,0.5383148248170789
random_5,2,4,0.6589906011547724,0.7083452078698578
random_5,3,4,0.587346191279208,0.6019296204644302
random_5,4,4,0.4282251883114305,0.39413397648646487
random_5,5,4,0.3608970602063488,0.2910022381739008
random_5,1,5,0.44032881839558075,0.3960711128815785
random_5,2,5,0.6692719392169713,0.6933252849244246
random_5,3,5,0.5967024197460999,0.5862246432493149
random_5,4,5,0.466477598657184,0.49497029185400987
random_5,5,5,0.4029054409231262,0.35059737724416246
random_5,1,6,0.4611429019761911,0.3726287262872628
random_5,2,6,0.6207134268976048,0.6532820251556561
random_5,3,6,0.4700177959520222,0.4936572363091803
random_5,4,6,0.2902992537399258,0.1914142578828354
random_5,5,6,0.2563905003226903,0.09119959801482724
random_5,1,7,0.8023543868239934,0.9039136465655905
random_5,2,7,0.5287168945872776,0.5890988317507757
random_5,3,7,0.4683937693470999,0.48495760260954657
random_5,4,7,0.3976028099074416,0.4085576575532683
random_5,5,7,0.3451516718553294,0.26073358573345684
random_5,1,8,0.4611429019761911,0.3726287262872628
random_5,2,8,0.5249233165908361,0.5890988317507757
random_5,3,8,0.5662635429331513,0.5845032043387919
random_5,4,8,0.3951483713256444,0.36438303714965903
random_5,5,8,0.3007626794104464,0.20722086214081425
random_6,1,0,0.6544017936826845,0.7102806536231341
random_6,2,0,0.5686958222720905,0.6117582633811371
random_6,3,0,0.6427964770157819,0.7541006203942444
random_6,4,0,0.5186532846948885,0.5422372003314557
random_6,5,0,0.49242690530975586,0.49176108271147756
random_6,1,1,0.5722211665981957,0.5074153170772684
random_6,2,1,0.5437687927503801,0.5016961544711018
random_6,3,1,0.6196221076593383,0.7256221494101713
random_6,4,1,0.45655561003823475,0.4540260341738537
random_6,5,1,0.4167446245314358,0.41561684644650787
random_6,1,2,0.6696353701849999,0.7016993891850096
random_6,2,2,0.5866575898197792,0.6079244479228149
random_6,3,2,0.6509849172216061,0.7563245885470511
random_6,4,2,0.5464290937856302,0.5158518251482239
random_6,5,2,0.5226934601164385,0.506287924267706
random_6,1,3,0.6326966134713125,0.6352418470872981
random_6,2,3,0.5434816075470126,0.5131465576265744
random_6,3,3,0.6504778153856731,0.7590819317715172
random_6,4,3,0.5446522896657853,0.5448246412408968
random_6,5,3,0.5097424810391902,0.5069141553328016
random_6,1,4,0.5931059701964585,0.5945476700184449
random_6,2,4,0.4702596996427959,0.422402850552197
random_6,3,4,0.5885437491363413,0.6684090122584514
random_6,4,4,0.5246123080096419,0.642883468835013
random_6,5,4,0.5050680406270963,0.6320967066842271
random_6,1,5,0.5357469654348185,0.5432976700184449
random_6,2,5,0.5439024626429494,0.5494191309040506
random_6,3,5,0.6342022476691714,0.7095214462422211
random_6,4,5,0.5211920178564245,0.5017490106068024
random_6,5,5,0.48366552543783353,0.4311331632146719
random_6,1,6,0.4862175317916736,0.3799643366851115
random_6,2,6,0.5185927133184385,0.46515316645375443
random_6,3,6,0.4933974678746565,0.5838859053125626
random_6,4,6,0.3740982176433038,0.2897193463768659
random_6,5,6,0.3566544107812521,0.28614735668668234
random_6,1,7,0.7711087795073174,0.8934012235955259
random_6,2,7,0.7711087795073174,0.8934012235955259
random_6,3,7,0.450130431936771,0.5432976700184449
random_6,4,7,0.46914632365870546,0.47623400204386923
random_6,5,7,0.4749737161227523,0.44513352832943515
random_6,1,8,0.7711087795073174,0.8934012235955259
random_6,2,8,0.7711087795073174,0.8934012235955259
random_6,3,8,0.5693603379546104,0.6554029331763397
random_6,4,8,0.3781605335746744,0.4113060788871431
random_6,5,8,0.35045554775394205,0.345317019445897
random_7,1,0,0.5946240425180153,0.6785059008020156
random_7,2,0,0.6355740160775705,0.7473750501156
random_7,3,0,0.5600903936125442,0.6770129278010159
random_7,4,0,0.5356763038955903,0.672615774037746
random_7,5,0,0.5465957749579835,0.7110948235111307
random_7,1,1,0.521084966535246,0.5849776211774651
random_7,2,1,0.6410940468488523,0.6883632733618877
random_7,3,1,0.5590611159202759,0.6591069515809507
random_7,4,1,0.5664141196701274,0.6591069515809507
random_7,5,1,0.5725693023687252,0.6591069515809507
random_7,1,2,0.6072994020494678,0.6774394216698562
random_7,2,2,0.6407931179955069,0.7435396963727057
random_7,3,2,0.5692651256997059,0.6517568995462115
random_7,4,2,0.5550624899654694,0.6200701124761343
random_7,5,2,0.5628819107823079,0.676669758285473
random_7,1,3,0.5871948853964497,0.7076056092668946
random_7,2,3,0.6356926516714889,0.7242218592204736
random_7,3,3,0.5748900028903522,0.6432562397227439
random_7,4,3,0.5624186747696095,0.6413111191668763
random_7,5,3,0.5713403549787405,0.6916312472180969
random_7,1,4,0.5533671245000698,0.5810432839097944
random_7,2,4,0.5770286181464462,0.7181597470960639
random_7,3,4,0.524086350731811,0.6371941275983344
random_7,4,4,0.5441225068515074,0.6352490070424668
random_7,5,4,0.570319311020476,0.6855691350936872
random_7,1,5,0.5730873028866631,0.6703604875320984
random_7,2,5,0.6276480076785187,0.7064188289174432
random_7,3,5,0.5564224425742544,0.6414598125240006
random_7,4,5,0.5437240581125748,0.6639440056411572
random_7,5,5,0.5623479660707686,0.6736111038584436
random_7,1,6,0.7196124565533447,0.8211900501263669
random_7,2,6,0.5308781861917228,0.5948212372952364
random_7,3,6,0.36058685736251256,0.45421757306214683
random_7,4,6,0.43228926367139375,0.394559854558469
random_7,5,6,0.44260762767541006,0.4304481867906331
random_7,1,7,0.7196124565533447,0.8211900501263669
random_7,2,7,0.5499927989935757,0.6439188289174433
random_7,3,7,0.5260393842961703,0.6050299400285544
random_7,4,7,0.5290381755253133,0.6250462798978353
random_7,5,7,0.553914095699761,0.6857541865422746
random_7,1,8,0.47066099085488744,0.37674560568192245
random_7,2,8,0.5000716566297969,0.49377076118646235
random_7,3,8,0.4954435678475234,0.5643963000496959
random_7,4,8,0.45373827098964525,0.46348418882260944
random_7,5,8,0.46913312575550287,0.47650401669110143
random_8,1,0,0.5778373442936419,0.6679384030270334
random_8,2,0,0.5266919790158529,0.6358010564229714
random_8,3,0,0.5780079722162488,0.6339789925779017
random_8,4,0,0.34381706294153974,0.3380113921713955
random_8,5,0,0.4153053910233482,0.4227950040440305
random_8,1,1,0.45500584936136007,0.39566128703031744
random_8,2,1,0.47549820034617557,0.3959909290615975
random_8,3,1,0.5544462138248325,0.6438498086777432
random_8,4,1,0.32500036053821607,0.33236332511182703
random_8,5,1,0.4006829524644949,0.40422197254974723
random_8,1,2,0.5926391628535225,0.6134861414348124
random_8,2,2,0.5485548089255329,0.5580934917569706
random_8,3,2,0.5943749584919839,0.6163692051594051
random_8,4,2,0.36829698617806567,0.3518228899508482
random_8,5,2,0.4358160380193848,0.3680288390078756
random_8,1,3,0.553714494839347,0.5357683743052806
random_8,2,3,0.5290586813697029,0.5730824810727636
random_8,3,3,0.591287703474307,0.6614555844455219
random_8,4,3,0.3940233122205435,0.2972736923517775
random_8,5,3,0.45310735687251974,0.3973906980265018
random_8,1,4,0.5017870293984564,0.5374611032707367
random_8,2,4,0.46168619161113245,0.4522493808756865
random_8,3,4,0.5491301897183217,0.6113124634396676
random_8,4,4,0.369528516445921,0.40157643180175284
random_8,5,4,0.43865356090406243,0.4426362439619109
random_8,1,5,0.5112016275216414,0.5009763923454228
random_8,2,5,0.5297942514104653,0.5382904991129058
random_8,3,5,0.5895426965458627,0.6351107643706678
random_8,4,5,0.39511750502504617,0.3702216139953514
random_8,5,5,0.4550064442637557,0.4200944751818634
random_8,1,6,0.7370957956232798,0.8305507219197523
random_8,2,6,0.7370957956232798,0.8305507219197523
random_8,3,6,0.36899382211494836,0.338391186863438
random_8,4,6,0.30060488227189885,0.134697612602782
random_8,5,6,0.3420691087843999,0.28666795490613106
random_8,1,7,0.47777753677868784,0.4028424976700837
random_8,2,7,0.46972330759174075,0.46619595057848434
random_8,3,7,0.4905030643300425,0.4447406601665714
random_8,4,7,0.3657772437779078,0.3992291845493562
random_8,5,7,0.4854138800348175,0.47936109766722956
random_8,1,8,0.7370957956232798,0.8305507219197523
random_8,2,8,0.7370957956232798,0.8305507219197523
random_8,3,8,0.5233262400897177,0.6247622782077327
random_8,4,8,0.3769844338165514,0.3757822643191706
random_8,5,8,0.42487579838672107,0.44843093917372767
random_9,1,0,0.4623496764609135,0.550008872823623
random_9,2,0,0.6222625360330334,0.6753103757387419
random_9,3,0,0.4771999012821159,0.5226280820697096
random_9,4,0,0.43340332222477357,0.42682755894394964
random_9,5,0,0.40185684193833476,0.4593124900347536
random_9,1,1,0.4471207787960736,0.430530709600477
random_9,2,1,0.6267884345261635,0.6857914521873189
random_9,3,1,0.4907806293041961,0.5378335483861182
random_9,4,1,0.4454725639519844,0.4649368553529144
random_9,5,1,0.4081031779091753,0.42551551183159464
random_9,1,2,0.527296949759075,0.5669319366746594
random_9,2,2,0.6310322445459992,0.6623568537673356
random_9,3,2,0.5044235681030069,0.5336703617398403
random_9,4,2,0.4810274991516914,0.43021913621225066
random_9,5,2,0.4566875616955354,0.4323774565517802
random_9,1,3,0.475466831915452,0.4751165432742938
random_9,2,3,0.6312497070245944,0.6790465406918291
random_9,3,3,0.511470255831988,0.5142554068469869
random_9,4,3,0.4773424431288964,0.38384578041622913
random_9,5,3,0.45384691716505926,0.4009605674223313
random_9,1,4,0.46086108308034773,0.403351850108276
random_9,2,4,0.5793570755901749,0.5672180105328308
random_9,3,4,0.3568114757368378,0.3572425360899476
random_9,4,4,0.4255935957516635,0.5017300721687823
random_9,5,4,0.4459423903416721,0.5224226968228132
random_9,1,5,0.4505435235752876,0.4050864292409165
random_9,2,5,0.6305710726330542,0.6790465406918291
random_9,3,5,0.5089289762951177,0.49015765180294024
random_9,4,5,0.43813410079851706,0.36675818315252995
random_9,5,5,0.4317137678448376,0.42717380224625584
random_9,1,6,0.4665334546318847,0.43519350070694235
random_9,2,6,0.5069386165429166,0.5672180105328308
random_9,3,6,0.3661265179852575,0.4321525000755419
random_9,4,6,0.3827966016834508,0.34294427702392466
random_9,5,6,0.3900896301945889,0.30079958675945573
random_9,1,7,0.7022698451709128,0.8048117039661913
random_9,2,7,0.4989799600492646,0.5672180105328308
random_9,3,7,0.39060461218023357,0.3881286653634264
random_9,4,7,0.39241068721243233,0.2839830378582741
random_9,5,7,0.38745478218464263,0.3085271621119349
random_9,1,8,0.7022698451709128,0.8048117039661913
random_9,2,8,0.7022698451709128,0.8048117039661913
random_9,3,8,0.37382496034196677,0.3186067176115159
random_9,4,8,0.3259810288875771,0.3480761373232832
random_9,5,8,0.30554395900118503,0.31957323678914984
random_10,1,0,0.5768008240888308,0.584632367977936
random_10,2,0,0.5669168208529035,0.5372657469109045
random_10,3,0,0.5031353702485397,0.4056775657180489
random_10,4,0,0.3530264958417521,0.18005566543995444
random_10,5,0,0.3611765500993185,0.21560062473731623
random_10,1,1,0.5389918770754731,0.5673375340630131
random_10,2,1,0.5779157143074939,0.5667752251207931
random_10,3,1,0.5146655875758654,0.513624116097788
random_10,4,1,0.3900744269883588,0.4320515976566726
random_10,5,1,0.3891987606980684,0.43113540040480963
random_10,1,2,0.5889069329198201,0.5673375340630131
random_10,2,2,0.5806527113095601,0.5512453382543857
random_10,3,2,0.5203095247122359,0.41725681662317854
random_10,4,2,0.4059204699058321,0.21542790298642384
random_10,5,2,0.411309109142819,0.24496837871263322
random_10,1,3,0.5513898251377528,0.5673375340630131
random_10,2,3,0.5688868821862738,0.5026105762103815
random_10,3,3,0.5326143649220465,0.42975815414145796
random_10,4,3,0.41289004891532904,0.22744982262959063
random_10,5,3,0.4284854892438885,0.2955163482154256
random_10,1,4,0.5212628749855194,0.5673375340630131
random_10,2,4,0.5437789524176355,0.5457681409479089
random_10,3,4,0.4852684447690061,0.5223593100567171
random_10,4,4,0.3881699960789591,0.4252361364629553
random_10,5,4,0.43057730349767964,0.5457681409479089
random_10,1,5,0.505972908583943,0.5673375340630131
random_10,2,5,0.5427302614816684,0.44121131534635705
random_10,3,5,0.4971555554068907,0.35287561122117916
random_10,4,5,0.38056095498654335,0.16995669370789024
random_10,5,5,0.394809441551647,0.22127883747775945
random_10,1,6,0.38754472609328805,0.39684197705826973
random_10,2,6,0.4787693975151902,0.4326624659369869
random_10,3,6,0.374713282782869,0.3457681409479089
random_10,4,6,0.3341682760790372,0.2845970790990858
random_10,5,6,0.3463534052494577,0.3069313219921389
random_10,1,7,0.48793963892634906,0.5377488976045446
random_10,2,7,0.44806936885082443,0.3165018139395147
random_10,3,7,0.39621985267074955,0.29036763202206406
random_10,4,7,0.3640659124718458,0.3938042581745488
random_10,5,7,0.3492385712030764,0.3589492811738732
random_10,1,8,0.661097869554362,0.7096323679779359
random_10,2,8,0.44973414176435855,0.44579266697137493
random_10,3,8,0.4244431857702091,0.40049280296647494
random_10,4,8,0.3392893269273058,0.34968976482491493
random_10,5,8,0.3789491880901207,0.4105120024347614
random_11,1,0,0.4641508270895857,0.5207691476128414
random_11,2,0,0.5372016238409484,0.5129083145244653
random_11,3,0,0.3724815996569563,0.276055839044122
random_11,4,0,0.3824538673882122,0.40944745854518017
random_11,5,0,0.2824492435429933,0.32987792572973895
random_11,1,1,0.4145619976447018,0.4102854419354484
random_11,2,1,0.5404872966913286,0.5678865914558523
random_11,3,1,0.3829096241749812,0.40653274744201345
random_11,4,1,0.42413937517046074,0.42224229975621513
random_11,5,1,0.2928161165801353,0.2300797984851355
random_11,1,2,0.5179618321226922,0.550448349203619
random_11,2,2,0.5575676686168555,0.5082940503097091
random_11,3,2,0.4289492334748652,0.27823410675524946
random_11,4,2,0.44278149901634195,0.38461104554465303
random_11,5,2,0.3883206622131679,0.4554317981994544
random_11,1,3,0.42018426160599237,0.43842061573818863
random_11,2,3,0.5250976778586648,0.43465793186660523
random_11,3,3,0.390431193984707,0.2562617657381705
random_11,4,3,0.4126214139098565,0.34764664363126463
random_11,5,3,0.36277942773339533,0.348296251348436
random_11,1,4,0.4163425183681816,0.3982289955906215
random_11,2,4,0.45750898664729,0.5748644359262072
random_11,3,4,0.3156583691634862,0.33006358046358714
random_11,4,4,0.3984142562377754,0.48785314769086663
random_11,5,4,0.3584604319259584,0.40210044982678744
random_11,1,5,0.4414457639168646,0.40790448955449604
random_11,2,5,0.5405675450604958,0.47962327285121603
random_11,3,5,0.3974593864552165,0.21864647575530405
random_11,4,5,0.409204870506908,0.34383932383135435
random_11,5,5,0.3561584822141358,0.27569420350505386
random_11,1,6,0.33188020324048345,0.29953172684929974
random_11,2,6,0.46080912757206527,0.49346709082871687
random_11,3,6,0.28401244516487334,0.27193957727379436
random_11,4,6,0.3139213828854773,0.29840807534939384
random_11,5,6,0.2737903264453909,0.15658524219418568
random_11,1,7,0.44185962936030615,0.3550872824048553
random_11,2,7,0.4404898064511133,0.32325354105044984
random_11,3,7,0.3803513118226093,0.32457115622116284
random_11,4,7,0.4200323054201589,0.44808416435668286
random_11,5,7,0.43648276644460626,0.45036695985356434
random_11,1,8,0.6863640857678637,0.7095869963141518
random_11,2,8,0.3802494746127884,0.37158743148269435
random_11,3,8,0.28971786044008085,0.3070272965720401
random_11,4,8,0.3813710510504108,0.33352583110848477
random_11,5,8,0.2616757512157888,0.18799368849094922
random_12,1,0,0.6303814081369326,0.7106875041593784
random_12,2,0,0.5867237978096619,0.6333962067906921
random_12,3,0,0.4371935768872182,0.36472844020282297
random_12,4,0,0.37381872036131714,0.2756657581394984
random_12,5,0,0.3064237773815433,0.21141642744694572
random_12,1,1,0.6048584575041185,0.6458350426878728
random_12,2,1,0.5820745552714275,0.6424526237614935
random_12,3,1,0.44018812556754194,0.46776675241848487
random_12,4,1,0.3756784066504075,0.4090536523864272
random_12,5,1,0.2981870229504086,0.26611327711268074
random_12,1,2,0.6410586479575051,0.7250176924376733
random_12,2,2,0.5943637924845148,0.6111799224833285
random_12,3,2,0.4745967018937239,0.35637424647164356
random_12,4,2,0.41385880141722287,0.2619842007391659
random_12,5,2,0.37808916512187163,0.3233678308931759
random_12,1,3,0.6158538099820563,0.7387535107772359
random_12,2,3,0.6003840529206194,0.6190632997148181
random_12,3,3,0.47020259889590765,0.38968143964774743
random_12,4,3,0.4236013464367334,0.2594805691213282
random_12,5,3,0.3716748430493085,0.2375685426996489
random_12,1,4,0.5920573654403536,0.6680246854446663
random_12,2,4,0.5573331562723214,0.6791052715252524
random_12,3,4,0.4047596398419294,0.4841277889389508
random_12,4,4,0.35813508522346305,0.3846308892127541
random_12,5,4,0.318145809897213,0.32911122223073763
random_12,1,5,0.5750929636391623,0.6554201774439024
random_12,2,5,0.5862874038833683,0.6255026936542122
random_12,3,5,0.45211829207185417,0.34317295420600324
random_12,4,5,0.40282359374094345,0.22505776190321813
random_12,5,5,0.3494717572972662,0.2357560585592248
random_12,1,6,0.7183045469582724,0.8045631469831278
random_12,2,6,0.5246134094180224,0.5753964803164611
random_12,3,6,0.33125019167085934,0.3460146202493904
random_12,4,6,0.2776856850488697,0.18261656567299756
random_12,5,6,0.3077798541627544,0.1987726768975554
random_12,1,7,0.5382073867342216,0.5447597738706684
random_12,2,7,0.5237410116355538,0.47322996638148485
random_12,3,7,0.3661096226163848,0.29154389401842695
random_12,4,7,0.34816731606315116,0.3509994234095712
random_12,5,7,0.3387840197570031,0.3729244093171154
random_12,1,8,0.4683829059681081,0.46316871031543766
random_12,2,8,0.38515450660840755,0.4462579137387426
random_12,3,8,0.3290326685440076,0.3680777190059245
random_12,4,8,0.3254952182445585,0.2807443357820091
random_12,5,8,0.2721825226369768,0.15132794696953178
random_13,1,0,0.6595678998645168,0.7545104454627485
random_13,2,0,0.6758848579821188,0.7504777298487411
random_13,3,0,0.6279838566007536,0.7094026503194071
random_13,4,0,0.5368030662381376,0.6175079746955752
random_13,5,0,0.3668296724149703,0.4637306019420492
random_13,1,1,0.5985364354077091,0.6549433458956488
random_13,2,1,0.6782251609190353,0.7518048177571207
random_13,3,1,0.6308243693887109,0.6793139522958529
random_13,4,1,0.5871591730778589,0.6561814259718205
random_13,5,1,0.4691823715537352,0.5949084305975757
random_13,1,2,0.6591246309191503,0.7339927686950716
random_13,2,2,0.6844993045708688,0.7435971417642098
random_13,3,2,0.6460308778514035,0.6999709969975626
random_13,4,2,0.5675913495185767,0.5518485813142671
random_13,5,2,0.45247091057673217,0.4101133356499426
random_13,1,3,0.6360961912788685,0.6692156996633178
random_13,2,3,0.6728823085350791,0.7462626286195293
random_13,3,3,0.6463513370064964,0.6884816217801859
random_13,4,3,0.5742352297076468,0.5854975468091748
random_13,5,3,0.44611181632401486,0.4273153418425786
random_13,1,4,0.5951971212131317,0.671177112129415
random_13,2,4,0.6459180915188577,0.7300245147268177
random_13,3,4,0.5928199346272467,0.5939170189490419
random_13,4,4,0.5163927480220997,0.49433567923612337
random_13,5,4,0.40555987259015475,0.4408391487100386
random_13,1,5,0.6599145951149115,0.7428221337744367
random_13,2,5,0.683376132807305,0.7738694077564934
random_13,3,5,0.6386328136957098,0.7003654981377464
random_13,4,5,0.5706352648722127,0.6014067582425948
random_13,5,5,0.4370597859379129,0.4585336440967507
random_13,1,6,0.4855780379973761,0.5737745147268177
random_13,2,6,0.5278233218869675,0.6029952939475969
random_13,3,6,0.4880326686255856,0.5661312840789023
random_13,4,6,0.3645520323947165,0.4221218961625282
random_13,5,6,0.3044043569298808,0.20020787612258506
random_13,1,7,0.5169276576066907,0.4755602290125319
random_13,2,7,0.5682229097000545,0.5770212679735709
random_13,3,7,0.46433207262507703,0.39324167368929197
random_13,4,7,0.42666892366176246,0.3755079006772009
random_13,5,7,0.3496108150981765,0.2318770807241205
random_13,1,8,0.7495531818191924,0.8460406695869503
random_13,2,8,0.7495531818191924,0.8460406695869503
random_13,3,8,0.5439904846646336,0.5354494658970841
random_13,4,8,0.4223458075675336,0.3650049553835853
random_13,5,8,0.2608765007175063,0.19097630298123736
random_14,1,0,0.45916598470552994,0.5137130661267906
random_14,2,0,0.37100289256340657,0.5200831365108247
random_14,3,0,0.41797439202479914,0.37208184433615044
random_14,4,0,0.3125910585206478,0.18583120609192938
random_14,5,0,0.2791494618774582,0.1664202614760939
random_14,1,1,0.45354166404801066,0.5112123701223303
random_14,2,1,0.35581205499152907,0.20303108694736183
random_14,3,1,0.40845179520048375,0.4561638240400159
random_14,4,1,0.3171768366522002,0.34372204934286704
random_14,5,1,0.3211853783659149,0.2393027435265188
random_14,1,2,0.48960988584760684,0.3519515714637667
random_14,2,2,0.41478226570560905,0.45393671019952037
random_14,3,2,0.43009128788930684,0.35084669718180067
random_14,4,2,0.347374295253425,0.3270099713534006
random_14,5,2,0.33038391159582137,0.3338861800271635
random_14,1,3,0.48590941765401346,0.48878762987766966
random_14,2,3,0.38727339377740216,0.4223408237594562
random_14,3,3,0.43761012672985633,0.34947642570872545
random_14,4,3,0.3319067352323345,0.1614280561274007
random_14,5,3,0.3245427938872865,0.1733434664879098
random_14,1,4,0.4808765071880105,0.447096374275742
random_14,2,4,0.3890847109502309,0.3452968879223903
random_14,3,4,0.4086897974294478,0.48549188133938764
random_14,4,4,0.30512355228312393,0.26005889859541553
random_14,5,4,0.30969861263510645,0.21326324506254346
random_14,1,5,0.49099878175821465,0.5183286779739109
random_14,2,5,0.42795427276557596,0.3813544929583977
random_14,3,5,0.42968179592208133,0.36384475354720386
random_14,4,5,0.3643640737474987,0.21037765861674662
random_14,5,5,0.31821758144405154,0.3190640913767874
random_14,1,6,0.6717685928783966,0.7081526109371534
random_14,2,6,0.6717685928783966,0.7081526109371534
random_14,3,6,0.3341952103487609,0.34809268240747854
random_14,4,6,0.2720911149440248,0.15504322461422415
random_14,5,6,0.3162329840632933,0.21991149499063456
random_14,1,7,0.6717685928783966,0.7081526109371534
random_14,2,7,0.42094949294484396,0.41177870130624106
random_14,3,7,0.3889929862778093,0.3273871983210913
random_14,4,7,0.38587862108417365,0.34783319326626194
random_14,5,7,0.3751886356046671,0.3950877005911895
random_14,1,8,0.6717685928783966,0.7081526109371534
random_14,2,8,0.6717685928783966,0.7081526109371534
random_14,3,8,0.3280066774125365,0.3772148103732573
random_14,4,8,0.2868524537279389,0.34355847112320115
random_14,5,8,0.3134660747485621,0.2621311690587762
random_15,1,0,0.605755870465046,0.7046409880673296
random_15,2,0,0.5917729674186801,0.7081651487198654
random_15,3,0,0.5463163391643371,0.5749436685509263
random_15,4,0,0.5105856607046422,0.5352861517201423
random_15,5,0,0.514899953747819,0.5737136187108887
random_15,1,1,0.5565075277670909,0.5595071385730149
random_15,2,1,0.5853537929806326,0.6415034901291753
random_15,3,1,0.5418874187696555,0.5170805356736022
random_15,4,1,0.4947298700195759,0.5170805356736022
random_15,5,1,0.5007291748317919,0.5170805356736022
random_15,1,2,0.6130051507957217,0.7103520125300078
random_15,2,2,0.5913169365280072,0.7103520125300078
random_15,3,2,0.5495725198637157,0.5306649084890336
random_15,4,2,0.518378999573776,0.5280683903118703
random_15,5,2,0.5264045742770042,0.5576315191614497
random_15,1,3,0.5498156104356386,0.660205715912856
random_15,2,3,0.5857175086049693,0.7103520125300078
random_15,3,3,0.523097521119053,0.4481753512626344
random_15,4,3,0.49655129031339634,0.4532598952016674
random_15,5,3,0.5089063643160503,0.49326675109087625
random_15,1,4,0.5491054503650135,0.628492339418681
random_15,2,4,0.532880802057337,0.6227118995831722
random_15,3,4,0.4859731475159287,0.4310390492461892
random_15,4,4,0.4905823488442057,0.5841031991471877
random_15,5,4,0.5225711740619131,0.6241100550363965
random_15,1,5,0.565347078854704,0.6454154163417578
random_15,2,5,0.5648711930455899,0.6292533349604751
random_15,3,5,0.5440402505706042,0.5379891715275824
random_15,4,5,0.5133355267977158,0.4943906085068684
random_15,5,5,0.5212129475826963,0.5404850883092135
random_15,1,6,0.43881764698725134,0.4851590060853475
random_15,2,6,0.471128328762036,0.577990819661842
random_15,3,6,0.3626622669133275,0.30223678567360224
random_15,4,6,0.3680598067217747,0.34790410412456324
random_15,5,6,0.37694110761948046,0.34926157018791165
random_15,1,7,0.5019333984127814,0.4851590060853475
random_15,2,7,0.47513780868293637,0.5101515909703893
random_15,3,7,0.4255425938431615,0.3092369477911647
random_15,4,7,0.4483933868632429,0.4560251038492291
random_15,5,7,0.4751397979968849,0.523617414919801
random_15,1,8,0.6917689595401506,0.7103520125300078
random_15,2,8,0.6917689595401506,0.7103520125300078
random_15,3,8,0.42957434426479124,0.4102057159128558
random_15,4,8,0.4253254425034755,0.47702175118338674
random_15,5,8,0.4357505767680709,0.4740692624956038
random_16,1,0,0.46790800653579523,0.5589403527462824
random_16,2,0,0.5882900794678759,0.6710559371307744
random_16,3,0,0.5607737340951144,0.6004168262471674
random_16,4,0,0.41468881628901666,0.5111476020021986
random_16,5,0,0.4631128501428052,0.543517856913764
random_16,1,1,0.4661269946579456,0.3920678032691176
random_16,2,1,0.5886911636458334,0.6649681484799606
random_16,3,1,0.5645457206067472,0.6598955356931723
random_16,4,1,0.4801543089094764,0.6350958646447269
random_16,5,1,0.5026825139134597,0.6598955356931723
random_16,1,2,0.5363724977830787,0.5822218237240108
random_16,2,2,0.6060411189591031,0.6680239162416107
random_16,3,2,0.5886061847417203,0.6204314813540938
random_16,4,2,0.46998100564881046,0.5095339156353131
random_16,5,2,0.4953326402258351,0.5098224363489544
random_16,1,3,0.48992027253017084,0.4748420980597925
random_16,2,3,0.5931142355313136,0.6609892842069787
random_16,3,3,0.5828875991176099,0.6166150698150232
random_16,4,3,0.45411900162842134,0.4798284001433002
random_16,5,3,0.48859854540354875,0.5251572799539218
random_16,1,4,0.46294117240680976,0.4580201430517419
random_16,2,4,0.5414950303650442,0.5305819439033577
random_16,3,4,0.5341355549621353,0.4835894627003501
random_16,4,4,0.439283845166788,0.43601916485431264
random_16,5,4,0.5072694881264915,0.5083353249458712
random_16,1,5,0.4795797171107139,0.43334481837641725
random_16,2,5,0.6115034527423698,0.6772230504407448
random_16,3,5,0.5948678311102339,0.6308265568143344
random_16,4,5,0.4467329928246404,0.5121801995587185
random_16,5,5,0.47268687848861735,0.5147811978705013
random_16,1,6,0.47155858796464617,0.48594000262000486
random_16,2,6,0.4831654410596397,0.515650013181612
random_16,3,6,0.4128236424997723,0.4635639025710706
random_16,4,6,0.28138041559041704,0.18556391775983128
random_16,5,6,0.34546071180741467,0.23376007182415726
random_16,1,7,0.7224349708754795,0.8319849552026496
random_16,2,7,0.49220877974865007,0.43206780326911765
random_16,3,7,0.4297952440227692,0.3598955356931723
random_16,4,7,0.44831259524214384,0.3869175945167019
random_16,5,7,0.44438504808728524,0.443662959737797
random_16,1,8,0.47155858796464617,0.48594000262000486
random_16,2,8,0.4831654410596397,0.515650013181612
random_16,3,8,0.515313767541366,0.5623540114305541
random_16,4,8,0.34942221941831064,0.3508966082130617
random_16,5,8,0.3905243170370895,0.39022205202090954
random_17,1,0,0.4862906143229344,0.4509890175346063
random_17,2,0,0.6379253561345278,0.726200625484971
random_17,3,0,0.6707465295296354,0.7829301909223767
random_17,4,0,0.5422845751537921,0.532625629413864
random_17,5,0,0.5502213007549921,0.5313046632026395
random_17,1,1,0.5280702650639681,0.6543010752688174
random_17,2,1,0.6618500633924548,0.7152722774200808
random_17,3,1,0.6821965282869696,0.7737010477288041
random_17,4,1,0.557417205914871,0.5894672595765515
random_17,5,1,0.5636138768005021,0.5913344526031159
random_17,1,2,0.5439184115191034,0.33941796251404177
random_17,2,2,0.6537159443350913,0.7049909833706199
random_17,3,2,0.6702734731724567,0.7493803620061771
random_17,4,2,0.5518657898695528,0.5173531511646137
random_17,5,2,0.5633967140659375,0.5133289754544319
random_17,1,3,0.5221380333586548,0.3759661835748792
random_17,2,3,0.6215979792093369,0.7152639720891313
random_17,3,3,0.6701762668215725,0.8026219266345859
random_17,4,3,0.5613612585040517,0.5314317289800544
random_17,5,3,0.5707068014395456,0.5357499909806661
random_17,1,4,0.5050087982996723,0.6370833333333333
random_17,2,4,0.598546597119255,0.6707069105968761
random_17,3,4,0.6441086272186647,0.72674445554989
random_17,4,4,0.5479442266486778,0.6241820256741644
random_17,5,4,0.5908591242351857,0.6654033699487159
random_17,1,5,0.534638403445514,0.4208333333333335
random_17,2,5,0.6404216664199214,0.6562604755856347
random_17,3,5,0.6725009540385815,0.7708339889882734
random_17,4,5,0.5715078508535605,0.5329379367393602
random_17,5,5,0.5809783136093477,0.5359285667589465
random_17,1,6,0.7531378127368697,0.8269552011094855
random_17,2,6,0.5475073473611465,0.5542279283822128
random_17,3,6,0.5127703850297833,0.6415858829276674
random_17,4,6,0.3696276763323567,0.36563956226505334
random_17,5,6,0.41721070328772647,0.36861129641325796
random_17,1,7,0.7531378127368697,0.8269552011094855
random_17,2,7,0.7531378127368697,0.8269552011094855
random_17,3,7,0.528351922228003,0.6543699738367584
random_17,4,7,0.44408149301078076,0.4213692317665962
random_17,5,7,0.5051599674300972,0.4422846321042985
random_17,1,8,0.7531378127368697,0.8269552011094855
random_17,2,8,0.5372633906888321,0.6153769572230365
random_17,3,8,0.6294478983579682,0.6858685641305203
random_17,4,8,0.46929205315087635,0.5186105606752929
random_17,5,8,0.47973835620858374,0.5620564826080853
random_18,1,0,0.45351323719233316,0.5037385623001464
random_18,2,0,0.41873917253493226,0.48754272888794037
random_18,3,0,0.5510698459334992,0.6729623012286602
random_18,4,0,0.4791680212355847,0.6320143403171583
random_18,5,0,0.4350893880581607,0.6067930288317263
random_18,1,1,0.3916564260564137,0.43590881495302264
random_18,2,1,0.37308968005927867,0.27597689489160293
random_18,3,1,0.5049762306566633,0.576558394527415
random_18,4,1,0.44051235911640474,0.5074707887514281
random_18,5,1,0.3927437267461947,0.43787969517899317
random_18,1,2,0.52947236664176,0.505405944193294
random_18,2,2,0.4827720634509667,0.43843255798859
random_18,3,2,0.5630754393765778,0.6189045940979838
random_18,4,2,0.49187312137030303,0.564027554283101
random_18,5,2,0.45061275844957055,0.5106216115071484
random_18,1,3,0.5001799403019316,0.462844493009709
random_18,2,3,0.5020580804838656,0.47884770468653604
random_18,3,3,0.5665551195934623,0.6280344100305529
random_18,4,3,0.49927206776291655,0.5845032066568618
random_18,5,3,0.4633433175194763,0.5665428013948692
random_18,1,4,0.47017209693056994,0.3853932188317752
random_18,2,4,0.46617883370246344,0.3614061990377342
random_18,3,4,0.49391397364397577,0.6301362714869388
random_18,4,4,0.45780698808847664,0.5866050681132478
random_18,5,4,0.44679719685862107,0.5686446628512551
random_18,1,5,0.4580854538837259,0.35180542380591123
random_18,2,5,0.4975570957319261,0.47049706635199784
random_18,3,5,0.5673196496039067,0.654693547736634
random_18,4,5,0.5105355640533253,0.6040593875206021
random_18,5,5,0.47495099291436715,0.5689670438191117
random_18,1,6,0.7189227626956124,0.8249858525257782
random_18,2,6,0.7189227626956124,0.8249858525257782
random_18,3,6,0.4238782264685669,0.4321471413453384
random_18,4,6,0.3658220137174814,0.37025616185357124
random_18,5,6,0.35084034803969405,0.32279772883447344
random_18,1,7,0.4633178760213853,0.47126558613876296
random_18,2,7,0.4613227841307974,0.39356336371749534
random_18,3,7,0.5171414362868656,0.5832325749473879
random_18,4,7,0.4367877872877014,0.5090517915229071
random_18,5,7,0.41091951538581445,0.43231160049700185
random_18,1,8,0.7189227626956124,0.8249858525257782
random_18,2,8,0.7189227626956124,0.8249858525257782
random_18,3,8,0.44927834310407655,0.5678528586546616
random_18,4,8,0.37109834403707037,0.4154758751135923
random_18,5,8,0.3181553508620798,0.34316767070759635
random_19,1,0,0.5599598315467532,0.6113032652921321
random_19,2,0,0.618060586902534,0.6955807882020336
random_19,3,0,0.5614869819544254,0.6204798545521022
random_19,4,0,0.40765337625929177,0.4490729248863976
random_19,5,0,0.43290391036504144,0.5520798828037232
random_19,1,1,0.50352089685251,0.5057377502986509
random_19,2,1,0.6256975218803363,0.6757804200490422
random_19,3,1,0.545810752610311,0.5703700979076686
random_19,4,1,0.4509696193782529,0.4553224906441321
random_19,5,1,0.46095225408766866,0.5472241776910514
random_19,1,2,0.5790167235953374,0.5751816435172417
random_19,2,2,0.6349306027134344,0.7013409146518154
random_19,3,2,0.5762375261425612,0.6513363646472654
random_19,4,2,0.44489106422817276,0.46877355866836334
random_19,5,2,0.4474572825881304,0.470491900583181
random_19,1,3,0.5606127669968011,0.6003779062328543
random_19,2,3,0.6233314140338804,0.6890340583026804
random_19,3,3,0.5616571169171185,0.5872439565125789
random_19,4,3,0.4369640904796774,0.5105608548784007
random_19,5,3,0.45220904953077984,0.585680509817286
random_19,1,4,0.4760531873977003,0.49948504908999714
random_19,2,4,0.5487211977306867,0.5678165960596748
random_19,3,4,0.4453680694541808,0.541206481708918
random_19,4,4,0.376002507629063,0.43142399898147504
random_19,5,4,0.4301515567498265,0.4959995924817878
random_19,1,5,0.49338408810635,0.5071113766722773
random_19,2,5,0.5968764223878813,0.6080613743888202
random_19,3,5,0.5467776597562531,0.543352662621285
random_19,4,5,0.4208638231412698,0.482295000544947
random_19,5,5,0.43579212138963125,0.5600488180503993
random_19,1,6,0.4560963563431328,0.4299601196410767
random_19,2,6,0.49562600008408797,0.5686026961488206
random_19,3,6,0.4474242255214642,0.5191371798165015
random_19,4,6,0.3630524279518442,0.38887323066436885
random_19,5,6,0.3637147372629959,0.35957302366930255
random_19,1,7,0.7250566438865171,0.8413911189286897
random_19,2,7,0.4939993161732401,0.5144583111220827
random_19,3,7,0.468557245827512,0.44974959935454745
random_19,4,7,0.4436725305469389,0.40402155803655493
random_19,5,7,0.40731538402540446,0.4410082295530113
random_19,1,8,0.7250566438865171,0.8413911189286897
random_19,2,8,0.7250566438865171,0.8413911189286897
random_19,3,8,0.4414290503316247,0.5100234864922819
random_19,4,8,0.29243804696041004,0.2773652334217943
random_19,5,8,0.3053030835095146,0.2932300370611277
random_20,1,0,0.618649162746998,0.6872129907100327
random_20,2,0,0.585045058014869,0.5646679555101274
random_20,3,0,0.6284817417119442,0.7437407805505923
random_20,4,0,0.6232836769771108,0.7399001952634908
random_20,5,0,0.6279158693760994,0.7469011447071332
random_20,1,1,0.5626979767951839,0.48921656077817877
random_20,2,1,0.5650186711447927,0.5083419274745511
random_20,3,1,0.6074851469230427,0.6509098086990732
random_20,4,1,0.6207976169652332,0.6781768641061384
random_20,5,1,0.6281259006519435,0.6825998821455155
random_20,1,2,0.6335508276015552,0.6053864781316829
random_20,2,2,0.6139907456404301,0.5858210647217938
random_20,3,2,0.6463599006453099,0.7518419685241591
random_20,4,2,0.6380024294078255,0.7420422114997725
random_20,5,2,0.6451325001680583,0.7545336119521038
random_20,1,3,0.5387397806696871,0.5646679555101274
random_20,2,3,0.6095344849436368,0.6083020215037439
random_20,3,3,0.6478892608435728,0.7430092918365898
random_20,4,3,0.6439928214923595,0.7586290398095326
random_20,5,3,0.6503721910604244,0.780648837650558
random_20,1,4,0.5716888793480486,0.4722453274665074
random_20,2,4,0.5515863978914385,0.5365144475528094
random_20,3,4,0.5631413394021996,0.6594968743590168
random_20,4,4,0.5806174388172948,0.6714718718938999
random_20,5,4,0.6092725910770788,0.6676630848911461
random_20,1,5,0.519170611334104,0.5113914686816141
random_20,2,5,0.5883366200530901,0.5531208454434255
random_20,3,5,0.6286647072141195,0.7279185778179361
random_20,4,5,0.625354556461754,0.7321119683008519
random_20,5,5,0.6324658315999342,0.7273788001143899
random_20,1,6,0.7904904978130047,0.9288444699602248
random_20,2,6,0.7904904978130047,0.9288444699602248
random_20,3,6,0.46109639369682154,0.5009708883847863
random_20,4,6,0.5139882429106969,0.4623729544957906
random_20,5,6,0.5363248925707426,0.4733155783531589
random_20,1,7,0.46972008995099507,0.4059829059829059
random_20,2,7,0.4653532588517603,0.40151712602388434
random_20,3,7,0.5045544969644541,0.5835690580976935
random_20,4,7,0.5651829856605906,0.6577627893457882
random_20,5,7,0.5952805608093735,0.7042910519478323
random_20,1,8,0.7904904978130047,0.9288444699602248
random_20,2,8,0.7904904978130047,0.9288444699602248
random_20,3,8,0.5117227458697904,0.5646679555101274
random_20,4,8,0.5010411703284706,0.5854228002849426
random_20,5,8,0.5136008922736477,0.5959923336735373
clustered_1,1,0,0.6487839068059248,0.7212314751606601
clustered_1,2,0,0.6448354654587286,0.7597106507178549
clustered_1,3,0,0.6467044255671976,0.7707739036475433
clustered_1,4,0,0.5056931927405894,0.6248955581241877
clustered_1,5,0,0.4538908400816897,0.5555467659587363
clustered_1,1,1,0.6141174326476873,0.5572006748084048
clustered_1,2,1,0.6420843580705222,0.6538160123847081
clustered_1,3,1,0.6350174319393312,0.6514409045080216
clustered_1,4,1,0.4692463389829946,0.49250748541119993
clustered_1,5,1,0.4264436875662996,0.43248852955275574
clustered_1,1,2,0.5602355840199055,0.568810840612895
clustered_1,2,2,0.6100042434094998,0.6871003241500324
clustered_1,3,2,0.6278421811177624,0.6959796825081008
clustered_1,4,2,0.5133407184815688,0.5144805764554234
clustered_1,5,2,0.4687270553907912,0.41344324120966736
clustered_1,1,3,0.6154998901688679,0.6081911852686447
clustered_1,2,3,0.6452382689052967,0.7239228679874964
clustered_1,3,3,0.64939189436757,0.749719455537283
clustered_1,4,3,0.5165796866623602,0.5740078906761455
clustered_1,5,3,0.48377078304108256,0.5102361989385306
clustered_1,1,4,0.579114170734691,0.568810840612895
clustered_1,2,4,0.6037122727687387,0.6036485314651796
clustered_1,3,4,0.6295778234489606,0.6531965315511614
clustered_1,4,4,0.469145873683235,0.445190762725019
clustered_1,5,4,0.44796373696773806,0.41406937417907164
clustered_1,1,5,0.6268925743718102,0.6516073816479453
clustered_1,2,5,0.6470664590517373,0.7406443550454966
clustered_1,3,5,0.6499295978817804,0.7409371681282372
clustered_1,4,5,0.5137558489716847,0.5876059943484522
clustered_1,5,5,0.47461741980032546,0.5240627195060766
clustered_1,1,6,0.43296807018736205,0.3424546632124352
clustered_1,2,6,0.6247645956607178,0.6189467105757189
clustered_1,3,6,0.6139923825458852,0.5887693597510566
clustered_1,4,6,0.4537602106561547,0.388621532880187
clustered_1,5,6,0.3895973598603573,0.3617261992680485
clustered_1,1,7,0.7963503140495157,0.9359193642739942
clustered_1,2,7,0.7963503140495157,0.9359193642739942
clustered_1,3,7,0.7963503140495157,0.9359193642739942
clustered_1,4,7,0.4613276621373125,0.431189159387105
clustered_1,5,7,0.4135328604450708,0.3409779921370552
clustered_1,1,8,0.7963503140495157,0.9359193642739942
clustered_1,2,8,0.4817697443204424,0.5190637194045671
clustered_1,3,8,0.5096225009752867,0.52483377980646
clustered_1,4,8,0.34523035494864573,0.3759687165397737
clustered_1,5,8,0.32638875762821534,0.31427453505712644
clustered_2,1,0,0.5391945928604325,0.5216282079355365
clustered_2,2,0,0.41019169080886764,0.3075595658941845
clustered_2,3,0,0.3910521687579127,0.3643103248863368
clustered_2,4,0,0.27578123484393235,0.15133286115728672
clustered_2,5,0,0.2516568217460089,0.11693034209882636
clustered_2,1,1,0.4767578421705545,0.5534647162200654
clustered_2,2,1,0.4037259647791742,0.3901329674447961
clustered_2,3,1,0.3079363430812274,0.3355431623856241
clustered_2,4,1,0.27790747768004537,0.21869020675182615
clustered_2,5,1,0.2535941685517052,0.2942786041661132
clustered_2,1,2,0.4675617728822065,0.36459886327343277
clustered_2,2,2,0.4197028331048111,0.3257862658658539
clustered_2,3,2,0.38132760817529376,0.27572548363677285
clustered_2,4,2,0.3467078297942055,0.2632680275360533
clustered_2,5,2,0.3457398075123346,0.365863982039077
clustered_2,1,3,0.5084218981520965,0.44468544336001287
clustered_2,2,3,0.45341922881317287,0.24774048859782594
clustered_2,3,3,0.4240270349938789,0.3559259848899057
clustered_2,4,3,0.3117416755780906,0.3053750635219561
clustered_2,5,3,0.3038764678399057,0.330261199875053
clustered_2,1,4,0.42132096012143033,0.431799172898627
clustered_2,2,4,0.4253243207873326,0.48586768389886426
clustered_2,3,4,0.32754859971716654,0.2915424175802747
clustered_2,4,4,0.2869579710962542,0.38533162471880095
clustered_2,5,4,0.29400728399931525,0.33958246917303564
clustered_2,1,5,0.5395569978693656,0.5295648496679906
clustered_2,2,5,0.4415487268780185,0.3796276609696172
clustered_2,3,5,0.41625351946232436,0.3901153812410687
clustered_2,4,5,0.3524376510105608,0.228143009837925
clustered_2,5,5,0.30953773178324506,0.2351701869414277
clustered_2,1,6,0.47595828735313783,0.6069924517630543
clustered_2,2,6,0.43891977551009637,0.42790297798778487
clustered_2,3,6,0.3316275916982623,0.3336218717204293
clustered_2,4,6,0.354867373921904,0.34546537959515633
clustered_2,5,6,0.33844432667281005,0.2381611039682452
clustered_2,1,7,0.6683810779335744,0.6979321966067661
clustered_2,2,7,0.6683810779335744,0.6979321966067661
clustered_2,3,7,0.3868527607446884,0.26426733848080075
clustered_2,4,7,0.3664347535714733,0.2847555041936335
clustered_2,5,7,0.39553156430827197,0.3754505175070526
clustered_2,1,8,0.467254559793616,0.511754356524959
clustered_2,2,8,0.44498143078079,0.3860115699421398
clustered_2,3,8,0.314615083056186,0.3430259482594728
clustered_2,4,8,0.35253176200973413,0.3086791657229556
clustered_2,5,8,0.3345565024857186,0.3533523945335393
clustered_3,1,0,0.4224602734240792,0.2867456499716773
clustered_3,2,0,0.3265005097458916,0.20547834784166719
clustered_3,3,0,0.3198658922306372,0.22843334513352898
clustered_3,4,0,0.2714214219288579,0.17222676633400813
clustered_3,5,0,0.24840190380129312,0.2387965739347247
clustered_3,1,1,0.44400811674720025,0.37318528236460274
clustered_3,2,1,0.4196342908656591,0.3787481687973636
clustered_3,3,1,0.4242769743770695,0.2883989720715572
clustered_3,4,1,0.293602202984533,0.2804915218150932
clustered_3,5,1,0.2653240946956562,0.21415109952226818
clustered_3,1,2,0.40205189520913126,0.2356241234221598
clustered_3,2,2,0.40155515117852825,0.39214974388141266
clustered_3,3,2,0.44849609311767025,0.3733600351480513
clustered_3,4,2,0.3186903742583353,0.2650507375577301
clustered_3,5,2,0.2921510784487698,0.1664155033373923
clustered_3,1,3,0.4415558528071018,0.24118342736875997
clustered_3,2,3,0.420767838588372,0.4047919150504144
clustered_3,3,3,0.45282946419017744,0.43312345353282267
clustered_3,4,3,0.3160646376030026,0.3505589220061086
clustered_3,5,3,0.34299407873760646,0.24307622291621322
clustered_3,1,4,0.4100376607414796,0.347304753820034
clustered_3,2,4,0.3978754978821605,0.44517621151190134
clustered_3,3,4,0.42065576724322384,0.3137291393333135
clustered_3,4,4,0.3209519769075647,0.28766102511220976
clustered_3,5,4,0.2934402759460069,0.21538812981423494
clustered_3,1,5,0.4014314379123871,0.3208828522920204
clustered_3,2,5,0.40766731193957784,0.31578917490822145
clustered_3,3,5,0.40923113487194157,0.308679733987291
clustered_3,4,5,0.27905680482388306,0.2798800161322847
clustered_3,5,5,0.2970643381014568,0.20135793421003423
clustered_3,1,6,0.40812334572835496,0.4184060721062619
clustered_3,2,6,0.3774068936535509,0.23975941380052945
clustered_3,3,6,0.4116274978739373,0.38505001590176247
clustered_3,4,6,0.2859985026626854,0.23079534109076483
clustered_3,5,6,0.28646159535963456,0.2306437819502516
clustered_3,1,7,0.67481691088234,0.7051517220779392
clustered_3,2,7,0.67481691088234,0.7051517220779392
clustered_3,3,7,0.67481691088234,0.7051517220779392
clustered_3,4,7,0.34010134113425294,0.2575999392311954
clustered_3,5,7,0.31729127702467136,0.1501172401413
clustered_3,1,8,0.3634110959551647,0.3810483870967742
clustered_3,2,8,0.30780425757436874,0.12074624635258069
clustered_3,3,8,0.3905272578854899,0.3288676220570309
clustered_3,4,8,0.3413938326026442,0.2912921328381902
clustered_3,5,8,0.3339884365382478,0.3101475267002307
clustered_4,1,0,0.4656703036518502,0.33442827743793957
clustered_4,2,0,0.34448558828129344,0.14416148851789984
clustered_4,3,0,0.3773978453454,0.32598640506780135
clustered_4,4,0,0.3183545734113895,0.24486850363771606
clustered_4,5,0,0.28392460715687184,0.15995035721339912
clustered_4,1,1,0.4135325787253298,0.41074100257217216
clustered_4,2,1,0.42193845439486777,0.41074100257217216
clustered_4,3,1,0.35336382403090316,0.381132942427439
clustered_4,4,1,0.30146829959728294,0.37019545766257955
clustered_4,5,1,0.2667396755986156,0.2375009942940518
clustered_4,1,2,0.42242156667365305,0.1901292393095672
clustered_4,2,2,0.41134367786277676,0.3594042091298318
clustered_4,3,2,0.36772213378915375,0.2780350749279487
clustered_4,4,2,0.33149223845703935,0.2396013490741281
clustered_4,5,2,0.32279006659186393,0.28730218927162365
clustered_4,1,3,0.41723211907250085,0.1981785063752277
clustered_4,2,3,0.4372121430414814,0.3688114333956461
clustered_4,3,3,0.39363402857069135,0.2982086616039985
clustered_4,4,3,0.3480383487465421,0.241326140549148
clustered_4,5,3,0.36874106858308586,0.3186631905391148
clustered_4,1,4,0.4253013917426413,0.44092084217347516
clustered_4,2,4,0.4562517037422992,0.45551690346749313
clustered_4,3,4,0.3739394440224943,0.2657321801371906
clustered_4,4,4,0.3134689354699358,0.3743536694340861
clustered_4,5,4,0.2920011161122612,0.26935163885603686
clustered_4,1,5,0.4293384128284199,0.17389397264133966
clustered_4,2,5,0.41369230544716395,0.2693431434901846
clustered_4,3,5,0.41535968812671825,0.34786263996938194
clustered_4,4,5,0.3486195505072901,0.20054267765400774
clustered_4,5,5,0.3427401759470712,0.228909297541868
clustered_4,1,6,0.42281754208944666,0.44822173611181637
clustered_4,2,6,0.39951703948741746,0.38726433300054414
clustered_4,3,6,0.38179919521933603,0.39604078839364376
clustered_4,4,6,0.3578280722011893,0.45966944604846943
clustered_4,5,6,0.3546495210505711,0.37812700463322074
clustered_4,1,7,0.621866377420903,0.5590791578265248
clustered_4,2,7,0.621866377420903,0.5590791578265248
clustered_4,3,7,0.42786400238233346,0.35405224275774627
clustered_4,4,7,0.38844128257125293,0.28918596083463133
clustered_4,5,7,0.40527601326730156,0.29285174527039637
clustered_4,1,8,0.41820223233853804,0.42447641606463427
clustered_4,2,8,0.3876721599525021,0.34907999741234363
clustered_4,3,8,0.30347190875699104,0.3597110382079067
clustered_4,4,8,0.3243783382640392,0.37056544108403316
clustered_4,5,8,0.3074973473474747,0.29544535495750757
clustered_5,1,0,0.4642252408370897,0.43641174051825343
clustered_5,2,0,0.43866343813089764,0.4299826437197359
clustered_5,3,0,0.37892461354918355,0.4492384594946184
clustered_5,4,0,0.3884321297554351,0.4608453116840801
clustered_5,5,0,0.3864941731484973,0.45173343989148185
clustered_5,1,1,0.4576525809940204,0.453527362215734
clustered_5,2,1,0.39192122046147554,0.4137060176550554
clustered_5,3,1,0.35966696963279354,0.40274127001579835
clustered_5,4,1,0.3867641266231583,0.40226346224739684
clustered_5,5,1,0.39841747041846554,0.4068619297134842
clustered_5,1,2,0.4483925073557852,0.3119033191575318
clustered_5,2,2,0.4291288129568895,0.42605668606860136
clustered_5,3,2,0.3773405032202255,0.3227048258544248
clustered_5,4,2,0.3958788279223351,0.3130243011277053
clustered_5,5,2,0.40916536338711684,0.2757611742578478
clustered_5,1,3,0.4629339034783278,0.38157694877036546
clustered_5,2,3,0.46282578293905263,0.4182901970907181
clustered_5,3,3,0.41984686109574554,0.4249085508735167
clustered_5,4,3,0.4128732622730603,0.3492379677822421
clustered_5,5,3,0.4357551563634819,0.34168036220214104
clustered_5,1,4,0.4333990553331654,0.44300211919507615
clustered_5,2,4,0.39036688359787264,0.311020601987142
clustered_5,3,4,0.35242925748787235,0.40154264896955494
clustered_5,4,4,0.38386221173033896,0.37875313019560636
clustered_5,5,4,0.3813034782412392,0.3992736626940536
clustered_5,1,5,0.4262774033922876,0.28480473325842437
clustered_5,2,5,0.42317314433930964,0.38882668915336005
clustered_5,3,5,0.36846392620560475,0.3345170715305521
clustered_5,4,5,0.3787453852303626,0.31372993195452
clustered_5,5,5,0.39148914564685255,0.3213328132240351
clustered_5,1,6,0.38507144461623305,0.3522790573357818
clustered_5,2,6,0.29319863146933955,0.2672121566335475
clustered_5,3,6,0.36822639350216235,0.49374099435559765
clustered_5,4,6,0.38719187489129236,0.4681221469952898
clustered_5,5,6,0.38522677339470784,0.47572502826480495
clustered_5,1,7,0.6852340922199689,0.6971948003532834
clustered_5,2,7,0.3946503630812612,0.36833980558760127
clustered_5,3,7,0.37206747311968397,0.2641169191069147
clustered_5,4,7,0.3669029030228694,0.4142158702188458
clustered_5,5,7,0.3713928389995269,0.3734425555400532
clustered_5,1,8,0.40813567668099976,0.3666144423871245
clustered_5,2,8,0.31639972125842497,0.3504617182933957
clustered_5,3,8,0.30506319814335875,0.3046267748239686
clustered_5,4,8,0.33405034677474893,0.322460134826284
clustered_5,5,8,0.3611371738079234,0.3815048595934454
clustered_6,1,0,0.430940251781275,0.2948820667707823
clustered_6,2,0,0.46826459082608796,0.36016205715221855
clustered_6,3,0,0.2806755795708074,0.09020495524573541
clustered_6,4,0,0.29568875611009887,0.17790590892456998
clustered_6,5,0,0.3074059031311551,0.16516094128123388
clustered_6,1,1,0.40765261117457985,0.40976837530695004
clustered_6,2,1,0.43493699971311056,0.40976837530695004
clustered_6,3,1,0.350402157665022,0.3342658345070756
clustered_6,4,1,0.3379035052592717,0.4051052358143503
clustered_6,5,1,0.3245085695453814,0.3585798557831801
clustered_6,1,2,0.41420514857077934,0.1935876623376623
clustered_6,2,2,0.4509821890634104,0.28132740248082394
clustered_6,3,2,0.3605132611051769,0.3363924535054934
clustered_6,4,2,0.3468997937978824,0.40348691069020554
clustered_6,5,2,0.33632405687726963,0.4122805714530795
clustered_6,1,3,0.432131855782816,0.19639721828593376
clustered_6,2,3,0.4796910721713623,0.35930997207924714
clustered_6,3,3,0.3291715561452701,0.2549348529368118
clustered_6,4,3,0.32700762122031557,0.3266303662286407
clustered_6,5,3,0.3292499866166097,0.2987233313087516
clustered_6,1,4,0.4581018158099323,0.4697924642362651
clustered_6,2,4,0.381710798706056,0.3961144261801113
clustered_6,3,4,0.347851056305251,0.3621609542291979
clustered_6,4,4,0.3425790271093932,0.36384504653357974
clustered_6,5,4,0.34366755753919453,0.2805939251058125
clustered_6,1,5,0.4160244668467916,0.1747448979591837
clustered_6,2,5,0.4820994073898979,0.3463526550060765
clustered_6,3,5,0.3485676471618846,0.2525646733286303
clustered_6,4,5,0.35656967056833944,0.3169691221553222
clustered_6,5,5,0.35209309886116635,0.30213822367279214
clustered_6,1,6,0.43598975391599404,0.3946428571428571
clustered_6,2,6,0.3139323220708873,0.2338663620788121
clustered_6,3,6,0.39501666106964495,0.3665261328727114
clustered_6,4,6,0.37255965481072145,0.29805022487501764
clustered_6,5,6,0.39447429085145075,0.3936985841811779
clustered_6,1,7,0.6268933657464992,0.5594803003104877
clustered_6,2,7,0.4067850423196362,0.4405196996895123
clustered_6,3,7,0.4587449884265584,0.4094684277882807
clustered_6,4,7,0.3433661734367559,0.33929827247601463
clustered_6,5,7,0.35320790389979656,0.3627988881056566
clustered_6,1,8,0.38376488605484116,0.3897508904236845
clustered_6,2,8,0.3960937934280516,0.3961144261801113
clustered_6,3,8,0.34086532103108497,0.33597477043619567
clustered_6,4,8,0.33773095211016846,0.36175087934523653
clustered_6,5,8,0.36801062411952834,0.3798229411330951
clustered_7,1,0,0.5487976097788038,0.5059334507977079
clustered_7,2,0,0.5344865931121073,0.5438696640465119
clustered_7,3,0,0.45079779047894725,0.4841542702404373
clustered_7,4,0,0.20707948679741567,0.22466850324003107
clustered_7,5,0,0.22765922320800266,0.28166865493398996
clustered_7,1,1,0.5018523425703787,0.5550564729141302
clustered_7,2,1,0.5034488756316896,0.5550564729141302
clustered_7,3,1,0.4492042241853642,0.4247223770050317
clustered_7,4,1,0.2058092752761554,0.10273300068589863
clustered_7,5,1,0.22030149100408566,0.15505995115370697
clustered_7,1,2,0.4899468357964509,0.40167915526887266
clustered_7,2,2,0.5213926099456705,0.5026367475010045
clustered_7,3,2,0.46563630370704534,0.40669518905944607
clustered_7,4,2,0.35168618470826396,0.3461831041103345
clustered_7,5,2,0.34916577993450854,0.36587336647517965
clustered_7,1,3,0.49928009512971017,0.3827397613294786
clustered_7,2,3,0.5235072887014963,0.5271559782702353
clustered_7,3,3,0.48524265852774956,0.5323070771713343
clustered_7,4,3,0.36268075549071077,0.37881996337382945
clustered_7,5,3,0.3403332063463331,0.3599242753057411
clustered_7,1,4,0.51154625489587,0.5554670340567514
clustered_7,2,4,0.5269139566906207,0.5554670340567514
clustered_7,3,4,0.47159008946995207,0.5341933886925165
clustered_7,4,4,0.26282792206414757,0.17970172472121382
clustered_7,5,4,0.27147185012735153,0.2001157156439095
clustered_7,1,5,0.49779852995766877,0.41692246178671877
clustered_7,2,5,0.5442753324797779,0.4996238350189385
clustered_7,3,5,0.4762552416585005,0.4839837971904455
clustered_7,4,5,0.3503939092548565,0.3223394986379342
clustered_7,5,5,0.3357576445548764,0.3732661198425829
clustered_7,1,6,0.36182070331144844,0.43113353476774774
clustered_7,2,6,0.46199599273791875,0.495731850230978
clustered_7,3,6,0.46089369560511856,0.48923834373747155
clustered_7,4,6,0.27987151572954727,0.2127332649198782
clustered_7,5,6,0.2942622968214844,0.2686937753472982
clustered_7,1,7,0.4390844676369301,0.4232810586980227
clustered_7,2,7,0.4578055656454546,0.43113353476774774
clustered_7,3,7,0.4175329298053068,0.43113353476774774
clustered_7,4,7,0.41367116327423276,0.33794237663094917
clustered_7,5,7,0.4065471041214421,0.31724790068034026
clustered_7,1,8,0.39486361168803014,0.39672313958079686
clustered_7,2,8,0.35377822107387774,0.2847642651219224
clustered_7,3,8,0.3577597358500622,0.3588113542282672
clustered_7,4,8,0.21070258684817883,0.16915070221299222
clustered_7,5,8,0.22887602460235362,0.19139899620690703
clustered_8,1,0,0.526168823993025,0.46766805148822055
clustered_8,2,0,0.48886416608752914,0.442570464940601
clustered_8,3,0,0.3825719577632797,0.3511713405249093
clustered_8,4,0,0.26816417233563605,0.2529035370507984
clustered_8,5,0,0.2600788816105864,0.22884097790184754
clustered_8,1,1,0.41515167386542084,0.3978169907905972
clustered_8,2,1,0.4242331160012624,0.4004396441523003
clustered_8,3,1,0.3399133215294449,0.3889465137720372
clustered_8,4,1,0.27183701392890014,0.15564867965731155
clustered_8,5,1,0.2788004676301929,0.23232767081544792
clustered_8,1,2,0.4710190854619991,0.36542536287230765
clustered_8,2,2,0.47881630363707284,0.33731617307919237
clustered_8,3,2,0.3885341064322587,0.2888247575723609
clustered_8,4,2,0.27639704302456825,0.21239284098611078
clustered_8,5,2,0.2783364423155886,0.23518302316157313
clustered_8,1,3,0.4658604349908486,0.3724512774441147
clustered_8,2,3,0.49730956936015935,0.3919616540585286
clustered_8,3,3,0.42236547238046296,0.319166059159234
clustered_8,4,3,0.3120811728829806,0.2600663087346705
clustered_8,5,3,0.2799010611614409,0.19621920574699303
clustered_8,1,4,0.4809676279669797,0.5238059749988146
clustered_8,2,4,0.4661773352421168,0.4450077890577715
clustered_8,3,4,0.3682353467352871,0.3037907014741728
clustered_8,4,4,0.30893649924741,0.35428699131755237
clustered_8,5,4,0.3295404600080631,0.35743359103405387
clustered_8,1,5,0.4860845420652205,0.3954175472853845
clustered_8,2,5,0.47166115884274906,0.3375053388797551
clustered_8,3,5,0.4231859697241294,0.3669003771911344
clustered_8,4,5,0.3289480143674685,0.2898954038978109
clustered_8,5,5,0.32531939691713885,0.2919200959395681
clustered_8,1,6,0.32584240811210174,0.2509234996663369
clustered_8,2,6,0.32785188176337554,0.2599942479148691
clustered_8,3,6,0.29972376558624103,0.3513933723305608
clustered_8,4,6,0.31702553031707326,0.27128653841914785
clustered_8,5,6,0.34079913504926407,0.3263129862340196
clustered_8,1,7,0.4108187683602895,0.43219368474674
clustered_8,2,7,0.42768865275432244,0.43219368474674
clustered_8,3,7,0.4397574331992786,0.42120600101243666
clustered_8,4,7,0.36654548959508415,0.2605834424370649
clustered_8,5,7,0.35025471614672676,0.23842545823414474
clustered_8,1,8,0.32356069517392066,0.222972972972973
clustered_8,2,8,0.3319381535156936,0.2398619499568593
clustered_8,3,8,0.29613426308858404,0.3182805894670302
clustered_8,4,8,0.3269837113510514,0.30350925075537694
clustered_8,5,8,0.3224443615897118,0.25495575902137146
clustered_9,1,0,0.4252586482422582,0.28042362449781505
clustered_9,2,0,0.5343722600186501,0.46224566615599866
clustered_9,3,0,0.3959421920441933,0.32965361091908096
clustered_9,4,0,0.35345002467458575,0.2684741151346546
clustered_9,5,0,0.3386968414959211,0.2424168095586487
clustered_9,1,1,0.45561909396105754,0.4330688770282448
clustered_9,2,1,0.4620651597291768,0.4430241818352146
clustered_9,3,1,0.3970993211608697,0.4103322521065463
clustered_9,4,1,0.3617911633876612,0.3997440648334216
clustered_9,5,1,0.3625411478907742,0.4103322521065463
clustered_9,1,2,0.4128972865771353,0.2249258677830106
clustered_9,2,2,0.5106069067707151,0.42535225908162205
clustered_9,3,2,0.38314547369703433,0.23894688340607567
clustered_9,4,2,0.3597622628216086,0.2934022393161329
clustered_9,5,2,0.36340235711642666,0.3414415363308449
clustered_9,1,3,0.41260973875534196,0.18426977834396896
clustered_9,2,3,0.5228258525972148,0.44682701277620335
clustered_9,3,3,0.3952323246096902,0.2865872430933756
clustered_9,4,3,0.3778598868606234,0.2381570744730905
clustered_9,5,3,0.3801591735276939,0.2341111492158315
clustered_9,1,4,0.4458480714550611,0.4330688770282448
clustered_9,2,4,0.507015459403104,0.5496543937285843
clustered_9,3,4,0.39796433872525827,0.525026681912462
clustered_9,4,4,0.3729132236213811,0.41194440491310436
clustered_9,5,4,0.3539056493435802,0.38009793721839513
clustered_9,1,5,0.4128561307010796,0.2323115481010218
clustered_9,2,5,0.532093715850074,0.4480262424680801
clustered_9,3,5,0.42281934758951106,0.3342914869466812
clustered_9,4,5,0.39056155565742023,0.2681227139684412
clustered_9,5,5,0.36869976013768735,0.2340034173978273
clustered_9,1,6,0.469687673935838,0.4330688770282448
clustered_9,2,6,0.38520825813234794,0.32586664654553
clustered_9,3,6,0.35622799951219414,0.43697775765664093
clustered_9,4,6,0.3626345534084007,0.4066663421631147
clustered_9,5,6,0.38034575636233275,0.4379246189258418
clustered_9,1,7,0.6382907736730271,0.5669311229717552
clustered_9,2,7,0.4459804451596548,0.4330688770282448
clustered_9,3,7,0.39666840365193246,0.4330688770282448
clustered_9,4,7,0.39979476086195176,0.4330688770282448
clustered_9,5,7,0.3895136293792483,0.3250896153240297
clustered_9,1,8,0.4518266405095061,0.4422350429362819
clustered_9,2,8,0.3421786833782219,0.29965439372858427
clustered_9,3,8,0.3030098324310773,0.33573991548209714
clustered_9,4,8,0.34126091853157464,0.30018388220959946
clustered_9,5,8,0.3823258842910532,0.35058740715418946
clustered_10,1,0,0.53082383169,0.4255648442981066
clustered_10,2,0,0.4873472980755423,0.3696232603176791
clustered_10,3,0,0.3267712235509511,0.10206719119951724
clustered_10,4,0,0.3283049466770582,0.18112180719315885
clustered_10,5,0,0.2972873594913912,0.10078532801873652
clustered_10,1,1,0.48184162651071394,0.4255648442981066
clustered_10,2,1,0.4222633759554336,0.41155860057308064
clustered_10,3,1,0.3725270363165373,0.3981217814241478
clustered_10,4,1,0.33371044905035085,0.3784690132506448
clustered_10,5,1,0.28513566343654617,0.27306583105707893
clustered_10,1,2,0.5088526591088676,0.4255648442981066
clustered_10,2,2,0.44550699651967335,0.35805644758780253
clustered_10,3,2,0.3732509296554171,0.2869380117283723
clustered_10,4,2,0.3667619904811745,0.3218048662319785
clustered_10,5,2,0.3679537841307371,0.3707382991366132
clustered_10,1,3,0.50305770595596,0.4255648442981066
clustered_10,2,3,0.4910207252223963,0.3940175390512636
clustered_10,3,3,0.35534901751156744,0.1797173031510014
clustered_10,4,3,0.3720089466651597,0.24745124010672825
clustered_10,5,3,0.3538979737399706,0.2712949068129311
clustered_10,1,4,0.42447339593799566,0.4255648442981066
clustered_10,2,4,0.4284176754629642,0.5544318727578705
clustered_10,3,4,0.3751692857338286,0.4323492075788717
clustered_10,4,4,0.3410568994335505,0.32741080760493535
clustered_10,5,4,0.32315469318020873,0.244467920464563
clustered_10,1,5,0.4824030712388253,0.4255648442981066
clustered_10,2,5,0.4606864442214781,0.35477909498009275
clustered_10,3,5,0.3696163615123379,0.1637129460799642
clustered_10,4,5,0.346228593230822,0.13656984209297734
clustered_10,5,5,0.3365044034125758,0.180127130273994
clustered_10,1,6,0.3551457204845538,0.4255648442981066
clustered_10,2,6,0.3900455193293609,0.49421418965837244
clustered_10,3,6,0.3876364563649553,0.3955619162652737
clustered_10,4,6,0.37814682867798544,0.4199408401889672
clustered_10,5,6,0.3828761619776275,0.39248961712949026
clustered_10,1,7,0.4447276940587239,0.44573057807508987
clustered_10,2,7,0.38549731361535494,0.19573057807508987
clustered_10,3,7,0.38030182273821356,0.3340148792562698
clustered_10,4,7,0.37303787816069744,0.3397476580302135
clustered_10,5,7,0.3886465352565947,0.30163938959719827
clustered_10,1,8,0.6259978350608617,0.5544318727578705
clustered_10,2,8,0.40833869109574433,0.44573057807508987
clustered_10,3,8,0.36114134187069624,0.33796249343931273
clustered_10,4,8,0.40013964510398004,0.4255648442981066
clustered_10,5,8,0.3768671273700591,0.4255648442981066
clustered_11,1,0,0.5747295573302416,0.5335224715548363
clustered_11,2,0,0.5369641023161871,0.4843221534770354
clustered_11,3,0,0.5245561321224046,0.5434629988001393
clustered_11,4,0,0.28169452898252995,0.29544777696035845
clustered_11,5,0,0.2618968602393111,0.23015307569745358
clustered_11,1,1,0.5096417037771162,0.5544424056586535
clustered_11,2,1,0.4740648070827307,0.49165673333501203
clustered_11,3,1,0.46495732391744876,0.44743904626018216
clustered_11,4,1,0.2139131799937001,0.11162900720484992
clustered_11,5,1,0.1950393467184549,0.13705153063818687
clustered_11,1,2,0.5071629622085801,0.4050626840487477
clustered_11,2,2,0.5006001283383337,0.4216936855019889
clustered_11,3,2,0.4724411921043434,0.458969082003293
clustered_11,4,2,0.32830481146045704,0.3349968110683208
clustered_11,5,2,0.32728232538469015,0.2861135891017649
clustered_11,1,3,0.5390282741192406,0.46855474754081117
clustered_11,2,3,0.5171734602583904,0.4847330137190774
clustered_11,3,3,0.5103568426645858,0.5308822835525577
clustered_11,4,3,0.3240661928933353,0.31588766464558937
clustered_11,5,3,0.3291814370149392,0.2532546996590883
clustered_11,1,4,0.539693982880454,0.5504943344142272
clustered_11,2,4,0.49250550085094713,0.5504943344142272
clustered_11,3,4,0.4595510069689429,0.44743904626018216
clustered_11,4,4,0.24830528472160157,0.20853384507952366
clustered_11,5,4,0.24575728852625842,0.25100979869149076
clustered_11,1,5,0.5321894306208766,0.4407769697630334
clustered_11,2,5,0.5412830252891162,0.4776190750261913
clustered_11,3,5,0.5322187810567899,0.550324829310893
clustered_11,4,5,0.3201870803353275,0.2992673528040387
clustered_11,5,5,0.3006539015495863,0.27508480704367927
clustered_11,1,6,0.4313291424363183,0.33174433441422724
clustered_11,2,6,0.42534368360073527,0.28403055594767096
clustered_11,3,6,0.47328017353759094,0.3916459554542589
clustered_11,4,6,0.3123137269667514,0.3278109148088888
clustered_11,5,6,0.306069290380205,0.33341140054432816
clustered_11,1,7,0.4071390861413156,0.2908937270854237
clustered_11,2,7,0.3654568349669101,0.2908937270854237
clustered_11,3,7,0.33129024169836835,0.2963428361999005
clustered_11,4,7,0.3449801087541456,0.19785632434265688
clustered_11,5,7,0.35376011016005265,0.2838970361235613
clustered_11,1,8,0.36396732206213034,0.26478004869994154
clustered_11,2,8,0.3539800269523253,0.2334905660377358
clustered_11,3,8,0.39045162404266925,0.373316652302716
clustered_11,4,8,0.3019063224936075,0.2549883588773899
clustered_11,5,8,0.28680575583729634,0.3017995373971968
clustered_12,1,0,0.5646869448327465,0.5671582678546103
clustered_12,2,0,0.524793134383307,0.5671582678546103
clustered_12,3,0,0.5056387385326974,0.5059530021481378
clustered_12,4,0,0.42187598367623413,0.40939412768642414
clustered_12,5,0,0.3642269225025474,0.3524688493007582
clustered_12,1,1,0.4792752084470204,0.46314110925749774
clustered_12,2,1,0.4452457723089909,0.5341649906548238
clustered_12,3,1,0.4840685995135509,0.5548601652858546
clustered_12,4,1,0.4052145956422457,0.46326142168634854
clustered_12,5,1,0.3684485757580205,0.4328417321453897
clustered_12,1,2,0.49956877231657554,0.5671582678546103
clustered_12,2,2,0.48185721356751876,0.5671582678546103
clustered_12,3,2,0.46822499852292776,0.4287194116563423
clustered_12,4,2,0.4325582624325843,0.36375309390638144
clustered_12,5,2,0.39155753606092136,0.3008982825132684
clustered_12,1,3,0.5046415631364877,0.5323838396469316
clustered_12,2,3,0.5160805892249785,0.5671582678546103
clustered_12,3,3,0.5173021879278779,0.5491913870000646
clustered_12,4,3,0.4492446942554012,0.4233820421487392
clustered_12,5,3,0.41659491817738104,0.3615136582810079
clustered_12,1,4,0.49421087442907985,0.5671582678546103
clustered_12,2,4,0.5122018248554769,0.5671582678546103
clustered_12,3,4,0.48767128976265867,0.6112184487329129
clustered_12,4,4,0.4175732038602208,0.44313532959236146
clustered_12,5,4,0.38088398380926125,0.366973569838873
clustered_12,1,5,0.48132758339748727,0.5671582678546103
clustered_12,2,5,0.5334812807479711,0.5671582678546103
clustered_12,3,5,0.5144142375024066,0.5117917374493477
clustered_12,4,5,0.45441473555526074,0.4195636462096202
clustered_12,5,5,0.40532484927604495,0.3565425407092667
clustered_12,1,6,0.4468765034143154,0.42033517667795095
clustered_12,2,6,0.39722982889163677,0.46056244940522373
clustered_12,3,6,0.433544039231718,0.6034560804554807
clustered_12,4,6,0.39101773419592417,0.47041717496448815
clustered_12,5,6,0.3496093856542239,0.3939228215155892
clustered_12,1,7,0.6838741043532874,0.6950867891348309
clustered_12,2,7,0.4490284959209387,0.44796652555148203
clustered_12,3,7,0.46493568790472334,0.3667219721336502
clustered_12,4,7,0.4253446873257479,0.3185039293637479
clustered_12,5,7,0.38300297755757756,0.4068596694367334
clustered_12,1,8,0.6838741043532874,0.6950867891348309
clustered_12,2,8,0.6838741043532874,0.6950867891348309
clustered_12,3,8,0.3096794187471485,0.3697777285356333
clustered_12,4,8,0.32419609208096745,0.37623887403164336
clustered_12,5,8,0.33546413185770213,0.36081203903612646
clustered_13,1,0,0.5450732301847374,0.559756727243421
clustered_13,2,0,0.3513665155781227,0.36258358914115263
clustered_13,3,0,0.32628089150945144,0.27881606111109614
clustered_13,4,0,0.31870786916321997,0.2751332428366901
clustered_13,5,0,0.28447965927205915,0.18801492105828976
clustered_13,1,1,0.4995762702690176,0.5529626140430804
clustered_13,2,1,0.3508124801568464,0.3973704192143227
clustered_13,3,1,0.30615547971250023,0.319337582321664
clustered_13,4,1,0.26305890076433575,0.2479846169610853
clustered_13,5,1,0.23371451218432482,0.20549264582125715
clustered_13,1,2,0.47536676974147185,0.5064134637084987
clustered_13,2,2,0.3571736767558203,0.3042556612622269
clustered_13,3,2,0.33027712400511383,0.3232323964068386
clustered_13,4,2,0.3368190856518025,0.24751322661184194
clustered_13,5,2,0.3401045560992617,0.22405639253918908
clustered_13,1,3,0.4620080892254822,0.5046277494227844
clustered_13,2,3,0.35685009598892153,0.3625909324711588
clustered_13,3,3,0.37214559539255454,0.31374883286648
clustered_13,4,3,0.3292585992993914,0.2866479032230288
clustered_13,5,3,0.3718193602979933,0.30055814720632357
clustered_13,1,4,0.39678384452070087,0.3758792807097472
clustered_13,2,4,0.30857691110933355,0.29729460437033595
clustered_13,3,4,0.28492425218458334,0.35389290234261656
clustered_13,4,4,0.25579930344206786,0.31693956033557236
clustered_13,5,4,0.19451785397201482,0.1497865064452868
clustered_13,1,5,0.4849499569227429,0.4854147864598215
clustered_13,2,5,0.36096285940407946,0.2608777494227844
clustered_13,3,5,0.34436240705839577,0.26444917799421314
clustered_13,4,5,0.33418775112955207,0.2579386788945378
clustered_13,5,5,0.3035759195408839,0.2360935072661341
clustered_13,1,6,0.4678874032731683,0.5953003023760339
clustered_13,2,6,0.3025412366305969,0.2198787078627893
clustered_13,3,6,0.31306207475050857,0.30664126575767015
clustered_13,4,6,0.29854271396779736,0.3304833628325944
clustered_13,5,6,0.3301819442209348,0.2758287456702454
clustered_13,1,7,0.4301634025405188,0.43199991998400145
clustered_13,2,7,0.38062709799127614,0.3606001885635626
clustered_13,3,7,0.39168031902422434,0.3135281810856356
clustered_13,4,7,0.3833940807768487,0.32274237877524814
clustered_13,5,7,0.3648570745760138,0.29962367718039284
clustered_13,1,8,0.3051415877239915,0.2483777494227844
clustered_13,2,8,0.23404118476780894,0.27019528069376164
clustered_13,3,8,0.24578750001479774,0.25081990221935757
clustered_13,4,8,0.2916701128833881,0.2936641975285992
clustered_13,5,8,0.29051784514286516,0.2784821390824612
clustered_14,1,0,0.5674121853268163,0.6421554430711366
clustered_14,2,0,0.578313382613576,0.6868544940201876
clustered_14,3,0,0.41254928667522617,0.4867437114094051
clustered_14,4,0,0.3299275608549102,0.37942903382521503
clustered_14,5,0,0.3129533299539402,0.3884031526359699
clustered_14,1,1,0.5399364232055648,0.6189352802413387
clustered_14,2,1,0.5531165839759757,0.662284807248886
clustered_14,3,1,0.38630806368250586,0.3594427797866193
clustered_14,4,1,0.3010540947856956,0.2957717199676705
clustered_14,5,1,0.298182071275914,0.2224221775414429
clustered_14,1,2,0.5431254689477837,0.5438599885256821
clustered_14,2,2,0.5639198386527347,0.6565312214023945
clustered_14,3,2,0.4017280878950407,0.4558586538576808
clustered_14,4,2,0.4106208702869088,0.3930804448958156
clustered_14,5,2,0.41234299438141037,0.3985920601609615
clustered_14,1,3,0.5259717391425478,0.5671652350428835
clustered_14,2,3,0.5709353427979663,0.5895205796066096
clustered_14,3,3,0.42313741866698673,0.4968514415171351
clustered_14,4,3,0.43097160084408354,0.36816077572779093
clustered_14,5,3,0.4233772929998681,0.34617707687117916
clustered_14,1,4,0.4861095654755837,0.5163116000137045
clustered_14,2,4,0.5086296251709298,0.566075544832622
clustered_14,3,4,0.3667946375014826,0.3681470004189117
clustered_14,4,4,0.28573993448528207,0.2656915832771899
clustered_14,5,4,0.26992986149146003,0.16336341484490846
clustered_14,1,5,0.5393165080302107,0.5550899350497462
clustered_14,2,5,0.5727469928076282,0.6661256135256821
clustered_14,3,5,0.4514269077281654,0.4710653757310693
clustered_14,4,5,0.3648500918119516,0.31524423158889203
clustered_14,5,5,0.3551819882512161,0.3277227633704334
clustered_14,1,6,0.4959157965869371,0.5517909034920814
clustered_14,2,6,0.526475107338199,0.44212002406356343
clustered_14,3,6,0.391299288555949,0.46776634417340435
clustered_14,4,6,0.3676056815250587,0.31194520003122705
clustered_14,5,6,0.37328294850739224,0.3244237318127684
clustered_14,1,7,0.7182116214349348,0.8405609569680171
clustered_14,2,7,0.42496372216222533,0.3592842368296247
clustered_14,3,7,0.39458507073854227,0.4293739957546811
clustered_14,4,7,0.3433101558445095,0.23779461848945527
clustered_14,5,7,0.3761575365224847,0.2902057490224167
clustered_14,1,8,0.4756126630841766,0.45131802148655764
clustered_14,2,8,0.4256420608026847,0.5448878800449404
clustered_14,3,8,0.29164542295066653,0.2797313120032233
clustered_14,4,8,0.38065534587678856,0.45131802148655764
clustered_14,5,8,0.38676382084718,0.4067020006959007
clustered_15,1,0,0.41974242959733177,0.3997233783222498
clustered_15,2,0,0.4908445196154427,0.5426765473357154
clustered_15,3,0,0.3360946530289623,0.4084772011048666
clustered_15,4,0,0.28232961219692576,0.23824016608663462
clustered_15,5,0,0.28281742862311837,0.24367883654283862
clustered_15,1,1,0.4393958325069845,0.34377091183853875
clustered_15,2,1,0.4626672072514773,0.4241284287875968
clustered_15,3,1,0.33164835041986773,0.39274356392804555
clustered_15,4,1,0.269558843479863,0.2529178231823064
clustered_15,5,1,0.2750817003165851,0.22642808494912214
clustered_15,1,2,0.41283984714362343,0.3416103990096008
clustered_15,2,2,0.4247793310265569,0.4171909218500898
clustered_15,3,2,0.2871221118427252,0.18306081974245958
clustered_15,4,2,0.36944506156736756,0.28924646804605914
clustered_15,5,2,0.3761874347656533,0.29442280753398586
clustered_15,1,3,0.43368242654598,0.2860841987812968
clustered_15,2,3,0.49648004106810384,0.46113330239377753
clustered_15,3,3,0.36050253893243206,0.3045227457974262
clustered_15,4,3,0.34547224413683225,0.38637943961672694
clustered_15,5,3,0.35123006658719363,0.334783941697689
clustered_15,1,4,0.4141457720830727,0.3729037952338924
clustered_15,2,4,0.3725504830126597,0.4227715854686837
clustered_15,3,4,0.33363628133534134,0.36729896819831365
clustered_15,4,4,0.28482503228342826,0.2956763421007008
clustered_15,5,4,0.2857630152568586,0.24276827389304234
clustered_15,1,5,0.3841662306540697,0.29342075262537515
clustered_15,2,5,0.5117596523341876,0.5193186416248684
clustered_15,3,5,0.358295144311313,0.3546337382702669
clustered_15,4,5,0.2996201394536274,0.2477946054082967
clustered_15,5,5,0.30358833260743967,0.22352233390206822
clustered_15,1,6,0.44470223835125544,0.3416103990096008
clustered_15,2,6,0.41458780980612275,0.30314964184235016
clustered_15,3,6,0.3058504304628075,0.2313330472745776
clustered_15,4,6,0.3122641467872571,0.2977699551047309
clustered_15,5,6,0.2843887351101619,0.21351966738130568
clustered_15,1,7,0.6715270162732884,0.7007407053998733
clustered_15,2,7,0.38871813938318417,0.44843688036925355
clustered_15,3,7,0.36483284264598764,0.24412516752872448
clustered_15,4,7,0.36699926693303825,0.2978840192185752
clustered_15,5,7,0.31679268171559305,0.2487056575895329
clustered_15,1,8,0.38967054509931787,0.31240064970355164
clustered_15,2,8,0.3870340802636774,0.38040571909842735
clustered_15,3,8,0.2958969442534386,0.27092718265359883
clustered_15,4,8,0.2651140633319989,0.21004768773174187
clustered_15,5,8,0.25317236520487785,0.17219539452010402
clustered_16,1,0,0.5885736477588572,0.5702530330099792
clustered_16,2,0,0.3665340005501295,0.3253810384812037
clustered_16,3,0,0.3290045282374911,0.2806666319906013
clustered_16,4,0,0.33302532966992593,0.26092209235856134
clustered_16,5,0,0.31542697166660855,0.24429704286403836
clustered_16,1,1,0.5503348766058561,0.5688926454036475
clustered_16,2,1,0.38641853401184534,0.33336299369409694
clustered_16,3,1,0.3759558005797072,0.37383724523043926
clustered_16,4,1,0.35722550070178294,0.3061874263093297
clustered_16,5,1,0.3425293418008449,0.24628476341419991
clustered_16,1,2,0.5640638958660644,0.5688926454036475
clustered_16,2,2,0.3575788531064913,0.2601528769194582
clustered_16,3,2,0.34767427383751115,0.3103357472021065
clustered_16,4,2,0.3294592368957293,0.34900617905559833
clustered_16,5,2,0.32480462345362504,0.3387011996696856
clustered_16,1,3,0.5462838998453277,0.595650867973749
clustered_16,2,3,0.3698527942165669,0.383938947884349
clustered_16,3,3,0.35350947199217997,0.2698919567827131
clustered_16,4,3,0.3426253969855281,0.3852373249596144
clustered_16,5,3,0.3516647961560333,0.3423460732828022
clustered_16,1,4,0.5448438414608249,0.595650867973749
clustered_16,2,4,0.36809961649271417,0.367394517051298
clustered_16,3,4,0.3555065607281822,0.30935968038344686
clustered_16,4,4,0.33352082481098233,0.31070104279959687
clustered_16,5,4,0.31978540026383445,0.26527654721139804
clustered_16,1,5,0.5695068749201546,0.5688926454036475
clustered_16,2,5,0.3324205789312008,0.21242304011832952
clustered_16,3,5,0.35053615324384096,0.286158334165977
clustered_16,4,5,0.36913634335609213,0.38575381444327533
clustered_16,5,5,0.34556937194705295,0.3711467696854827
clustered_16,1,6,0.41775351265059646,0.4962041870623034
clustered_16,2,6,0.3232161298700478,0.3497986961780204
clustered_16,3,6,0.35370337884335146,0.30715086797374913
clustered_16,4,6,0.4293428279572415,0.4435054725766463
clustered_16,5,6,0.4197296830430694,0.4221930942428135
clustered_16,1,7,0.4713655377771191,0.4962041870623034
clustered_16,2,7,0.3844626150666677,0.36056470062556145
clustered_16,3,7,0.34053922872204584,0.30860735459635236
clustered_16,4,7,0.3702550241381162,0.3401585535465926
clustered_16,5,7,0.3535415143307142,0.3717146725224169
clustered_16,1,8,0.6892404446537244,0.7044275649352076
clustered_16,2,8,0.3329009092507253,0.2824145403279503
clustered_16,3,8,0.3155837479033597,0.3072244444674983
clustered_16,4,8,0.3519912912367263,0.29557243506479236
clustered_16,5,8,0.33574206114321997,0.36029901174647483
clustered_17,1,0,0.46851605546307884,0.5212502667010701
clustered_17,2,0,0.499446433034008,0.5187473358433679
clustered_17,3,0,0.334728400963195,0.3310545838120265
clustered_17,4,0,0.3337692777430544,0.3484652030412719
clustered_17,5,0,0.36052714556773074,0.34427037926737947
clustered_17,1,1,0.3730428406421118,0.30872813190957704
clustered_17,2,1,0.4365699489742649,0.5238617613916137
clustered_17,3,1,0.29865925539393356,0.27906460953903023
clustered_17,4,1,0.2985575022227008,0.25010408052236777
clustered_17,5,1,0.30078200053588516,0.24301291492317378
clustered_17,1,2,0.4759274485915907,0.3645335107412718
clustered_17,2,2,0.4464977105116549,0.38360394990225144
clustered_17,3,2,0.3096194390297961,0.2102656498281923
clustered_17,4,2,0.3311490086591076,0.3198076913605329
clustered_17,5,2,0.3751723422671486,0.3775658789354761
clustered_17,1,3,0.4385215126329714,0.387399083111855
clustered_17,2,3,0.48878369956879664,0.5187671588723417
clustered_17,3,3,0.36309123590248493,0.277254559888075
clustered_17,4,3,0.3646243414916757,0.2868314683867536
clustered_17,5,3,0.37468045582297405,0.2684943507690148
clustered_17,1,4,0.4631677271484685,0.486986662276138
clustered_17,2,4,0.49453055887304437,0.6226504687453485
clustered_17,3,4,0.34165263560058085,0.3409617400709367
clustered_17,4,4,0.3122237382268211,0.3414513929142131
clustered_17,5,4,0.3222697979355955,0.34144036695935076
clustered_17,1,5,0.45214737266005867,0.45143687598259985
clustered_17,2,5,0.5023591456962163,0.5259862605941996
clustered_17,3,5,0.33741489028827254,0.3153401719786444
clustered_17,4,5,0.3416065230387495,0.2153919102422704
clustered_17,5,5,0.35902641534223095,0.23817730375157703
clustered_17,1,6,0.3951826432105299,0.27415020983165506
clustered_17,2,6,0.4157714562626062,0.40608347665057876
clustered_17,3,6,0.33963185741947155,0.3490422974853212
clustered_17,4,6,0.35609587241084134,0.3316316782560758
clustered_17,5,6,0.37988695659192045,0.3735300449193114
clustered_17,1,7,0.6783402327521981,0.686942121164951
clustered_17,2,7,0.4552265625462069,0.5220121040350126
clustered_17,3,7,0.32630127175075224,0.24715833526926967
clustered_17,4,7,0.33669727343439504,0.22291326278620294
clustered_17,5,7,0.32691488751323333,0.2884994243045091
clustered_17,1,8,0.6783402327521981,0.686942121164951
clustered_17,2,8,0.3223688729523488,0.3140237083426526
clustered_17,3,8,0.263093597694531,0.2101730375764932
clustered_17,4,8,0.35873738346997536,0.3386214416818245
clustered_17,5,8,0.37790802826333864,0.4196157752109216
clustered_18,1,0,0.46019239371002435,0.3587994302073911
clustered_18,2,0,0.48367280501309057,0.3839484433010006
clustered_18,3,0,0.32940951000045116,0.22179060840152331
clustered_18,4,0,0.30460621484102246,0.2803863008389149
clustered_18,5,0,0.28316654661975965,0.2660478700211585
clustered_18,1,1,0.4272560880804889,0.554310071582461
clustered_18,2,1,0.4164957627717688,0.554310071582461
clustered_18,3,1,0.36054512605934785,0.3261527034628111
clustered_18,4,1,0.2579730646205485,0.3024960877083974
clustered_18,5,1,0.26298492086001907,0.2614826986921963
clustered_18,1,2,0.4240147651984111,0.2032761743934376
clustered_18,2,2,0.45451816062502304,0.28190266417505366
clustered_18,3,2,0.4027899250289831,0.3542386398684544
clustered_18,4,2,0.35033577132830707,0.3006764081290882
clustered_18,5,2,0.33077771706735776,0.322844566040273
clustered_18,1,3,0.42419413685450064,0.21545762963723564
clustered_18,2,3,0.43505174112258227,0.23159181761420705
clustered_18,3,3,0.44101719207381684,0.371366304776227
clustered_18,4,3,0.30592214361943876,0.23049904984246983
clustered_18,5,3,0.3075898153138504,0.16937773972253278
clustered_18,1,4,0.42268209634258896,0.4129887092873504
clustered_18,2,4,0.43933943345428655,0.4129887092873504
clustered_18,3,4,0.3851503620562064,0.3522484857370912
clustered_18,4,4,0.2775444277783381,0.3165697439221028
clustered_18,5,4,0.2727038358838401,0.35489502916291427
clustered_18,1,5,0.4342223358012217,0.29098164742929467
clustered_18,2,5,0.468777114064001,0.2835275512572578
clustered_18,3,5,0.3840901729385877,0.3467312681864399
clustered_18,4,5,0.355687587898436,0.3140298455549054
clustered_18,5,5,0.34807518166386625,0.3368620904467459
clustered_18,1,6,0.4857465147333114,0.38701129071264967
clustered_18,2,6,0.4299291421144507,0.33430110285994774
clustered_18,3,6,0.4465858256163872,0.4498193544914898
clustered_18,4,6,0.309129034982023,0.32765952145900695
clustered_18,5,6,0.32691717529021563,0.3403009238534675
clustered_18,1,7,0.6421438244704728,0.7032761743934376
clustered_18,2,7,0.6421438244704728,0.7032761743934376
clustered_18,3,7,0.6421438244704728,0.7032761743934376
clustered_18,4,7,0.4223002533385872,0.3555284114153188
clustered_18,5,7,0.41304886478081326,0.3945826698630086
clustered_18,1,8,0.40725560530124855,0.3956004869460621
clustered_18,2,8,0.42920634494421694,0.4260028900478021
clustered_18,3,8,0.38582562408577314,0.3798004000312409
clustered_18,4,8,0.3058271979729854,0.3069038545833381
clustered_18,5,8,0.31165135758995516,0.3648233606930911
clustered_19,1,0,0.44441543160949487,0.30745921096459505
clustered_19,2,0,0.36126497207575414,0.22150394814597824
clustered_19,3,0,0.3155882133540978,0.2251190768568595
clustered_19,4,0,0.29134720796376506,0.21196305222862694
clustered_19,5,0,0.2935872193372728,0.2251317568070093
clustered_19,1,1,0.4099386027316173,0.4106811187524764
clustered_19,2,1,0.3700858739028427,0.3303882136200933
clustered_19,3,1,0.31570597165012193,0.31914085903573053
clustered_19,4,1,0.24143237754145097,0.2138455563067806
clustered_19,5,1,0.24918827863692408,0.2508367388137108
clustered_19,1,2,0.38141421484894034,0.235291580400276
clustered_19,2,2,0.4268365876934958,0.344482914345928
clustered_19,3,2,0.30415090685636054,0.2196232647634096
clustered_19,4,2,0.34264456666374293,0.3483133421970825
clustered_19,5,2,0.34726211463914236,0.3384985057104364
clustered_19,1,3,0.3905621220582238,0.217391304347826
clustered_19,2,3,0.4164890335645886,0.3241710721710722
clustered_19,3,3,0.31986718572646106,0.27524165203128326
clustered_19,4,3,0.30699544711503957,0.2875739961692574
clustered_19,5,3,0.3308877898135043,0.391408903931458
clustered_19,1,4,0.4028890128967444,0.46967334397069743
clustered_19,2,4,0.399133868489238,0.4370228209160784
clustered_19,3,4,0.3343489793240503,0.4303295393748082
clustered_19,4,4,0.2773710646559986,0.2757077525272995
clustered_19,5,4,0.2833267833731645,0.27410967069862013
clustered_19,1,5,0.37744849866267033,0.1963638716356107
clustered_19,2,5,0.38804775662895213,0.1856074959523236
clustered_19,3,5,0.3348332812547737,0.1864085350513649
clustered_19,4,5,0.3274819724086937,0.2561085689096823
clustered_19,5,5,0.3288159412658707,0.2535412346054327
clustered_19,1,6,0.4133639358298065,0.35823350176162433
clustered_19,2,6,0.43682543593393397,0.4281004709576139
clustered_19,3,6,0.28818484843474335,0.3289150473826422
clustered_19,4,6,0.3020459019489554,0.33113169726974123
clustered_19,5,6,0.35261714482095,0.38475554921424615
clustered_19,1,7,0.6377320406865694,0.5673419339510339
clustered_19,2,7,0.6377320406865694,0.5673419339510339
clustered_19,3,7,0.3228875117503809,0.2437798893284835
clustered_19,4,7,0.41274251025771336,0.36191604090579244
clustered_19,5,7,0.4078172411196365,0.32228008243154593
clustered_19,1,8,0.38324535254349446,0.3350338834491998
clustered_19,2,8,0.36943066669264113,0.24965029575194786
clustered_19,3,8,0.32915980821542196,0.3505706066130416
clustered_19,4,8,0.30027770803327464,0.3196516976220688
clustered_19,5,8,0.3313477459755591,0.3107157281626498
clustered_20,1,0,0.5051374116145985,0.47863472313534844
clustered_20,2,0,0.44324269114686693,0.5216857650624167
clustered_20,3,0,0.35998645831743376,0.39177183319186515
clustered_20,4,0,0.2989060262899957,0.3479910008683034
clustered_20,5,0,0.34014402627406165,0.35252330881898736
clustered_20,1,1,0.4839241625402242,0.5528719900322725
clustered_20,2,1,0.38749909710646663,0.3282561999406197
clustered_20,3,1,0.3200578232761889,0.333361345786342
clustered_20,4,1,0.2865866785708798,0.2318048196128708
clustered_20,5,1,0.3007809688801628,0.33320715222813835
clustered_20,1,2,0.4106092962697621,0.2453021442495126
clustered_20,2,2,0.3421809278597519,0.22538547877357207
clustered_20,3,2,0.32624873283237293,0.3518948688989483
clustered_20,4,2,0.33177767511146217,0.21608093214493174
clustered_20,5,2,0.34618729613576854,0.29834311357622434
clustered_20,1,3,0.450352217689623,0.36155743604166224
clustered_20,2,3,0.4142740190903467,0.3163008449852662
clustered_20,3,3,0.3646266390522775,0.2750327979600352
clustered_20,4,3,0.34299295901965543,0.3550549438353281
clustered_20,5,3,0.35702937859663664,0.3229098889256997
clustered_20,1,4,0.43521439277082197,0.46591475089720596
clustered_20,2,4,0.35014112230742833,0.3314375589998102
clustered_20,3,4,0.28267321696758685,0.32684319826995445
clustered_20,4,4,0.2710607337338304,0.2484722922860657
clustered_20,5,4,0.28289534694038276,0.33689509372660176
clustered_20,1,5,0.4349087350206235,0.2984222144557364
clustered_20,2,5,0.4144261543012331,0.3651533899558237
clustered_20,3,5,0.37862844853225563,0.35219126457992406
clustered_20,4,5,0.3201376350492897,0.30723720433059293
clustered_20,5,5,0.3508989560853078,0.31874371442573074
clustered_20,1,6,0.39723233101956884,0.38508052183050834
clustered_20,2,6,0.3436959769020425,0.4073417343183539
clustered_20,3,6,0.40031774981584617,0.4073948939117076
clustered_20,4,6,0.38933457638303076,0.38634996335978034
clustered_20,5,6,0.39364958977562053,0.36435058962610195
clustered_20,1,7,0.6853824447861956,0.7092741014681124
clustered_20,2,7,0.32312438676954375,0.2062872653975002
clustered_20,3,7,0.40413419000297995,0.34208482245031324
clustered_20,4,7,0.34961109493963954,0.3386118759913209
clustered_20,5,7,0.3878004586741482,0.3536450837877415
clustered_20,1,8,0.36613928543447793,0.27804874125321954
clustered_20,2,8,0.36015789432174816,0.40023176775029573
clustered_20,3,8,0.33443574889827504,0.31188785715504186
clustered_20,4,8,0.3390655217226316,0.35555770206291004
clustered_20,5,8,0.34171811974259464,0.35099090899685037
