filename,sample_time,r,mae,mdae
random_1,0,1,0.22592592592592597,0.05
random_1,0,2,0.17094017094017094,0.09743589743589744
random_1,0,3,0.06703703703703696,0.025
random_1,0,4,0.05361336946702793,0.030487804878048697
random_1,0,5,0.043746205221615056,0.046994535519125746
random_1,100,1,0.1729,0.10788333333333333
random_1,100,2,0.1682435897435898,0.03141666666666665
random_1,100,3,0.1486074074074074,0.0137
random_1,100,4,0.15235790424570908,0.024400813008130094
random_1,100,5,0.14456842744383722,0.0137
random_1,200,1,0.4655722222222222,0.06813333333333334
random_1,200,2,0.5120645299145299,0.0303
random_1,200,3,0.4414092592592593,0.0303
random_1,200,4,0.45369471544715456,0.0303
random_1,200,5,0.4520953551912569,0.0303
random_1,300,1,0.1857296296296296,0.07216666666666666
random_1,300,2,0.12796951566951567,0.0523
random_1,300,3,0.11025925925925922,0.0345
random_1,300,4,0.08807886178861787,0.026638211382113808
random_1,300,5,0.08367874924104429,0.02952377049180327
random_1,400,1,0.27906851851851855,0.0486
random_1,400,2,0.2610075498575498,0.036674358974359056
random_1,400,3,0.2707203703703704,0.03225
random_1,400,4,0.25309209575429087,0.02485
random_1,400,5,0.2523812689738919,0.01055
random_1,500,1,0.661488888888889,0.0027
random_1,500,2,0.46091908831908834,0.0027
random_1,500,3,0.38889629629629624,0.0027
random_1,500,4,0.39054769647696486,0.013560162601626017
random_1,500,5,0.3774270188221008,0.019157923497267755
random_1,600,1,0.11122592592592591,0.00435
random_1,600,2,0.06996182336182342,0.00435
random_1,600,3,0.15178518518518525,0.00435
random_1,600,4,0.15133432700993682,0.00435
random_1,600,5,0.1287170613236187,0.006578961748633877
random_2,0,1,0.22592592592592597,0.05
random_2,0,2,0.17094017094017094,0.09743589743589744
random_2,0,3,0.06703703703703696,0.025
random_2,0,4,0.05361336946702793,0.030487804878048697
random_2,0,5,0.043746205221615056,0.046994535519125746
random_2,100,1,0.27444814814814816,0.0547
random_2,100,2,0.2584139601139601,0.0547
random_2,100,3,0.2657074074074074,0.02803333333333333
random_2,100,4,0.24951951219512195,0.038039024390243883
random_2,100,5,0.2506472981177899,0.02191311475409837
random_2,200,1,0.6088925925925925,0.0481
random_2,200,2,0.5412236467236466,0.0275
random_2,200,3,0.5155814814814814,0.0275
random_2,200,4,0.5159361336946702,0.036980487804878046
random_2,200,5,0.49576642380085,0.02624207650273224
random_2,300,1,0.15581111111111107,0.06768333333333333
random_2,300,2,0.15011310541310544,0.08819615384615385
random_2,300,3,0.17102592592592594,0.041016666666666673
random_2,300,4,0.222503613369467,0.031910975609756115
random_2,300,5,0.2509663023679418,0.013792076502732245
random_2,400,1,0.3596574074074075,0.060383333333333344
random_2,400,2,0.37586851851851855,0.03555
random_2,400,3,0.3936462962962963,0.11953333333333327
random_2,400,4,0.4029687895212286,0.06436097560975612
random_2,400,5,0.3902585003035823,0.054231693989071024
random_2,500,1,0.1612462962962963,0.13915
random_2,500,2,0.10094031339031344,0.02199743589743619
random_2,500,3,0.12249074074074073,0.02723333333333322
random_2,500,4,0.1381999548328817,0.033254471544715614
random_2,500,5,0.13936961141469337,0.04777978142076478
random_2,600,1,0.19791111111111107,0.005
random_2,600,2,0.2171461538461539,0.005
random_2,600,3,0.2245777777777777,0.005
random_2,600,4,0.20949241192411927,0.005
random_2,600,5,0.20205834851244694,0.005
random_3,0,1,0.22592592592592597,0.05
random_3,0,2,0.17094017094017094,0.09743589743589744
random_3,0,3,0.06703703703703696,0.025
random_3,0,4,0.05361336946702793,0.030487804878048697
random_3,0,5,0.043746205221615056,0.046994535519125746
random_3,100,1,0.1468740740740741,0.0498
random_3,100,2,0.15290142450142444,0.0257
random_3,100,3,0.10676666666666669,0.0257
random_3,100,4,0.09089159891598915,0.02450162601626013
random_3,100,5,0.10922987249544637,0.017881420765027356
random_3,200,1,0.13585185185185192,0.02315
random_3,200,2,0.2500814814814814,0.064
random_3,200,3,0.17304444444444453,0.060700000000000004
random_3,200,4,0.1880909665763323,0.029480487804878056
random_3,200,5,0.18348548876745607,0.02315
random_3,300,1,0.3528296296296296,0.0469
random_3,300,2,0.3526723646723647,0.20225
random_3,300,3,0.34651851851851856,0.16246666666666665
random_3,300,4,0.3547570009033423,0.13840162601626016
random_3,300,5,0.34814899817850636,0.1288054644808743
random_3,400,1,0.33695740740740737,0.0437
random_3,400,2,0.32040868945868944,0.0437
random_3,400,3,0.309787037037037,0.04338333333333333
random_3,400,4,0.2936312104787714,0.03084593495934962
random_3,400,5,0.308588190649666,0.02855
random_3,500,1,0.3747388888888889,0.19896666666666668
random_3,500,2,0.25622037037037043,0.13742820512820514
random_3,500,3,0.22362777777777781,0.1031833333333334
random_3,500,4,0.22189336043360436,0.08041910569105681
random_3,500,5,0.19914690346083788,0.06602486338797808
random_3,600,1,0.34725000000000006,0.1366
random_3,600,2,0.2975747863247864,0.08773589743589742
random_3,600,3,0.26007222222222226,0.1366
random_3,600,4,0.2566756549232159,0.12033983739837398
random_3,600,5,0.22063081360048575,0.12567103825136614
random_4,0,1,0.22592592592592597,0.05
random_4,0,2,0.17094017094017094,0.09743589743589744
random_4,0,3,0.06703703703703696,0.025
random_4,0,4,0.05361336946702793,0.030487804878048697
random_4,0,5,0.043746205221615056,0.046994535519125746
random_4,100,1,0.08050925925925928,0.02675
random_4,100,2,0.07863717948717941,0.04283333333333339
random_4,100,3,0.1160648148148148,0.0501
random_4,100,4,0.09098803071364045,0.0501
random_4,100,5,0.07260944140862177,0.028242076502732246
random_4,200,1,0.5672351851851852,0.0485
random_4,200,2,0.5683747863247864,0.02085
random_4,200,3,0.5803796296296295,0.01121666666666666
random_4,200,4,0.5759713188798554,0.01576951219512194
random_4,200,5,0.5691592289010322,0.03379480874316938
random_4,300,1,0.22554814814814816,0.11121666666666666
random_4,300,2,0.20845413105413105,0.05725
random_4,300,3,0.2225851851851852,0.05725
random_4,300,4,0.2273548328816621,0.04098983739837399
random_4,300,5,0.21947650273224042,0.03539207650273225
random_4,400,1,0.34804814814814816,0.0287
random_4,400,2,0.26565726495726494,0.016710256410256447
random_4,400,3,0.24218148148148147,0.016933333333333356
random_4,400,4,0.24731246612466126,0.0287
random_4,400,5,0.2647451730418944,0.0287
random_4,500,1,0.3144944444444445,0.03376666666666667
random_4,500,2,0.29559472934472936,0.027771794871794847
random_4,500,3,0.3106796296296297,0.035
random_4,500,4,0.3354673441734418,0.06621951219512195
random_4,500,5,0.33511193078324225,0.04942622950819674
random_4,600,1,0.5633407407407406,0.1244
random_4,600,2,0.597528774928775,0.07311794871794872
random_4,600,3,0.6008814814814815,0.07386666666666666
random_4,600,4,0.5772500451671183,0.062159349593495936
random_4,600,5,0.557554219793564,0.050697267759562875
random_5,0,1,0.22592592592592597,0.05
random_5,0,2,0.17094017094017094,0.09743589743589744
random_5,0,3,0.06703703703703696,0.025
random_5,0,4,0.05361336946702793,0.030487804878048697
random_5,0,5,0.043746205221615056,0.046994535519125746
random_5,100,1,0.34253518518518516,0.05085
random_5,100,2,0.3494688034188034,0.051714102564102575
random_5,100,3,0.26030555555555557,0.013983333333333348
random_5,100,4,0.27931187895212284,0.0196788617886179
random_5,100,5,0.302709927140255,0.014723770491803255
random_5,200,1,0.5302759259259261,0.04485
random_5,200,2,0.5314961538461539,0.0753
random_5,200,3,0.5228351851851851,0.033183333333333336
random_5,200,4,0.4932778229448961,0.012370325203252035
random_5,200,5,0.4796536429872496,0.03449480874316938
random_5,300,1,0.5177314814814815,0.09438333333333333
random_5,300,2,0.34565170940170936,0.04245
random_5,300,3,0.35749814814814823,0.04245
random_5,300,4,0.32692904245709126,0.0282
random_5,300,5,0.3088176988463874,0.02802103825136612
random_5,400,1,0.37350925925925926,0.04185
random_5,400,2,0.3700904558404559,0.04185
random_5,400,3,0.3349907407407408,0.04185
random_5,400,4,0.3857947154471545,0.02558983739837398
random_5,400,5,0.36840907710989673,0.019992076502732246
random_5,500,1,0.3834740740740741,0.23665
random_5,500,2,0.4061737891737892,0.1853679487179487
random_5,500,3,0.4115074074074074,0.12998333333333334
random_5,500,4,0.3727642276422764,0.11001910569105666
random_5,500,5,0.35797978142076503,0.12736038251366122
random_5,600,1,0.15060555555555558,0.02043333333333333
random_5,600,2,0.09949245014245009,0.0318
random_5,600,3,0.13823888888888883,0.0318
random_5,600,4,0.14092831978319775,0.013
random_5,600,5,0.1571588646023072,0.013
random_6,0,1,0.22592592592592597,0.05
random_6,0,2,0.17094017094017094,0.09743589743589744
random_6,0,3,0.06703703703703696,0.025
random_6,0,4,0.05361336946702793,0.030487804878048697
random_6,0,5,0.043746205221615056,0.046994535519125746
random_6,100,1,0.2126333333333334,0.02515
random_6,100,2,0.14996324786324783,0.047114102564102575
random_6,100,3,0.12876666666666667,0.07788333333333333
random_6,100,4,0.11799882565492315,0.025850813008130094
random_6,100,5,0.11951942926533092,0.0102
random_6,200,1,0.2843388888888889,0.0489
random_6,200,2,0.06418504273504273,0.02469230769230779
random_6,200,3,0.08312777777777781,0.0489
random_6,200,4,0.08538288166214997,0.04856097560975611
random_6,200,5,0.08440549483910147,0.0489
random_6,300,1,0.27642777777777783,0.03605
random_6,300,2,0.2616650997150997,0.0586
random_6,300,3,0.2561611111111112,0.0586
random_6,300,4,0.23794972899728994,0.0586
random_6,300,5,0.24319207650273222,0.03674207650273224
random_6,400,1,0.2654611111111111,0.06473333333333331
random_6,400,2,0.23512150997150996,0.14455
random_6,400,3,0.2303351851851852,0.0362
random_6,400,4,0.25721865401987354,0.0362
random_6,400,5,0.2475920765027323,0.0362
random_6,500,1,0.1955407407407408,0.057583333333333334
random_6,500,2,0.10665185185185182,0.026814102564102577
random_6,500,3,0.1057037037037037,0.024566666666666667
random_6,500,4,0.1471851851851852,0.04322967479674796
random_6,500,5,0.11628117789921068,0.04296311475409837
random_6,600,1,0.24247037037037045,0.08585
random_6,600,2,0.12682706552706557,0.08211666666666684
random_6,600,3,0.10280370370370363,0.09424999999999972
random_6,600,4,0.07642610659439922,0.03706951219512195
random_6,600,5,0.10450376442015787,0.08861612021857923
random_7,0,1,0.22592592592592597,0.05
random_7,0,2,0.17094017094017094,0.09743589743589744
random_7,0,3,0.06703703703703696,0.025
random_7,0,4,0.05361336946702793,0.030487804878048697
random_7,0,5,0.043746205221615056,0.046994535519125746
random_7,100,1,0.17310185185185178,0.07605
random_7,100,2,0.12027706552706545,0.07605
random_7,100,3,0.12437962962962956,0.027033333333333336
random_7,100,4,0.140779268292683,0.022480487804878057
random_7,100,5,0.14624562841530053,0.0156
random_7,200,1,0.46768703703703696,0.0546
random_7,200,2,0.41317678062678065,0.02495
random_7,200,3,0.39967592592592593,0.0254
random_7,200,4,0.3738042005420054,0.027249186991869914
random_7,200,5,0.3745150273224043,0.05390519125683061
random_7,300,1,0.2398537037037037,0.12273333333333336
random_7,300,2,0.22959729344729343,0.0798679487179487
random_7,300,3,0.2783722222222222,0.05114999999999999
random_7,300,4,0.26169661246612463,0.06610934959349592
random_7,300,5,0.29747489374620517,0.07650519125683061
random_7,400,1,0.15864074074074075,0.15541666666666668
random_7,400,2,0.13327863247863247,0.04997307692307695
random_7,400,3,0.1585777777777778,0.07718333333333333
random_7,400,4,0.12261273712737125,0.07132967479674795
random_7,400,5,0.09115865209471764,0.06013415300546448
random_7,500,1,0.05358518518518506,0.01729999999999965
random_7,500,2,0.1594481481481482,0.03235
random_7,500,3,0.1031518518518518,0.03235
random_7,500,4,0.08853857271906047,0.03235
random_7,500,5,0.07583254401942924,0.02846557377049183
random_7,600,1,0.12946111111111122,0.02225
random_7,600,2,0.17931039886039887,0.0191935897435897
random_7,600,3,0.2586722222222223,0.004416666666666669
random_7,600,4,0.2682115176151762,0.010270325203252037
random_7,600,5,0.26711393442622966,0.00039207650273224634
random_8,0,1,0.22592592592592597,0.05
random_8,0,2,0.17094017094017094,0.09743589743589744
random_8,0,3,0.06703703703703696,0.025
random_8,0,4,0.05361336946702793,0.030487804878048697
random_8,0,5,0.043746205221615056,0.046994535519125746
random_8,100,1,0.24919444444444439,0.19406666666666667
random_8,100,2,0.19677279202279202,0.060428205128205154
random_8,100,3,0.1869722222222222,0.0281
random_8,100,4,0.17418803071364042,0.0281
random_8,100,5,0.13473269581056457,0.01915
random_8,200,1,0.3724444444444444,0.08605
random_8,200,2,0.30865754985754984,0.08605
random_8,200,3,0.2756222222222221,0.07193333333333332
random_8,200,4,0.2620630532971997,0.03616097560975611
random_8,200,5,0.28049398907103834,0.06419207650273225
random_8,300,1,0.33071296296296304,0.04085
random_8,300,2,0.32273575498575496,0.09425128205128219
random_8,300,3,0.32756111111111114,0.06664999999999996
random_8,300,4,0.3201898373983739,0.09526788617886175
random_8,300,5,0.3175982088646023,0.10992868852459015
random_8,400,1,0.30283518518518515,0.13496666666666665
random_8,400,2,0.3455363247863248,0.06317179487179483
random_8,400,3,0.2814907407407407,0.08163333333333331
random_8,400,4,0.2505991418247515,0.040657723577235766
random_8,400,5,0.2436453248330297,0.08250765027322404
random_8,500,1,0.3148685185185186,0.04345
random_8,500,2,0.11201951566951569,0.01677820512820516
random_8,500,3,0.11338703703703702,0.016783333333333334
random_8,500,4,0.15009887082204154,0.027189837398373985
random_8,500,5,0.13004763205828784,0.032521038251366124
random_8,600,1,0.15637407407407405,0.0237
random_8,600,2,0.08447236467236467,1.7948717948711168e-05
random_8,600,3,0.08189629629629627,0.0237
random_8,600,4,0.05574435411020779,0.008820325203252037
random_8,600,5,0.08841997571341836,0.007584153005464486
random_9,0,1,0.22592592592592597,0.05
random_9,0,2,0.17094017094017094,0.09743589743589744
random_9,0,3,0.06703703703703696,0.025
random_9,0,4,0.05361336946702793,0.030487804878048697
random_9,0,5,0.043746205221615056,0.046994535519125746
random_9,100,1,0.18858888888888886,0.0775
random_9,100,2,0.1724709401709402,0.07634615384615386
random_9,100,3,0.1982407407407408,0.029166666666666674
random_9,100,4,0.2272922312556459,0.020060975609756088
random_9,100,5,0.18449453551912565,0.020860655737704903
random_9,200,1,0.4935685185185186,0.0619
random_9,200,2,0.5846562678062679,0.04066410256410258
random_9,200,3,0.5924055555555556,0.03685
random_9,200,4,0.5661724932249322,0.03685
random_9,200,5,0.5516134486945962,0.03685
random_9,300,1,0.4024370370370371,0.05705
random_9,300,2,0.2752532763532763,0.05705
random_9,300,3,0.2308555555555555,0.023800000000000016
random_9,300,4,0.2445077687443541,0.0102
random_9,300,5,0.2410539162112932,0.01045765027322404
random_9,400,1,0.16845370370370372,0.0804
random_9,400,2,0.16104059829059825,0.0816
random_9,400,3,0.17608333333333334,0.0816
random_9,400,4,0.15373608852755194,0.07725
random_9,400,5,0.14111891317547054,0.07725
random_9,500,1,0.2725685185185186,0.00855
random_9,500,2,0.13581638176638178,0.00855
random_9,500,3,0.19217962962962964,0.024916666666666667
random_9,500,4,0.16377854561878957,0.014510162601626018
random_9,500,5,0.12820312689738922,0.009178961748633876
random_9,600,1,0.2828833333333334,0.01545
random_9,600,2,0.2045462962962962,0.01545
random_9,600,3,0.20012037037037045,0.000899999999999998
random_9,600,4,0.2255584914182476,0.01545
random_9,600,5,0.21973822100789306,0.013526229508196735
random_10,0,1,0.22592592592592597,0.05
random_10,0,2,0.17094017094017094,0.09743589743589744
random_10,0,3,0.06703703703703696,0.025
random_10,0,4,0.05361336946702793,0.030487804878048697
random_10,0,5,0.043746205221615056,0.046994535519125746
random_10,100,1,0.2754407407407408,0.10638333333333333
random_10,100,2,0.20496837606837615,0.026464102564102573
random_10,100,3,0.14809629629629636,0.022766666666666664
random_10,100,4,0.09570243902439027,0.00965
random_10,100,5,0.11884729811778993,0.021455191256830625
random_10,200,1,0.39246481481481477,0.05033333333333333
random_10,200,2,0.4099084045584045,0.03728205128205129
random_10,200,3,0.38634629629629624,0.02366666666666667
random_10,200,4,0.3811430442637759,0.0206
random_10,200,5,0.37331162720097155,0.009671038251366124
random_10,300,1,0.2562925925925926,0.13941666666666666
random_10,300,2,0.19119059829059828,0.06416410256410257
random_10,300,3,0.19703333333333334,0.07615
random_10,300,4,0.1952330623306233,0.057232113821138214
random_10,300,5,0.19738154219793563,0.06522103825136612
random_10,400,1,0.2142222222222222,0.00775
random_10,400,2,0.1709173789173789,0.00775
random_10,400,3,0.1282962962962963,0.00775
random_10,400,4,0.15251806684733515,0.008510162601626018
random_10,400,5,0.1661126290224651,0.00575
random_10,500,1,0.07115,0.01175
random_10,500,2,0.12254059829059834,0.03056794871794872
random_10,500,3,0.06054629629629631,0.014916666666666668
random_10,500,4,0.08793563685636854,0.0005491869918699266
random_10,500,5,0.08912152398299931,0.0008210382513661237
random_10,600,1,0.25437407407407414,0.026933333333333365
random_10,600,2,0.2897017094017094,0.0286
random_10,600,3,0.2988185185185184,0.0286
random_10,600,4,0.2641301716350497,0.0286
random_10,600,5,0.2014293260473587,0.017671038251366122
random_11,0,1,0.22592592592592597,0.05
random_11,0,2,0.17094017094017094,0.09743589743589744
random_11,0,3,0.06703703703703696,0.025
random_11,0,4,0.05361336946702793,0.030487804878048697
random_11,0,5,0.043746205221615056,0.046994535519125746
random_11,100,1,0.26609814814814814,0.08225
random_11,100,2,0.28428760683760684,0.0282
random_11,100,3,0.25424629629629636,0.0282
random_11,100,4,0.24384566395663956,0.0282
random_11,100,5,0.2123619611414693,0.02785
random_11,200,1,0.4760055555555556,0.0952
random_11,200,2,0.4580599715099716,0.08416410256410257
random_11,200,3,0.4358203703703704,0.0471
random_11,200,4,0.3962178410117435,0.04671504065040649
random_11,200,5,0.3784747115968427,0.03445327868852455
random_11,300,1,0.1715,0.068
random_11,300,2,0.26246866096866095,0.10704615384615387
random_11,300,3,0.21861851851851857,0.07038333333333333
random_11,300,4,0.17389494128274618,0.03685
random_11,300,5,0.1559589556769885,0.04128961748633876
random_11,400,1,0.26278148148148145,0.1264
random_11,400,2,0.17503219373219367,0.01185
random_11,400,3,0.16468518518518513,0.04378333333333334
random_11,400,4,0.13455266485998185,0.03546056910569095
random_11,400,5,0.12160018214936244,0.017110382513661218
random_11,500,1,0.3802777777777777,0.0104
random_11,500,2,0.3289957264957265,0.0104
random_11,500,3,0.25287037037037036,0.0104
random_11,500,4,0.22490289069557357,0.0104
random_11,500,5,0.19812841530054648,0.0104
random_11,600,1,0.25117222222222224,0.02415
random_11,600,2,0.14985541310541306,0.02415
random_11,600,3,0.2452462962962963,0.02415
random_11,600,4,0.22118125564588975,0.02415
random_11,600,5,0.20429911961141461,0.00493169398907102
random_12,0,1,0.22592592592592597,0.05
random_12,0,2,0.17094017094017094,0.09743589743589744
random_12,0,3,0.06703703703703696,0.025
random_12,0,4,0.05361336946702793,0.030487804878048697
random_12,0,5,0.043746205221615056,0.046994535519125746
random_12,100,1,0.2636018518518518,0.0716
random_12,100,2,0.2020633903133903,0.02655
random_12,100,3,0.19249074074074068,0.044933333333333325
random_12,100,4,0.20002868112014444,0.02655
random_12,100,5,0.1971261384335154,0.01695519125683062
random_12,200,1,0.3418537037037036,0.08465
random_12,200,2,0.3610924501424501,0.033367948717948716
random_12,200,3,0.37317222222222224,0.03138333333333333
random_12,200,4,0.33873672086720863,0.04178983739837398
random_12,200,5,0.29286748633879783,0.0137106557377049
random_12,300,1,0.08934999999999996,0.05355
random_12,300,2,0.2737779202279203,0.07281410256410258
random_12,300,3,0.30609444444444434,0.06719999999999998
random_12,300,4,0.2531224480578138,0.05484227642276421
random_12,300,5,0.22804253187613843,0.055739617486338794
random_12,400,1,0.3293574074074073,0.07188333333333333
random_12,400,2,0.23223603988603989,0.06475
random_12,400,3,0.22702407407407404,0.06475
random_12,400,4,0.15484051490514908,0.0652
random_12,400,5,0.1379583788706739,0.06671311475409837
random_12,500,1,0.04090555555555555,0.005383333333333323
random_12,500,2,0.11782008547008546,0.036132051282051283
random_12,500,3,0.07383148148148148,0.008700000000000013
random_12,500,4,0.0854844173441735,0.011462601626016283
random_12,500,5,0.08335182149362486,0.017636885245901627
random_12,600,1,0.17134999999999995,0.0337
random_12,600,2,0.07629985754985745,0.0337
random_12,600,3,0.08079814814814812,0.0337
random_12,600,4,0.03556616982836498,0.012716260162601634
random_12,600,5,0.036363600485731645,0.015115300546448107
random_13,0,1,0.22592592592592597,0.05
random_13,0,2,0.17094017094017094,0.09743589743589744
random_13,0,3,0.06703703703703696,0.025
random_13,0,4,0.05361336946702793,0.030487804878048697
random_13,0,5,0.043746205221615056,0.046994535519125746
random_13,100,1,0.15728148148148147,0.02585
random_13,100,2,0.17524045584045578,0.025432051282051286
random_13,100,3,0.1287851851851852,0.055383333333333326
random_13,100,4,0.14331093044263776,0.05213130081300811
random_13,100,5,0.14773096539162114,0.03133961748633876
random_13,200,1,0.4165518518518518,0.026433333333333336
random_13,200,2,0.3797900284900285,0.0235
random_13,200,3,0.38092962962962956,0.026899999999999993
random_13,200,4,0.37687371273712733,0.058171138211382124
random_13,200,5,0.3462193078324225,0.05629726775956283
random_13,300,1,0.4303944444444444,0.1477
random_13,300,2,0.41330042735042727,0.0821
random_13,300,3,0.40349814814814816,0.0821
random_13,300,4,0.39395885275519427,0.04957967479674797
random_13,300,5,0.4024295385549484,0.09273715846994532
random_13,400,1,0.4961222222222223,0.1433
random_13,400,2,0.4676321937321936,0.040735897435897436
random_13,400,3,0.4257333333333333,0.05658333333333333
random_13,400,4,0.4176393857271905,0.052957723577235744
random_13,400,5,0.42401396478445647,0.06679726775956288
random_13,500,1,0.1304074074074074,0.03315
random_13,500,2,0.12163789173789184,0.03315
random_13,500,3,0.06512222222222228,0.0309
random_13,500,4,0.05374462511291787,0.03315
random_13,500,5,0.06283278688524593,0.03315
random_13,600,1,0.3953833333333333,0.0289
random_13,600,2,0.35663689458689457,0.0289
random_13,600,3,0.3331611111111112,0.0289
random_13,600,4,0.2479578590785908,0.013620325203252036
random_13,600,5,0.21614836065573773,0.02481584699453552
random_14,0,1,0.22592592592592597,0.05
random_14,0,2,0.17094017094017094,0.09743589743589744
random_14,0,3,0.06703703703703696,0.025
random_14,0,4,0.05361336946702793,0.030487804878048697
random_14,0,5,0.043746205221615056,0.046994535519125746
random_14,100,1,0.2733314814814815,0.02715
random_14,100,2,0.23766851851851856,0.042185897435897415
random_14,100,3,0.268987037037037,0.05328333333333332
random_14,100,4,0.23676192411924118,0.020420325203252036
random_14,100,5,0.20205388585306616,0.03161584699453551
random_14,200,1,0.3364314814814815,0.15735
random_14,200,2,0.2874286324786324,0.13612820512820514
random_14,200,3,0.28453518518518517,0.11766666666666664
random_14,200,4,0.27333373983739834,0.06727967479674796
random_14,200,5,0.2612200667880996,0.07794207650273224
random_14,300,1,0.30467962962962963,0.07575
random_14,300,2,0.2815719373219373,0.0755679487179487
random_14,300,3,0.23806111111111117,0.02845
random_14,300,4,0.23126336946702797,0.031439837398373985
random_14,300,5,0.24343627808136,0.03677103825136612
random_14,400,1,0.18865185185185188,0.0083
random_14,400,2,0.1122985754985755,0.0083
random_14,400,3,0.17877777777777779,0.0083
random_14,400,4,0.11778410117434504,0.0083
random_14,400,5,0.10900170006071647,0.0083
random_14,500,1,0.2637,0.0103
random_14,500,2,0.2580019943019943,0.0103
random_14,500,3,0.22814444444444446,0.0103
random_14,500,4,0.20769277326106594,0.0103
random_14,500,5,0.20798063145112322,0.000320765027322395
random_14,600,1,0.10711111111111109,0.01605
random_14,600,2,0.07064387464387467,0.01605
random_14,600,3,0.09020000000000006,0.0039000000000000007
random_14,600,4,0.0899831978319783,0.01605
random_14,600,5,0.07742525804493014,0.005121038251366122
random_15,0,1,0.22592592592592597,0.05
random_15,0,2,0.17094017094017094,0.09743589743589744
random_15,0,3,0.06703703703703696,0.025
random_15,0,4,0.05361336946702793,0.030487804878048697
random_15,0,5,0.043746205221615056,0.046994535519125746
random_15,100,1,0.12627592592592593,0.02825
random_15,100,2,0.09234943019943023,0.0727
random_15,100,3,0.06955740740740742,0.02825
random_15,100,4,0.048113685636856376,0.03238048780487812
random_15,100,5,0.06185752884031576,0.0179
random_15,200,1,0.6467370370370371,0.03376666666666667
random_15,200,2,0.45254729344729344,0.05445
random_15,200,3,0.4302111111111111,0.02778333333333333
random_15,200,4,0.3659654019873532,0.037018699186991855
random_15,200,5,0.3357848816029144,0.025023497267759542
random_15,300,1,0.5526092592592593,0.1361500000000001
random_15,300,2,0.47739558404558413,0.05661410256410258
random_15,300,3,0.34607592592592595,0.026983333333333318
random_15,300,4,0.28464611562782305,0.03938048780487806
random_15,300,5,0.26027574377656343,0.03431584699453551
random_15,400,1,0.24595925925925924,0.05625
random_15,400,2,0.14507720797720794,0.02045
random_15,400,3,0.11043333333333333,0.02045
random_15,400,4,0.11279900632339654,0.02045
random_15,400,5,0.0895194292653309,0.02045
random_15,500,1,0.30217037037037037,0.0081
random_15,500,2,0.2352444444444444,0.0081
random_15,500,3,0.2550407407407407,0.0081
random_15,500,4,0.23205971093044248,0.0081
random_15,500,5,0.22939411050394654,0.0064603825136611975
random_15,600,1,0.30620185185185184,0.0217
random_15,600,2,0.14430356125356117,0.020175641025640956
random_15,600,3,0.1297166666666666,0.0217
random_15,600,4,0.1367988708220416,0.0054398373983739826
random_15,600,5,0.10949675166970249,0.011086885245901627
random_16,0,1,0.22592592592592597,0.05
random_16,0,2,0.17094017094017094,0.09743589743589744
random_16,0,3,0.06703703703703696,0.025
random_16,0,4,0.05361336946702793,0.030487804878048697
random_16,0,5,0.043746205221615056,0.046994535519125746
random_16,100,1,0.15972962962962964,0.027466666666666667
random_16,100,2,0.1414150997150997,0.028317948717948717
random_16,100,3,0.18854444444444443,0.0263
random_16,100,4,0.20841797651309849,0.02585
random_16,100,5,0.17882981177899215,0.02585
random_16,200,1,0.5387870370370371,0.138
random_16,200,2,0.4145705128205128,0.05024615384615386
random_16,200,3,0.4106981481481482,0.03088333333333333
random_16,200,4,0.4287863143631437,0.0158
random_16,200,5,0.4032178809957499,0.0158
random_16,300,1,0.3628092592592592,0.15471666666666667
random_16,300,2,0.3895938746438746,0.20309230769230777
random_16,300,3,0.3518981481481481,0.11903333333333332
random_16,300,4,0.3358547877145438,0.0832609756097561
random_16,300,5,0.33067167577413475,0.06510546448087431
random_16,400,1,0.26647962962962957,0.08695
random_16,400,2,0.24739529914529917,0.09873589743589743
random_16,400,3,0.26676851851851846,0.08695
random_16,400,4,0.26351648599819333,0.08695
random_16,400,5,0.24393913175470555,0.07602103825136612
random_16,500,1,0.2518925925925926,0.058833333333333335
random_16,500,2,0.18155726495726499,0.050471794871794845
random_16,500,3,0.2232666666666667,0.03216666666666668
random_16,500,4,0.21409503161698284,0.027570325203252036
random_16,500,5,0.18270018214936246,0.0198551912568306
random_16,600,1,0.2556944444444445,0.00825
random_16,600,2,0.26936965811965813,0.00825
random_16,600,3,0.20532407407407416,0.00825
random_16,600,4,0.2087662601626017,0.008010162601626018
random_16,600,5,0.2256886763812994,0.002678961748633876
random_17,0,1,0.22592592592592597,0.05
random_17,0,2,0.17094017094017094,0.09743589743589744
random_17,0,3,0.06703703703703696,0.025
random_17,0,4,0.05361336946702793,0.030487804878048697
random_17,0,5,0.043746205221615056,0.046994535519125746
random_17,100,1,0.2847648148148149,0.02605
random_17,100,2,0.21753233618233617,0.07259615384615388
random_17,100,3,0.20148703703703708,0.02541666666666667
random_17,100,4,0.19390645889792232,0.01735
random_17,100,5,0.17141527018822103,0.026605191256830606
random_17,200,1,0.32303888888888893,0.1017
random_17,200,2,0.2435309116809118,0.0718
random_17,200,3,0.2622203703703704,0.0718
random_17,200,4,0.24964584462511297,0.03927967479674797
random_17,200,5,0.2579108378870674,0.04994207650273225
random_17,300,1,0.25315000000000004,0.1136
random_17,300,2,0.20072834757834762,0.06481794871794871
random_17,300,3,0.25611296296296304,0.08943333333333332
random_17,300,4,0.2668808039747065,0.06130934959349592
random_17,300,5,0.2660218882817244,0.08263415300546448
random_17,400,1,0.31267222222222224,0.10725
random_17,400,2,0.2634537037037037,0.10725
random_17,400,3,0.30970925925925924,0.10725
random_17,400,4,0.3122341915085818,0.07472967479674797
random_17,400,5,0.29988357619914985,0.046464754098360705
random_17,500,1,0.20428148148148143,0.09905
random_17,500,2,0.14844102564102563,0.05355
random_17,500,3,0.1420592592592593,0.06565000000000021
random_17,500,4,0.12008997289972904,0.05355
random_17,500,5,0.12219283545840923,0.05355
random_17,600,1,0.1477796296296296,0.0229
random_17,600,2,0.13700099715099726,0.0229
random_17,600,3,0.10258333333333342,0.0229
random_17,600,4,0.11141630532971997,0.01455
random_17,600,5,0.10626281117182759,0.011971038251366124
random_18,0,1,0.22592592592592597,0.05
random_18,0,2,0.17094017094017094,0.09743589743589744
random_18,0,3,0.06703703703703696,0.025
random_18,0,4,0.05361336946702793,0.030487804878048697
random_18,0,5,0.043746205221615056,0.046994535519125746
random_18,100,1,0.20229074074074074,0.12166666666666667
random_18,100,2,0.17183490028490023,0.042435897435897416
random_18,100,3,0.15102407407407412,0.019
random_18,100,4,0.1771210930442637,0.019
random_18,100,5,0.1834172738312082,0.03701857923497266
random_18,200,1,0.3140092592592594,0.08735
random_18,200,2,0.1404935897435898,0.028338461538461868
random_18,200,3,0.11682777777777781,0.0218
random_18,200,4,0.07332280939476059,0.0218
random_18,200,5,0.09083579234972677,0.035113114754098375
random_18,300,1,0.3691277777777778,0.06936666666666666
random_18,300,2,0.452318660968661,0.0275
random_18,300,3,0.3951944444444444,0.03878333333333332
random_18,300,4,0.3893626467931346,0.04918983739837397
random_18,300,5,0.4167294778384943,0.08685300546448085
random_18,400,1,0.6068759259259259,0.04703333333333333
random_18,400,2,0.5497004273504275,0.043067948717948716
random_18,400,3,0.5090166666666666,0.0404
random_18,400,4,0.5035604787714545,0.03751951219512196
random_18,400,5,0.48300573770491795,0.02947103825136612
random_18,500,1,0.2500814814814815,0.03868333333333333
random_18,500,2,0.15219772079772076,0.04336794871794871
random_18,500,3,0.12082592592592592,0.0356
random_18,500,4,0.11894697380307136,0.03253048780487806
random_18,500,5,0.12223454766241648,0.020736885245901636
random_18,600,1,0.1423407407407407,0.017966666666666242
random_18,600,2,0.19646780626780622,0.04041410256410258
random_18,600,3,0.23612592592592588,0.017850000000000005
random_18,600,4,0.2125025293586269,0.004470325203252037
random_18,600,5,0.2057836672738312,0.0034237704918032713
random_19,0,1,0.22592592592592597,0.05
random_19,0,2,0.17094017094017094,0.09743589743589744
random_19,0,3,0.06703703703703696,0.025
random_19,0,4,0.05361336946702793,0.030487804878048697
random_19,0,5,0.043746205221615056,0.046994535519125746
random_19,100,1,0.25518888888888885,0.13546666666666662
random_19,100,2,0.1799752136752137,0.04451410256410258
random_19,100,3,0.2142703703703704,0.02545
random_19,100,4,0.2147235772357724,0.07203130081300815
random_19,100,5,0.17515421979356402,0.05677814207650267
random_19,200,1,0.5852833333333334,0.11435
random_19,200,2,0.6377049857549858,0.0584
random_19,200,3,0.5438018518518518,0.0584
random_19,200,4,0.5177149503161698,0.02315
random_19,200,5,0.5104806618093503,0.03654207650273225
random_19,300,1,0.12617407407407408,0.04515
random_19,300,2,0.1263153846153846,0.04515
random_19,300,3,0.1305777777777778,0.03135
random_19,300,4,0.13722637759710932,0.028889837398373985
random_19,300,5,0.13577510625379477,0.034221038251366125
random_19,400,1,0.26749259259259256,0.05203333333333332
random_19,400,2,0.177297150997151,0.04027435897435905
random_19,400,3,0.22522222222222218,0.0592
random_19,400,4,0.23367750677506782,0.026679674796747967
random_19,400,5,0.2364911961141469,0.02641311475409837
random_19,500,1,0.3438537037037037,0.0503
random_19,500,2,0.3283351851851852,0.0503
random_19,500,3,0.314587037037037,0.0503
random_19,500,4,0.298977280939476,0.0503
random_19,500,5,0.2630509107468123,0.0503
random_19,600,1,0.2274888888888889,0.020850000000000035
random_19,600,2,0.16131709401709401,0.030432051282051287
random_19,600,3,0.1534148148148149,0.062499999999999986
random_19,600,4,0.20137606142728096,0.03636178861788619
random_19,600,5,0.20421936854887676,0.03236338797814206
random_20,0,1,0.22592592592592597,0.05
random_20,0,2,0.17094017094017094,0.09743589743589744
random_20,0,3,0.06703703703703696,0.025
random_20,0,4,0.05361336946702793,0.030487804878048697
random_20,0,5,0.043746205221615056,0.046994535519125746
random_20,100,1,0.17906481481481484,0.02625
random_20,100,2,0.19332350427350425,0.040585897435897425
random_20,100,3,0.15608703703703697,0.014516666666666669
random_20,100,4,0.14958179765130986,0.020370325203252035
random_20,100,5,0.12560130540376443,0.010573770491803254
random_20,200,1,0.15860185185185177,0.0481
random_20,200,2,0.2082314814814814,0.04163205128205129
random_20,200,3,0.11045370370370372,0.02635
random_20,200,4,0.10587023486901527,0.02635
random_20,200,5,0.12852783849423197,0.026242076502732244
random_20,300,1,0.29097407407407405,0.03145
random_20,300,2,0.3106581196581196,0.03145
random_20,300,3,0.36482592592592594,0.03145
random_20,300,4,0.39900659439927727,0.010628861788617897
random_20,300,5,0.3731493624772313,0.02608934426229509
random_20,400,1,0.23987037037037043,0.044116666666666665
random_20,400,2,0.2253535612535613,0.10727435897435905
random_20,400,3,0.19595185185185188,0.03588333333333335
random_20,400,4,0.2137466124661247,0.02739065040650407
random_20,400,5,0.21309502125075902,0.02152404371584704
random_20,500,1,0.350887037037037,0.11686666666666665
random_20,500,2,0.302824358974359,0.12217948717948723
random_20,500,3,0.3349611111111111,0.1435333333333333
random_20,500,4,0.3158373532068654,0.13637886178861786
random_20,500,5,0.26125528233151185,0.10812349726775952
random_20,600,1,0.39809814814814815,0.16615
random_20,600,2,0.290975641025641,0.06358589743589742
random_20,600,3,0.324024074074074,0.0565
random_20,600,4,0.34383175248419146,0.0565
random_20,600,5,0.33373208864602305,0.03464207650273225
clustered_1,0,1,0.511111111111111,0.2583333333333333
clustered_1,0,2,0.40726495726495726,0.06987179487179487
clustered_1,0,3,0.39444444444444443,0.09333333333333334
clustered_1,0,4,0.3734417344173442,0.13495934959349593
clustered_1,0,5,0.3408621736490589,0.11256830601092899
clustered_1,100,1,0.47764629629629635,0.09616666666666665
clustered_1,100,2,0.39057193732193735,0.04795
clustered_1,100,3,0.39660555555555566,0.08316666666666667
clustered_1,100,4,0.35901883468834694,0.038939024390243895
clustered_1,100,5,0.31829438372799035,0.050026229508196726
clustered_1,200,1,0.48449259259259253,0.2227
clustered_1,200,2,0.47730826210826205,0.08646794871794872
clustered_1,200,3,0.4337481481481481,0.11108333333333334
clustered_1,200,4,0.42941210478771447,0.06998292682926827
clustered_1,200,5,0.40313539769277473,0.08331092896174858
clustered_1,300,1,0.31602962962962966,0.0445833333333332
clustered_1,300,2,0.3415754985754985,0.03155
clustered_1,300,3,0.32151851851851854,0.04033333333333339
clustered_1,300,4,0.3064146341463415,0.03155
clustered_1,300,5,0.27951651487553136,0.03155
clustered_1,400,1,0.1647425925925926,0.06546666666666667
clustered_1,400,2,0.07129529914529915,0.05357948717948746
clustered_1,400,3,0.07129814814814814,0.0591
clustered_1,400,4,0.04668179765130986,0.03522601626016275
clustered_1,400,5,0.04330294474802679,0.0591
clustered_1,500,1,0.27766851851851854,0.13045
clustered_1,500,2,0.2856457264957265,0.13045
clustered_1,500,3,0.2539648148148148,0.13045
clustered_1,500,4,0.26104701897018967,0.12817886178861787
clustered_1,500,5,0.24221010928961745,0.12232868852459017
clustered_1,600,1,0.36596481481481463,0.05918333333333331
clustered_1,600,2,0.3078451566951568,0.1412346153846154
clustered_1,600,3,0.3037425925925926,0.09733333333333331
clustered_1,600,4,0.2837751129177959,0.023642276422764258
clustered_1,600,5,0.29343051001821485,0.05829508196721314
clustered_2,0,1,0.511111111111111,0.2583333333333333
clustered_2,0,2,0.40726495726495726,0.06987179487179487
clustered_2,0,3,0.39444444444444443,0.09333333333333334
clustered_2,0,4,0.3734417344173442,0.13495934959349593
clustered_2,0,5,0.3408621736490589,0.11256830601092899
clustered_2,100,1,0.16693333333333332,0.1188
clustered_2,100,2,0.2669048433048433,0.06751794871794872
clustered_2,100,3,0.21744074074074068,0.06565
clustered_2,100,4,0.17168717253839205,0.0367626016260163
clustered_2,100,5,0.19469896782027946,0.058858196721311484
clustered_2,200,1,0.6814351851851852,0.18890000000000007
clustered_2,200,2,0.5478958689458688,0.06831025641025645
clustered_2,200,3,0.5224092592592592,0.08656666666666668
clustered_2,200,4,0.5039327461607949,0.050369512195121945
clustered_2,200,5,0.48465734669095323,0.06902349726775961
clustered_2,300,1,0.17310185185185184,0.07765
clustered_2,300,2,0.18563746438746442,0.07765
clustered_2,300,3,0.17902777777777776,0.07765
clustered_2,300,4,0.1918913730803974,0.06545
clustered_2,300,5,0.1505153309046752,0.06545
clustered_2,400,1,0.1312222222222222,0.0066
clustered_2,400,2,0.15137806267806267,0.0066
clustered_2,400,3,0.20871481481481483,0.02006666666666667
clustered_2,400,4,0.21533053297199642,0.009660162601626018
clustered_2,400,5,0.20028469945355198,0.004328961748633876
clustered_2,500,1,0.3295685185185185,0.00375
clustered_2,500,2,0.3323141025641026,0.00375
clustered_2,500,3,0.27715740740740746,0.00375
clustered_2,500,4,0.24059010840108405,0.0009337398373984174
clustered_2,500,5,0.24950488767455978,0.00375
clustered_2,600,1,0.03960740740740744,0.00011666666666698688
clustered_2,600,2,0.08576609686609682,0.0017
clustered_2,600,3,0.08958518518518516,0.0017
clustered_2,600,4,0.11717461607949405,0.0017
clustered_2,600,5,0.0751173649058895,0.0017
clustered_3,0,1,0.511111111111111,0.2583333333333333
clustered_3,0,2,0.40726495726495726,0.06987179487179487
clustered_3,0,3,0.39444444444444443,0.09333333333333334
clustered_3,0,4,0.3734417344173442,0.13495934959349593
clustered_3,0,5,0.3408621736490589,0.11256830601092899
clustered_3,100,1,0.2704666666666667,0.0486
clustered_3,100,2,0.2910715099715099,0.07427820512820515
clustered_3,100,3,0.3251814814814814,0.10915
clustered_3,100,4,0.31940009033423666,0.06427195121951218
clustered_3,100,5,0.3528681845780206,0.03767103825136612
clustered_3,200,1,0.37373703703703703,0.16471666666666684
clustered_3,200,2,0.36499116809116816,0.09206794871794871
clustered_3,200,3,0.35677407407407413,0.09001666666666666
clustered_3,200,4,0.33726187895212284,0.07333902439024391
clustered_3,200,5,0.30358646023072255,0.05717622950819673
clustered_3,300,1,0.10069814814814813,0.03755000000000008
clustered_3,300,2,0.24142578347578347,0.06951025641025643
clustered_3,300,3,0.24693518518518523,0.133
clustered_3,300,4,0.19172289972899742,0.133
clustered_3,300,5,0.180438524590164,0.12360245901639341
clustered_3,400,1,0.038601851851851846,0.0095
clustered_3,400,2,0.05511894586894588,0.0095
clustered_3,400,3,0.06351296296296298,0.0095
clustered_3,400,4,0.03185984643179769,0.0095
clustered_3,400,5,0.03356942926533093,0.012357923497267756
clustered_3,500,1,0.24851296296296294,0.0084
clustered_3,500,2,0.16304287749287744,0.0084
clustered_3,500,3,0.17740185185185184,0.0084
clustered_3,500,4,0.14733861788617886,0.0084
clustered_3,500,5,0.1762152094717669,0.002528961748633877
clustered_3,600,1,0.11187407407407408,0.0106
clustered_3,600,2,0.0814316239316239,0.001914102564102571
clustered_3,600,3,0.09849629629629635,0.00601666666666667
clustered_3,600,4,0.09564543812104792,0.01188658536585363
clustered_3,600,5,0.047788342440801455,0.013218306010928979
clustered_4,0,1,0.511111111111111,0.2583333333333333
clustered_4,0,2,0.40726495726495726,0.06987179487179487
clustered_4,0,3,0.39444444444444443,0.09333333333333334
clustered_4,0,4,0.3734417344173442,0.13495934959349593
clustered_4,0,5,0.3408621736490589,0.11256830601092899
clustered_4,100,1,0.45725000000000005,0.05755
clustered_4,100,2,0.36269501424501427,0.05755
clustered_4,100,3,0.3563092592592592,0.05755
clustered_4,100,4,0.26859227642276434,0.04605
clustered_4,100,5,0.2329602610807529,0.04662103825136612
clustered_4,200,1,0.2857185185185186,0.1723
clustered_4,200,2,0.31899145299145304,0.13108589743589744
clustered_4,200,3,0.3449148148148148,0.09230000000000001
clustered_4,200,4,0.3218615176151762,0.10725934959349594
clustered_4,200,5,0.33160576806314507,0.11343142076502735
clustered_4,300,1,0.13905925925925933,0.0483
clustered_4,300,2,0.10553390313390325,0.10554615384615385
clustered_4,300,3,0.11943703703703716,0.05836666666666667
clustered_4,300,4,0.10483902439024399,0.02685
clustered_4,300,5,0.13629933211900422,0.028202732240437144
clustered_4,400,1,0.2538648148148148,0.00785
clustered_4,400,2,0.2173975783475784,0.00785
clustered_4,400,3,0.23730555555555555,0.01881666666666667
clustered_4,400,4,0.21454132791327918,0.008410162601626019
clustered_4,400,5,0.2098617182756527,0.014007923497267753
clustered_4,500,1,0.1543185185185186,0.0059
clustered_4,500,2,0.25089544159544164,0.0059
clustered_4,500,3,0.20646666666666666,0.0059
clustered_4,500,4,0.2657981933152665,0.0059
clustered_4,500,5,0.28374656952034005,0.0059
clustered_4,600,1,0.10887777777777774,0.0057
clustered_4,600,2,0.04278091168091172,0.0057
clustered_4,600,3,0.09702592592592595,0.0057
clustered_4,600,4,0.0543158988256549,0.0057
clustered_4,600,5,0.08149666059502125,0.0057
clustered_5,0,1,0.511111111111111,0.2583333333333333
clustered_5,0,2,0.40726495726495726,0.06987179487179487
clustered_5,0,3,0.39444444444444443,0.09333333333333334
clustered_5,0,4,0.3734417344173442,0.13495934959349593
clustered_5,0,5,0.3408621736490589,0.11256830601092899
clustered_5,100,1,0.28751851851851845,0.04455
clustered_5,100,2,0.20032535612535612,0.06521794871794873
clustered_5,100,3,0.1990518518518518,0.07509999999999999
clustered_5,100,4,0.18598283649503167,0.04455
clustered_5,100,5,0.17920036429872488,0.031105464480874298
clustered_5,200,1,0.5785296296296297,0.1349
clustered_5,200,2,0.4618726495726495,0.15587435897435903
clustered_5,200,3,0.4078555555555556,0.1169
clustered_5,200,4,0.4024214092140922,0.2034040650406504
clustered_5,200,5,0.3783227686703096,0.11383989071038247
clustered_5,300,1,0.1622518518518518,0.08308333333333334
clustered_5,300,2,0.15769344729344728,0.09333974358974356
clustered_5,300,3,0.13262222222222222,0.0947
clustered_5,300,4,0.11280632339656732,0.06166869918699186
clustered_5,300,5,0.11416442015786273,0.08246038251366124
clustered_5,400,1,0.2191870370370371,0.0166
clustered_5,400,2,0.1724633903133904,0.00894230769230775
clustered_5,400,3,0.15400185185185186,0.0166
clustered_5,400,4,0.15342371273712746,0.0166
clustered_5,400,5,0.17377112932604738,0.0166
clustered_5,500,1,0.20529074074074075,0.0062
clustered_5,500,2,0.1927702279202279,0.0062
clustered_5,500,3,0.19957962962962963,0.009149999999999991
clustered_5,500,4,0.18534295392953934,0.010060162601626017
clustered_5,500,5,0.18078181542197944,0.0047289617486338765
clustered_5,600,1,0.26984629629629636,0.0066
clustered_5,600,2,0.29491752136752136,0.0066
clustered_5,600,3,0.29208333333333336,0.0018666666666666554
clustered_5,600,4,0.28608514001806684,0.009660162601626018
clustered_5,600,5,0.2705654219793564,0.004328961748633876
clustered_6,0,1,0.511111111111111,0.2583333333333333
clustered_6,0,2,0.40726495726495726,0.06987179487179487
clustered_6,0,3,0.39444444444444443,0.09333333333333334
clustered_6,0,4,0.3734417344173442,0.13495934959349593
clustered_6,0,5,0.3408621736490589,0.11256830601092899
clustered_6,100,1,0.344225925925926,0.11031666666666667
clustered_6,100,2,0.22405327635327638,0.08422820512820516
clustered_6,100,3,0.11581481481481479,0.022733333333333494
clustered_6,100,4,0.09273694670280057,0.06529308943089432
clustered_6,100,5,0.12989398907103814,0.10309207650273225
clustered_6,200,1,0.47782592592592593,0.1718
clustered_6,200,2,0.43051823361823366,0.12051794871794871
clustered_6,200,3,0.3607111111111111,0.11846666666666666
clustered_6,200,4,0.2998673893405601,0.07892276422764227
clustered_6,200,5,0.29074511232544015,0.08896967213114737
clustered_6,300,1,0.38575925925925936,0.046
clustered_6,300,2,0.17610683760683754,0.01435
clustered_6,300,3,0.10131481481481486,0.01933333333333333
clustered_6,300,4,0.1048786811201445,0.02973983739837398
clustered_6,300,5,0.11411942926533089,0.03507103825136612
clustered_6,400,1,0.15873703703703704,0.0072
clustered_6,400,2,0.18262564102564102,0.0072
clustered_6,400,3,0.15963333333333335,0.0011499999999999982
clustered_6,400,4,0.1332557362240289,0.0072
clustered_6,400,5,0.12976083788706738,0.0072
clustered_6,500,1,0.05617222222222221,0.00815
clustered_6,500,2,0.14568618233618227,0.04313205128205129
clustered_6,500,3,0.1974240740740741,0.0033500000000000196
clustered_6,500,4,0.2217059168925023,0.02437032520325204
clustered_6,500,5,0.20378715846994533,0.02463688524590163
clustered_6,600,1,0.24304259259259264,0.0102
clustered_6,600,2,0.29546424501424506,0.0102
clustered_6,600,3,0.23415370370370367,0.0102
clustered_6,600,4,0.23320022583559175,0.0033077235772357716
clustered_6,600,5,0.24036772920461447,0.0014418032786885637
clustered_7,0,1,0.511111111111111,0.2583333333333333
clustered_7,0,2,0.40726495726495726,0.06987179487179487
clustered_7,0,3,0.39444444444444443,0.09333333333333334
clustered_7,0,4,0.3734417344173442,0.13495934959349593
clustered_7,0,5,0.3408621736490589,0.11256830601092899
clustered_7,100,1,0.34344444444444455,0.11515
clustered_7,100,2,0.380314245014245,0.11515
clustered_7,100,3,0.3177333333333333,0.061816666666666666
clustered_7,100,4,0.2936682926829269,0.08047967479674797
clustered_7,100,5,0.26950018214936244,0.08021311475409837
clustered_7,200,1,0.5622129629629631,0.1871
clustered_7,200,2,0.45453831908831904,0.04474615384615388
clustered_7,200,3,0.53335,0.0509
clustered_7,200,4,0.5445699638663054,0.08494227642276425
clustered_7,200,5,0.5508444140862174,0.05402131147540984
clustered_7,300,1,0.10188703703703703,0.08483333333333333
clustered_7,300,2,0.23749957264957258,0.12068589743589743
clustered_7,300,3,0.23551666666666657,0.04133333333333333
clustered_7,300,4,0.22774837398373984,0.020652439024390234
clustered_7,300,5,0.21169244080145708,0.039045081967213124
clustered_7,400,1,0.05576481481481483,0.007300000000000084
clustered_7,400,2,0.12600185185185186,0.00815
clustered_7,400,3,0.13192777777777775,0.00815
clustered_7,400,4,0.12238848238482387,0.00815
clustered_7,400,5,0.1296448391013965,0.00815
clustered_7,500,1,0.14983518518518513,0.0059
clustered_7,500,2,0.17604601139601148,0.0059
clustered_7,500,3,0.24750555555555553,0.0059
clustered_7,500,4,0.24088785004516705,0.0059
clustered_7,500,5,0.19485224650880387,0.0002234972677595537
clustered_7,600,1,0.1695796296296296,0.0054
clustered_7,600,2,0.09031723646723654,0.0054
clustered_7,600,3,0.07772777777777778,0.0054
clustered_7,600,4,0.059371860885275525,0.0054
clustered_7,600,5,0.02637191863995146,0.0054
clustered_8,0,1,0.511111111111111,0.2583333333333333
clustered_8,0,2,0.40726495726495726,0.06987179487179487
clustered_8,0,3,0.39444444444444443,0.09333333333333334
clustered_8,0,4,0.3734417344173442,0.13495934959349593
clustered_8,0,5,0.3408621736490589,0.11256830601092899
clustered_8,100,1,0.336062962962963,0.0525
clustered_8,100,2,0.3489737891737892,0.0681679487179487
clustered_8,100,3,0.28311851851851844,0.05911666666666666
clustered_8,100,4,0.2768468834688347,0.05438292682926832
clustered_8,100,5,0.30859714632665436,0.06258715846994536
clustered_8,200,1,0.5486537037037036,0.18176666666666666
clustered_8,200,2,0.4795688034188034,0.17151025641025644
clustered_8,200,3,0.4554092592592593,0.23189999999999997
clustered_8,200,4,0.4254378048780487,0.14084308943089427
clustered_8,200,5,0.406334335154827,0.08326612021857924
clustered_8,300,1,0.17125555555555558,0.0441
clustered_8,300,2,0.2009282051282052,0.12653589743589744
clustered_8,300,3,0.1662555555555556,0.09576666666666667
clustered_8,300,4,0.15122393857271912,0.0441
clustered_8,300,5,0.13966156648451727,0.0441
clustered_8,400,1,0.3056481481481482,0.007
clustered_8,400,2,0.2896937321937322,0.007
clustered_8,400,3,0.28490740740740744,0.007
clustered_8,400,4,0.2774638663053297,0.007
clustered_8,400,5,0.2475048573163327,0.0062
clustered_8,500,1,0.11334259259259263,0.00535
clustered_8,500,2,0.13889330484330487,0.002157692307692305
clustered_8,500,3,0.0985277777777778,0.00535
clustered_8,500,4,0.0410915537488708,0.001699593495934959
clustered_8,500,5,0.06695522161505774,0.00535
clustered_8,600,1,0.19532777777777768,0.0055
clustered_8,600,2,0.13043917378917388,0.0055
clustered_8,600,3,0.023598148148148135,0.0055
clustered_8,600,4,0.024400677506775038,0.00488739837398372
clustered_8,600,5,0.016506466302367948,0.0055
clustered_9,0,1,0.511111111111111,0.2583333333333333
clustered_9,0,2,0.40726495726495726,0.06987179487179487
clustered_9,0,3,0.39444444444444443,0.09333333333333334
clustered_9,0,4,0.3734417344173442,0.13495934959349593
clustered_9,0,5,0.3408621736490589,0.11256830601092899
clustered_9,100,1,0.5962981481481481,0.12715
clustered_9,100,2,0.40824116809116806,0.0389
clustered_9,100,3,0.26413148148148147,0.0389
clustered_9,100,4,0.25386779584462504,0.045849186991869934
clustered_9,100,5,0.24356080752884024,0.05064726775956284
clustered_9,200,1,0.33042407407407404,0.11055
clustered_9,200,2,0.3619112535612536,0.08479487179487166
clustered_9,200,3,0.33028703703703705,0.04733333333333334
clustered_9,200,4,0.3274668925022583,0.10087195121951217
clustered_9,200,5,0.31884811778992095,0.07443715846994531
clustered_9,300,1,0.2538574074074074,0.06285
clustered_9,300,2,0.19515398860398864,0.08676410256410258
clustered_9,300,3,0.13840185185185183,0.06420000000000001
clustered_9,300,4,0.08648468834688347,0.04658983739837398
clustered_9,300,5,0.06755892531876144,0.06852923497267804
clustered_9,400,1,0.0832222222222222,0.00635
clustered_9,400,2,0.06612820512820514,0.00635
clustered_9,400,3,0.10936296296296297,0.00635
clustered_9,400,4,0.13059159891598912,0.009910162601626018
clustered_9,400,5,0.11581232544019428,0.0045789617486338766
clustered_9,500,1,0.32675925925925925,0.0034
clustered_9,500,2,0.3028276353276353,0.0034
clustered_9,500,3,0.25752222222222226,0.0034
clustered_9,500,4,0.22132285456187895,0.0034
clustered_9,500,5,0.18116114146933826,0.0034
clustered_9,600,1,0.18114074074074077,0.002
clustered_9,600,2,0.1264398860398861,0.002
clustered_9,600,3,0.1129925925925926,0.002
clustered_9,600,4,0.1175454381210479,0.002
clustered_9,600,5,0.1113907103825137,0.002
clustered_10,0,1,0.511111111111111,0.2583333333333333
clustered_10,0,2,0.40726495726495726,0.06987179487179487
clustered_10,0,3,0.39444444444444443,0.09333333333333334
clustered_10,0,4,0.3734417344173442,0.13495934959349593
clustered_10,0,5,0.3408621736490589,0.11256830601092899
clustered_10,100,1,0.24254074074074067,0.1236
clustered_10,100,2,0.3291504273504273,0.07877820512820516
clustered_10,100,3,0.33724074074074073,0.11365
clustered_10,100,4,0.32892999096657627,0.13656260162601624
clustered_10,100,5,0.2515091074681239,0.0731213114754098
clustered_10,200,1,0.3367833333333334,0.17185
clustered_10,200,2,0.29434202279202276,0.08311025641025643
clustered_10,200,3,0.22992407407407414,0.09185
clustered_10,200,4,0.21363888888888888,0.08237154471544694
clustered_10,200,5,0.20357683667273832,0.12955819672131147
clustered_10,300,1,0.27926296296296305,0.05875
clustered_10,300,2,0.19284843304843313,0.01605
clustered_10,300,3,0.23091111111111115,0.01999999999999999
clustered_10,300,4,0.20790451671183383,0.01095
clustered_10,300,5,0.19938712811171824,0.01300546448087428
clustered_10,400,1,0.20327777777777778,0.00995
clustered_10,400,2,0.14066780626780634,0.04133205128205129
clustered_10,400,3,0.13333333333333333,0.0018666666666666554
clustered_10,400,4,0.10970189701897025,0.02137886178861785
clustered_10,400,5,0.12036429872495447,0.0149814207650273
clustered_10,500,1,0.1477240740740741,0.0039
clustered_10,500,2,0.05244629629629628,0.0039
clustered_10,500,3,0.03783888888888887,0.0009333333333332305
clustered_10,500,4,0.04665551038843721,0.0039
clustered_10,500,5,0.048136399514268284,0.0007786885245901765
clustered_10,600,1,0.12746111111111116,0.0035
clustered_10,600,2,0.08860327635327633,0.0035
clustered_10,600,3,0.08076111111111112,0.0035
clustered_10,600,4,0.05647926829268293,0.0035
clustered_10,600,5,0.08896997571341836,0.0035
clustered_11,0,1,0.511111111111111,0.2583333333333333
clustered_11,0,2,0.40726495726495726,0.06987179487179487
clustered_11,0,3,0.39444444444444443,0.09333333333333334
clustered_11,0,4,0.3734417344173442,0.13495934959349593
clustered_11,0,5,0.3408621736490589,0.11256830601092899
clustered_11,100,1,0.43325555555555556,0.1185
clustered_11,100,2,0.3758834757834758,0.10267820512820515
clustered_11,100,3,0.35195185185185196,0.03849999999999999
clustered_11,100,4,0.3326177958446251,0.03947682926829277
clustered_11,100,5,0.2870952641165756,0.03106830601092897
clustered_11,200,1,0.28357037037037025,0.14675
clustered_11,200,2,0.2587532763532763,0.15635
clustered_11,200,3,0.19058888888888886,0.10301666666666665
clustered_11,200,4,0.2144345980126468,0.09357967479674795
clustered_11,200,5,0.22743740133576196,0.10424207650273223
clustered_11,300,1,0.2894129629629629,0.2526
clustered_11,300,2,0.1800112535612536,0.14863461538461564
clustered_11,300,3,0.23609814814814817,0.17259999999999998
clustered_11,300,4,0.22077746160794945,0.13877886178861787
clustered_11,300,5,0.21778606557377056,0.13238142076502735
clustered_11,400,1,0.07358888888888888,0.04316666666666666
clustered_11,400,2,0.06561652421652422,0.0085
clustered_11,400,3,0.05102962962962962,0.028583333333333332
clustered_11,400,4,0.05811183378500451,0.01556788617886179
clustered_11,400,5,0.09448822100789311,0.013487158469945304
clustered_11,500,1,0.18108333333333335,0.007
clustered_11,500,2,0.19703774928774928,0.007
clustered_11,500,3,0.1963351851851852,0.007
clustered_11,500,4,0.20822136404697378,0.009260162601626019
clustered_11,500,5,0.2023570431086825,0.003928961748633876
clustered_11,600,1,0.20708703703703701,0.0059
clustered_11,600,2,0.2606482905982905,0.0059
clustered_11,600,3,0.21005000000000001,0.0059
clustered_11,600,4,0.17059200542005426,0.0059
clustered_11,600,5,0.16677131147540977,0.0059
clustered_12,0,1,0.511111111111111,0.2583333333333333
clustered_12,0,2,0.40726495726495726,0.06987179487179487
clustered_12,0,3,0.39444444444444443,0.09333333333333334
clustered_12,0,4,0.3734417344173442,0.13495934959349593
clustered_12,0,5,0.3408621736490589,0.11256830601092899
clustered_12,100,1,0.2721685185185185,0.11715
clustered_12,100,2,0.1987992877492878,0.06586794871794871
clustered_12,100,3,0.24734629629629634,0.09123333333333333
clustered_12,100,4,0.1377889340560073,0.05814227642276423
clustered_12,100,5,0.1496656648451731,0.07093715846994539
clustered_12,200,1,0.37738333333333335,0.0906
clustered_12,200,2,0.32703034188034186,0.0906
clustered_12,200,3,0.3202351851851851,0.10066666666666665
clustered_12,200,4,0.28843753387533877,0.07433983739837398
clustered_12,200,5,0.2575758044930176,0.04260027322404372
clustered_12,300,1,0.6061092592592593,0.07291666666666666
clustered_12,300,2,0.6701084045584045,0.0537423076923077
clustered_12,300,3,0.5381425925925925,0.041433333333333336
clustered_12,300,4,0.5220992321589882,0.022472764227642328
clustered_12,300,5,0.44098758348512446,0.013692076502732242
clustered_12,400,1,0.3372425925925926,0.018
clustered_12,400,2,0.32151780626780624,0.03328205128205129
clustered_12,400,3,0.3137685185185185,0.018516666666666667
clustered_12,400,4,0.3068605691056911,0.013467073170731703
clustered_12,400,5,0.313671372191864,0.0038579234972677574
clustered_12,500,1,0.1983203703703704,0.00735
clustered_12,500,2,0.2543807692307693,0.00735
clustered_12,500,3,0.21700185185185183,0.00735
clustered_12,500,4,0.2053047425474255,0.00735
clustered_12,500,5,0.18217489374620524,0.00735
clustered_12,600,1,0.5553925925925927,0.00755
clustered_12,600,2,0.31572592592592585,0.0021923076923077156
clustered_12,600,3,0.2739851851851852,0.00755
clustered_12,600,4,0.27445383920505884,0.00755
clustered_12,600,5,0.2585389192471159,0.00755
clustered_13,0,1,0.511111111111111,0.2583333333333333
clustered_13,0,2,0.40726495726495726,0.06987179487179487
clustered_13,0,3,0.39444444444444443,0.09333333333333334
clustered_13,0,4,0.3734417344173442,0.13495934959349593
clustered_13,0,5,0.3408621736490589,0.11256830601092899
clustered_13,100,1,0.18173333333333327,0.1151
clustered_13,100,2,0.2341549857549857,0.1151
clustered_13,100,3,0.3393777777777778,0.09878333333333333
clustered_13,100,4,0.3465909665763325,0.10918983739837398
clustered_13,100,5,0.3829023679417122,0.048947267759562874
clustered_13,200,1,0.279174074074074,0.23634999999999998
clustered_13,200,2,0.2146031339031339,0.1687923076923077
clustered_13,200,3,0.1435925925925926,0.06453333333333333
clustered_13,200,4,0.17814046973803066,0.07493983739837398
clustered_13,200,5,0.2003834244080146,0.12572267759562838
clustered_13,300,1,0.3136703703703704,0.0574
clustered_13,300,2,0.3031940170940171,0.13111025641025645
clustered_13,300,3,0.28969629629629623,0.06136666666666668
clustered_13,300,4,0.28105998193315274,0.11473902439024387
clustered_13,300,5,0.25069204614450524,0.060492349726775974
clustered_13,400,1,0.08036666666666664,0.00985
clustered_13,400,2,0.061789743589743554,0.00985
clustered_13,400,3,0.05073703703703705,0.00985
clustered_13,400,4,0.02684507678410118,0.00985
clustered_13,400,5,0.03404219793564053,0.00985
clustered_13,500,1,0.2541185185185186,0.0057
clustered_13,500,2,0.2780501424501425,0.0057
clustered_13,500,3,0.2333777777777778,0.0057
clustered_13,500,4,0.240387714543812,0.0057
clustered_13,500,5,0.2023880995749848,0.0057
clustered_13,600,1,0.08875555555555557,0.000200000000000089
clustered_13,600,2,0.11351282051282051,0.0069
clustered_13,600,3,0.0887111111111111,0.0069
clustered_13,600,4,0.08437506775067749,0.0069
clustered_13,600,5,0.06879611414693382,0.0069
clustered_14,0,1,0.511111111111111,0.2583333333333333
clustered_14,0,2,0.40726495726495726,0.06987179487179487
clustered_14,0,3,0.39444444444444443,0.09333333333333334
clustered_14,0,4,0.3734417344173442,0.13495934959349593
clustered_14,0,5,0.3408621736490589,0.11256830601092899
clustered_14,100,1,0.397812962962963,0.07761666666666667
clustered_14,100,2,0.4325856125356127,0.07101794871794873
clustered_14,100,3,0.3667166666666667,0.09538333333333333
clustered_14,100,4,0.3486732158988257,0.057259349593495934
clustered_14,100,5,0.35009486945962365,0.04672103825136612
clustered_14,200,1,0.2624703703703704,0.21315
clustered_14,200,2,0.20013105413105414,0.07616025641025645
clustered_14,200,3,0.1937555555555556,0.05588333333333334
clustered_14,200,4,0.20698626919602542,0.04273089430894328
clustered_14,200,5,0.2109493017607772,0.04921557377049182
clustered_14,300,1,0.35644999999999993,0.13035
clustered_14,300,2,0.3009548433048434,0.19523589743589742
clustered_14,300,3,0.23987222222222218,0.17858333333333332
clustered_14,300,4,0.21284421860885272,0.11355243902439024
clustered_14,300,5,0.21333639951426844,0.05736284153005469
clustered_14,400,1,0.34342407407407405,0.10261666666666666
clustered_14,400,2,0.3051782051282051,0.09236025641025644
clustered_14,400,3,0.29560555555555557,0.05913333333333329
clustered_14,400,4,0.2626516260162601,0.0269
clustered_14,400,5,0.2569639040680024,0.04491038251366121
clustered_14,500,1,0.4019574074074075,0.0052
clustered_14,500,2,0.456913247863248,0.0052
clustered_14,500,3,0.4060870370370371,0.0052
clustered_14,500,4,0.3833950767841012,0.0052
clustered_14,500,5,0.37475643594414093,0.0052
clustered_14,600,1,0.15308703703703705,0.0051
clustered_14,600,2,0.12573660968660963,0.0051
clustered_14,600,3,0.14419814814814813,0.0051
clustered_14,600,4,0.17187655826558268,0.0051
clustered_14,600,5,0.15843008500303582,0.0051
clustered_15,0,1,0.511111111111111,0.2583333333333333
clustered_15,0,2,0.40726495726495726,0.06987179487179487
clustered_15,0,3,0.39444444444444443,0.09333333333333334
clustered_15,0,4,0.3734417344173442,0.13495934959349593
clustered_15,0,5,0.3408621736490589,0.11256830601092899
clustered_15,100,1,0.5243648148148149,0.1244
clustered_15,100,2,0.4042696581196582,0.07311794871794872
clustered_15,100,3,0.375138888888889,0.11015
clustered_15,100,4,0.36140185185185186,0.07561951219512195
clustered_15,100,5,0.3952088949605344,0.04355
clustered_15,200,1,0.20512592592592596,0.07401666666666668
clustered_15,200,2,0.33204501424501426,0.10991794871794872
clustered_15,200,3,0.2837259259259259,0.11521666666666666
clustered_15,200,4,0.236493586269196,0.0636390243902439
clustered_15,200,5,0.2295158469945356,0.05926038251366121
clustered_15,300,1,0.2831740740740741,0.1335
clustered_15,300,2,0.2165612535612536,0.1335
clustered_15,300,3,0.1955925925925927,0.0527
clustered_15,300,4,0.14637850045167122,0.036439837398373975
clustered_15,300,5,0.16690291438979965,0.0374
clustered_15,400,1,0.10379444444444447,0.00735
clustered_15,400,2,0.15166937321937318,0.00735
clustered_15,400,3,0.15326481481481474,0.00735
clustered_15,400,4,0.17411504065040642,0.0035280487804877636
clustered_15,400,5,0.1327093806921675,0.0035789617486338765
clustered_15,500,1,0.08919074074074075,0.0015666666666666607
clustered_15,500,2,0.1663354700854701,0.00465
clustered_15,500,3,0.1036574074074074,0.00465
clustered_15,500,4,0.06933039747064135,0.00465
clustered_15,500,5,0.062370218579234984,0.00465
clustered_15,600,1,0.13116296296296295,6.666666666665932e-05
clustered_15,600,2,0.07760170940170931,0.0037
clustered_15,600,3,0.07782962962962954,0.0037
clustered_15,600,4,0.06810975609756095,0.0037
clustered_15,600,5,0.08582465088038865,1.5573770491827954e-05
clustered_16,0,1,0.511111111111111,0.2583333333333333
clustered_16,0,2,0.40726495726495726,0.06987179487179487
clustered_16,0,3,0.39444444444444443,0.09333333333333334
clustered_16,0,4,0.3734417344173442,0.13495934959349593
clustered_16,0,5,0.3408621736490589,0.11256830601092899
clustered_16,100,1,0.14605555555555566,0.0532
clustered_16,100,2,0.24292165242165253,0.0532
clustered_16,100,3,0.27964814814814826,0.0532
clustered_16,100,4,0.2610569105691057,0.08257967479674796
clustered_16,100,5,0.24091681845780208,0.0532
clustered_16,200,1,0.21149259259259262,0.15075
clustered_16,200,2,0.3028698005698007,0.13081794871794872
clustered_16,200,3,0.26552222222222227,0.12876666666666667
clustered_16,200,4,0.22634182475158088,0.0640288617886179
clustered_16,200,5,0.21508706739526412,0.07424726775956285
clustered_16,300,1,0.27132592592592597,0.10725
clustered_16,300,2,0.22460227920227915,0.1045
clustered_16,300,3,0.23544074074074078,0.07783333333333332
clustered_16,300,4,0.21456305329719966,0.05535162601626016
clustered_16,300,5,0.2259840315725562,0.07854234972677597
clustered_16,400,1,0.09795000000000004,0.00785
clustered_16,400,2,0.1344172364672365,0.007085897435897423
clustered_16,400,3,0.12987962962962965,0.00785
clustered_16,400,4,0.11483798554652215,0.008410162601626019
clustered_16,400,5,0.09102528840315732,0.00395
clustered_16,500,1,0.25367037037037043,0.0055
clustered_16,500,2,0.16957977207977204,0.04578205128205129
clustered_16,500,3,0.18726296296296288,0.0005999999999999894
clustered_16,500,4,0.187407497741644,0.005803252032520301
clustered_16,500,5,0.15773047965998793,0.038215846994535514
clustered_16,600,1,0.1658666666666667,0.0069
clustered_16,600,2,0.12939943019943018,0.006667948717948714
clustered_16,600,3,0.12898148148148147,0.004616666666666665
clustered_16,600,4,0.11301038843721771,0.0069
clustered_16,600,5,0.11606102003642989,0.0069
clustered_17,0,1,0.511111111111111,0.2583333333333333
clustered_17,0,2,0.40726495726495726,0.06987179487179487
clustered_17,0,3,0.39444444444444443,0.09333333333333334
clustered_17,0,4,0.3734417344173442,0.13495934959349593
clustered_17,0,5,0.3408621736490589,0.11256830601092899
clustered_17,100,1,0.34921851851851854,0.14561666666666667
clustered_17,100,2,0.28363931623931626,0.08407820512820514
clustered_17,100,3,0.20960370370370368,0.04505
clustered_17,100,4,0.16085420054200544,0.0773642276422768
clustered_17,100,5,0.14734268366727396,0.05726857923497265
clustered_17,200,1,0.3443203703703704,0.11305
clustered_17,200,2,0.347064245014245,0.11091282051282048
clustered_17,200,3,0.3222648148148148,0.09040000000000004
clustered_17,200,4,0.3195186540198736,0.12341260162601628
clustered_17,200,5,0.29150761991499696,0.07090027322404371
clustered_17,300,1,0.40332962962962954,0.09246666666666667
clustered_17,300,2,0.41394330484330477,0.20541666666666664
clustered_17,300,3,0.40391481481481484,0.07208333333333333
clustered_17,300,4,0.3466790424570912,0.04455
clustered_17,300,5,0.3428560412871888,0.02184754098360657
clustered_17,400,1,0.3062055555555555,0.00625
clustered_17,400,2,0.18540783475783476,0.00625
clustered_17,400,3,0.17879814814814818,0.00625
clustered_17,400,4,0.1487322041553749,0.002
clustered_17,400,5,0.15757167577413483,0.00625
clustered_17,500,1,0.21648333333333333,0.00315
clustered_17,500,2,0.25181096866096864,0.00315
clustered_17,500,3,0.26793888888888895,0.00315
clustered_17,500,4,0.2435125112917796,0.00315
clustered_17,500,5,0.23646347905282333,0.00315
clustered_17,600,1,0.1525833333333333,0.00265
clustered_17,600,2,0.09760925925925928,0.00265
clustered_17,600,3,0.13612777777777776,0.00265
clustered_17,600,4,0.1680699638663054,0.00265
clustered_17,600,5,0.17046900425015177,0.00265
clustered_18,0,1,0.511111111111111,0.2583333333333333
clustered_18,0,2,0.40726495726495726,0.06987179487179487
clustered_18,0,3,0.39444444444444443,0.09333333333333334
clustered_18,0,4,0.3734417344173442,0.13495934959349593
clustered_18,0,5,0.3408621736490589,0.11256830601092899
clustered_18,100,1,0.264424074074074,0.12435
clustered_18,100,2,0.14574601139601145,0.1232
clustered_18,100,3,0.14306111111111103,0.04435
clustered_18,100,4,0.1648858626919602,0.07441951219512194
clustered_18,100,5,0.20703196721311462,0.07948415300546449
clustered_18,200,1,0.4996314814814815,0.14181666666666665
clustered_18,200,2,0.5053853276353277,0.07793589743589742
clustered_18,200,3,0.5178055555555557,0.05346666666666666
clustered_18,200,4,0.49120980126467934,0.06192195121951222
clustered_18,200,5,0.4819394353369763,0.0680002732240437
clustered_18,300,1,0.24736111111111125,0.10138333333333333
clustered_18,300,2,0.1421887464387465,0.05265
clustered_18,300,3,0.23075740740740752,0.05265
clustered_18,300,4,0.27199209575429095,0.04474308943089428
clustered_18,300,5,0.29678217972070436,0.08658415300546449
clustered_18,400,1,0.0901203703703704,0.00775
clustered_18,400,2,0.08697905982905979,0.00775
clustered_18,400,3,0.049372222222222234,0.00775
clustered_18,400,4,0.04061720867208674,0.00775
clustered_18,400,5,0.028971493624772336,0.00775
clustered_18,500,1,0.19748333333333332,0.0048
clustered_18,500,2,0.07896481481481483,0.0048
clustered_18,500,3,0.06504629629629628,0.0048
clustered_18,500,4,0.03575207768744355,0.0048
clustered_18,500,5,0.07840458409228906,0.0048
clustered_18,600,1,0.23733333333333334,0.00575
clustered_18,600,2,0.2384729344729345,0.00575
clustered_18,600,3,0.2165925925925926,0.00575
clustered_18,600,4,0.21818247515808492,0.00575
clustered_18,600,5,0.19768275652701883,0.005178961748633876
clustered_19,0,1,0.511111111111111,0.2583333333333333
clustered_19,0,2,0.40726495726495726,0.06987179487179487
clustered_19,0,3,0.39444444444444443,0.09333333333333334
clustered_19,0,4,0.3734417344173442,0.13495934959349593
clustered_19,0,5,0.3408621736490589,0.11256830601092899
clustered_19,100,1,0.37215740740740744,0.1091
clustered_19,100,2,0.26731410256410254,0.04255
clustered_19,100,3,0.2704425925925925,0.05395
clustered_19,100,4,0.2550842366757,0.04255
clustered_19,100,5,0.23712140255009087,0.04302103825136612
clustered_19,200,1,0.49440370370370373,0.09955
clustered_19,200,2,0.36518091168091177,0.06125384615384616
clustered_19,200,3,0.3711037037037037,0.07288333333333333
clustered_19,200,4,0.3422900632339657,0.07246951219512193
clustered_19,200,5,0.36128233151183975,0.07769207650273224
clustered_19,300,1,0.19639814814814813,0.07246666666666668
clustered_19,300,2,0.10181125356125356,0.06264615384615388
clustered_19,300,3,0.0685166666666667,0.01765
clustered_19,300,4,0.0834790876242096,0.009491463414634138
clustered_19,300,5,0.10322431693989068,0.016155464480874293
clustered_19,400,1,0.08431851851851851,0.00665
clustered_19,400,2,0.043295726495726515,0.00665
clustered_19,400,3,0.03294814814814814,0.00665
clustered_19,400,4,0.03229774164408309,0.00665
clustered_19,400,5,0.0492687310261081,0.00665
clustered_19,500,1,0.4826592592592591,0.00405
clustered_19,500,2,0.35958233618233615,0.00405
clustered_19,500,3,0.37302962962962954,0.00405
clustered_19,500,4,0.29871111111111115,0.00405
clustered_19,500,5,0.2772562841530055,0.00039945355191256526
clustered_19,600,1,0.2770166666666667,0.0037
clustered_19,600,2,0.2689428774928775,0.0037
clustered_19,600,3,0.26348333333333335,0.0037
clustered_19,600,4,0.24148676603432703,0.007727235772357732
clustered_19,600,5,0.24915777170613232,0.007228961748633876
clustered_20,0,1,0.511111111111111,0.2583333333333333
clustered_20,0,2,0.40726495726495726,0.06987179487179487
clustered_20,0,3,0.39444444444444443,0.09333333333333334
clustered_20,0,4,0.3734417344173442,0.13495934959349593
clustered_20,0,5,0.3408621736490589,0.11256830601092899
clustered_20,100,1,0.25763888888888886,0.1254
clustered_20,100,2,0.32145655270655277,0.1254
clustered_20,100,3,0.31720925925925925,0.0568
clustered_20,100,4,0.3360490063233966,0.0568
clustered_20,100,5,0.348464511232544,0.05346338797814208
clustered_20,200,1,0.2133796296296297,0.1674
clustered_20,200,2,0.22729131054131052,0.1554679487179487
clustered_20,200,3,0.18443888888888885,0.04021666666666668
clustered_20,200,4,0.22351476964769645,0.07387195121951223
clustered_20,200,5,0.20678072252580454,0.06426038251366124
clustered_20,300,1,0.21443148148148153,0.11083333333333334
clustered_20,300,2,0.17478589743589745,0.03675769230769227
clustered_20,300,3,0.1338722222222222,0.010816666666666669
clustered_20,300,4,0.1663471093044263,0.08428739837398375
clustered_20,300,5,0.16033469945355183,0.07229508196721307
clustered_20,400,1,0.13359259259259262,0.036216666666666675
clustered_20,400,2,0.05830797720797725,0.03557820512820514
clustered_20,400,3,0.05242962962962963,0.030983333333333363
clustered_20,400,4,0.09340523938572715,0.0451
clustered_20,400,5,0.1115418943533698,0.00561557377049185
clustered_20,500,1,0.3817277777777777,0.00675
clustered_20,500,2,0.3178559829059829,0.00675
clustered_20,500,3,0.2934685185185185,0.00675
clustered_20,500,4,0.25364918699186995,0.00675
clustered_20,500,5,0.2608759259259259,0.00675
clustered_20,600,1,0.13166851851851857,0.00805
clustered_20,600,2,0.17897820512820517,0.00805
clustered_20,600,3,0.06866481481481489,0.0020000000000000018
clustered_20,600,4,0.09848694670280046,0.00805
clustered_20,600,5,0.08930543412264724,0.00805
